
> avaloniaweb-workspace@0.6.2-alpha.1 verify:vendor
> node scripts/verify-vendor.mjs

{"Passed":true,"Files":122,"SkiaSharpWebCommit":"d5a9e8573c747804930eb76a81d05d2c5dde2d3a"}

> avaloniaweb-workspace@0.6.2-alpha.1 test:record
> node scripts/validate-node.mjs

TAP version 13
# Subtest: Animatable transitions apply automatically and release clock/value slots on completion
ok 1 - Animatable transitions apply automatically and release clock/value slots on completion
  ---
  duration_ms: 3.608748
  type: 'test'
  ...
# Subtest: masked base updates retarget from current presentation without temporary target notifications
ok 2 - masked base updates retarget from current presentation without temporary target notifications
  ---
  duration_ms: 1.098281
  type: 'test'
  ...
# Subtest: equal underlying writes and unrelated property changes do not restart an active transition
ok 3 - equal underlying writes and unrelated property changes do not restart an active transition
  ---
  duration_ms: 0.472842
  type: 'test'
  ...
# Subtest: base-priority removal transitions to default rather than the currently animated value
ok 4 - base-priority removal transitions to default rather than the currently animated value
  ---
  duration_ms: 0.506181
  type: 'test'
  ...
# Subtest: observable replacement and updates retain the binding while retargeting
ok 5 - observable replacement and updates retain the binding while retargeting
  ---
  duration_ms: 1.404435
  type: 'test'
  ...
# Subtest: disable cancels immediately, updates without animation and enable establishes a fresh baseline
ok 6 - disable cancels immediately, updates without animation and enable establishes a fresh baseline
  ---
  duration_ms: 0.490769
  type: 'test'
  ...
# Subtest: visual attachment enables transitions and detachment cancels owned instances
ok 7 - visual attachment enables transitions and detachment cancels owned instances
  ---
  duration_ms: 8.265453
  type: 'test'
  ...
# Subtest: collection clear cancels only its own animation and keeps an unrelated explicit slot
ok 8 - collection clear cancels only its own animation and keeps an unrelated explicit slot
  ---
  duration_ms: 0.583537
  type: 'test'
  ...
# Subtest: last matching transition wins and reordering changes future selection
ok 9 - last matching transition wins and reordering changes future selection
  ---
  duration_ms: 0.845226
  type: 'test'
  ...
# Subtest: replacement collection preserves a shared running definition and detaches old owner references
ok 10 - replacement collection preserves a shared running definition and detaches old owner references
  ---
  duration_ms: 3.627046
  type: 'test'
  ...
# Subtest: collection mutation validates duplicate, direct and unknown properties before publication
ok 11 - collection mutation validates duplicate, direct and unknown properties before publication
  ---
  duration_ms: 0.878204
  type: 'test'
  ...
# Subtest: changing a definition target cancels its old property and tracks the new target
ok 12 - changing a definition target cancels its old property and tracks the new target
  ---
  duration_ms: 0.340866
  type: 'test'
  ...
# Subtest: shared transition definitions run independently and release per-owner subscriptions
ok 13 - shared transition definitions run independently and release per-owner subscriptions
  ---
  duration_ms: 0.363841
  type: 'test'
  ...
# Subtest: inherited clock drives descendants without a second scheduling loop
ok 14 - inherited clock drives descendants without a second scheduling loop
  ---
  duration_ms: 1.586188
  type: 'test'
  ...
# Subtest: inherited property removal reveals the inherited base, not an animation snapshot
ok 15 - inherited property removal reveals the inherited base, not an animation snapshot
  ---
  duration_ms: 1.747836
  type: 'test'
  ...
# Subtest: delayed and zero-duration transitions keep one finite subscription and release it
ok 16 - delayed and zero-duration transitions keep one finite subscription and release it
  ---
  duration_ms: 0.43119
  type: 'test'
  ...
# Subtest: malformed easing releases its value slot and reports the failure exactly once
ok 17 - malformed easing releases its value slot and reports the failure exactly once
  ---
  duration_ms: 0.625869
  type: 'test'
  ...
# Subtest: legacy awaitable Apply remains usable and obeys AbortSignal cancellation
ok 18 - legacy awaitable Apply remains usable and obeys AbortSignal cancellation
  ---
  duration_ms: 0.433534
  type: 'test'
  ...
# Subtest: synchronously ticking clock completion does not leak its late subscription
ok 19 - synchronously ticking clock completion does not leak its late subscription
  ---
  duration_ms: 0.337561
  type: 'test'
  ...
# Subtest: reentrant disabling from an easing callback cannot resurrect a transition
ok 20 - reentrant disabling from an easing callback cannot resurrect a transition
  ---
  duration_ms: 0.277362
  type: 'test'
  ...
# Subtest: 1000 retarget/completion cycles have bounded owner lifetime and value-store size
ok 21 - 1000 retarget/completion cycles have bounded owner lifetime and value-store size
  ---
  duration_ms: 34.370515
  type: 'test'
  ...
# Subtest: transition metadata is direct, no-argument duration is zero and easing is linear
ok 22 - transition metadata is direct, no-argument duration is zero and easing is linear
  ---
  duration_ms: 0.255069
  type: 'test'
  ...
# Subtest: SetCurrentValue changes the underlying value during a transition, preserving its priority
ok 23 - SetCurrentValue changes the underlying value during a transition, preserving its priority
  ---
  duration_ms: 0.535445
  type: 'test'
  ...
# Subtest: an inherited base change reaches a child even while that child is animating
ok 24 - an inherited base change reaches a child even while that child is animating
  ---
  duration_ms: 0.492591
  type: 'test'
  ...
# Subtest: brush and transform also share the real Animatable transition foundation
ok 25 - brush and transform also share the real Animatable transition foundation
  ---
  duration_ms: 7.243125
  type: 'test'
  ...
# Subtest: completion restores observation of a mutable effect with equal immutable endpoint values
ok 26 - completion restores observation of a mutable effect with equal immutable endpoint values
  ---
  duration_ms: 1.681006
  type: 'test'
  ...
# Subtest: animation-driven mutable effect radius notifies its owner without replacing the Effect
ok 27 - animation-driven mutable effect radius notifies its owner without replacing the Effect
  ---
  duration_ms: 0.776433
  type: 'test'
  ...
# Subtest: out-of-order transition clock provider disposal never resurrects an obsolete service
ok 28 - out-of-order transition clock provider disposal never resurrects an obsolete service
  ---
  duration_ms: 0.481816
  type: 'test'
  ...
# Subtest: Automation peers are cached, dispatch notifications, and release owner subscriptions
ok 29 - Automation peers are cached, dispatch notifications, and release owner subscriptions
  ---
  duration_ms: 3.385729
  type: 'test'
  ...
# Subtest: Automation XAML metadata, labeled-by cycles and custom peer overrides
ok 30 - Automation XAML metadata, labeled-by cycles and custom peer overrides
  ---
  duration_ms: 7.558423
  type: 'test'
  ...
# Subtest: Invoke/toggle/radio providers enforce disabled and mutually exclusive behavior
ok 31 - Invoke/toggle/radio providers enforce disabled and mutually exclusive behavior
  ---
  duration_ms: 2.538589
  type: 'test'
  ...
# Subtest: Value and range providers preserve password privacy and read-only/range contracts
ok 32 - Value and range providers preserve password privacy and read-only/range contracts
  ---
  duration_ms: 3.579825
  type: 'test'
  ...
# Subtest: Selection peers represent offscreen items without allocating the whole list
ok 33 - Selection peers represent offscreen items without allocating the whole list
  ---
  duration_ms: 15.22729
  type: 'test'
  ...
# Subtest: Table automation exposes actual headers, rows, grid cell identity and current row indices
ok 34 - Table automation exposes actual headers, rows, grid cell identity and current row indices
  ---
  duration_ms: 28.722488
  type: 'test'
  ...
# Subtest: Tree expansion peers update underlying hierarchy and report sibling positions
ok 35 - Tree expansion peers update underlying hierarchy and report sibling positions
  ---
  duration_ms: 7.780181
  type: 'test'
  ...
# Subtest: Scroll and clipping automation use measured viewport and enforce unsupported axes
ok 36 - Scroll and clipping automation use measured viewport and enforce unsupported axes
  ---
  duration_ms: 4.733879
  type: 'test'
  ...
# Subtest: Visual adoption rejects a conflicting logical parent without a partial mutation
ok 37 - Visual adoption rejects a conflicting logical parent without a partial mutation
  ---
  duration_ms: 0.526912
  type: 'test'
  ...
# Subtest: catalog defaults to full isolation with no override
ok 38 - catalog defaults to full isolation with no override
  ---
  duration_ms: 0.675112
  type: 'test'
  ...
# Subtest: catalog keeps explicit single URL override
ok 39 - catalog keeps explicit single URL override
  ---
  duration_ms: 0.196763
  type: 'test'
  ...
# Subtest: catalog keeps explicit render-worker URL override
ok 40 - catalog keeps explicit render-worker URL override
  ---
  duration_ms: 0.083904
  type: 'test'
  ...
# Subtest: catalog keeps explicit full-isolation URL override
ok 41 - catalog keeps explicit full-isolation URL override
  ---
  duration_ms: 0.078346
  type: 'test'
  ...
# Subtest: catalog legacy override precedes the URL
ok 42 - catalog legacy override precedes the URL
  ---
  duration_ms: 0.092728
  type: 'test'
  ...
# Subtest: catalog boot options precede legacy and URL overrides
ok 43 - catalog boot options precede legacy and URL overrides
  ---
  duration_ms: 0.092908
  type: 'test'
  ...
# Subtest: AOT catalog construction, layout and disposal: MainView
ok 44 - AOT catalog construction, layout and disposal: MainView
  ---
  duration_ms: 60.059211
  type: 'test'
  ...
# Subtest: AOT catalog construction, layout and disposal: Accelerator
ok 45 - AOT catalog construction, layout and disposal: Accelerator
  ---
  duration_ms: 2.98299
  type: 'test'
  ...
# Subtest: AOT catalog construction, layout and disposal: Acrylic
ok 46 - AOT catalog construction, layout and disposal: Acrylic
  ---
  duration_ms: 4.463608
  type: 'test'
  ...
# Subtest: AOT catalog construction, layout and disposal: AdornerLayer
ok 47 - AOT catalog construction, layout and disposal: AdornerLayer
  ---
  duration_ms: 8.201718
  type: 'test'
  ...
# Subtest: AOT catalog construction, layout and disposal: AutoCompleteBox
ok 48 - AOT catalog construction, layout and disposal: AutoCompleteBox
  ---
  duration_ms: 4.113158
  type: 'test'
  ...
# Subtest: AOT catalog construction, layout and disposal: BitmapCache
ok 49 - AOT catalog construction, layout and disposal: BitmapCache
  ---
  duration_ms: 7.956833
  type: 'test'
  ...
# Subtest: AOT catalog construction, layout and disposal: Border
ok 50 - AOT catalog construction, layout and disposal: Border
  ---
  duration_ms: 3.083569
  type: 'test'
  ...
# Subtest: AOT catalog construction, layout and disposal: ButtonSpinner
ok 51 - AOT catalog construction, layout and disposal: ButtonSpinner
  ---
  duration_ms: 3.669268
  type: 'test'
  ...
# Subtest: AOT catalog construction, layout and disposal: Buttons
ok 52 - AOT catalog construction, layout and disposal: Buttons
  ---
  duration_ms: 8.522605
  type: 'test'
  ...
# Subtest: AOT catalog construction, layout and disposal: Calendar
ok 53 - AOT catalog construction, layout and disposal: Calendar
  ---
  duration_ms: 6.401506
  type: 'test'
  ...
# Subtest: AOT catalog construction, layout and disposal: CalendarDatePicker
ok 54 - AOT catalog construction, layout and disposal: CalendarDatePicker
  ---
  duration_ms: 6.242379
  type: 'test'
  ...
# Subtest: AOT catalog construction, layout and disposal: Canvas
ok 55 - AOT catalog construction, layout and disposal: Canvas
  ---
  duration_ms: 9.187974
  type: 'test'
  ...
# Subtest: AOT catalog construction, layout and disposal: Carousel
ok 56 - AOT catalog construction, layout and disposal: Carousel
  ---
  duration_ms: 11.139759
  type: 'test'
  ...
# Subtest: AOT catalog construction, layout and disposal: CarouselPage
ok 57 - AOT catalog construction, layout and disposal: CarouselPage
  ---
  duration_ms: 3.193301
  type: 'test'
  ...
# Subtest: AOT catalog construction, layout and disposal: CheckBox
ok 58 - AOT catalog construction, layout and disposal: CheckBox
  ---
  duration_ms: 4.979223
  type: 'test'
  ...
# Subtest: AOT catalog construction, layout and disposal: Clipboard
ok 59 - AOT catalog construction, layout and disposal: Clipboard
  ---
  duration_ms: 4.564107
  type: 'test'
  ...
# Subtest: AOT catalog construction, layout and disposal: ColorPicker
ok 60 - AOT catalog construction, layout and disposal: ColorPicker
  ---
  duration_ms: 5.451955
  type: 'test'
  ...
# Subtest: AOT catalog construction, layout and disposal: ComboBox
ok 61 - AOT catalog construction, layout and disposal: ComboBox
  ---
  duration_ms: 8.278051
  type: 'test'
  ...
# Subtest: AOT catalog construction, layout and disposal: CommandBar
ok 62 - AOT catalog construction, layout and disposal: CommandBar
  ---
  duration_ms: 6.273946
  type: 'test'
  ...
# Subtest: AOT catalog construction, layout and disposal: Composition
ok 63 - AOT catalog construction, layout and disposal: Composition
  ---
  duration_ms: 15.017552
  type: 'test'
  ...
# Subtest: AOT catalog construction, layout and disposal: ContainerQueries
ok 64 - AOT catalog construction, layout and disposal: ContainerQueries
  ---
  duration_ms: 7.863316
  type: 'test'
  ...
# Subtest: AOT catalog construction, layout and disposal: ContentPage
ok 65 - AOT catalog construction, layout and disposal: ContentPage
  ---
  duration_ms: 4.332433
  type: 'test'
  ...
# Subtest: AOT catalog construction, layout and disposal: ContextFlyout
ok 66 - AOT catalog construction, layout and disposal: ContextFlyout
  ---
  duration_ms: 2.66746
  type: 'test'
  ...
# Subtest: AOT catalog construction, layout and disposal: ContextMenu
ok 67 - AOT catalog construction, layout and disposal: ContextMenu
  ---
  duration_ms: 2.375257
  type: 'test'
  ...
# Subtest: AOT catalog construction, layout and disposal: Cursor
ok 68 - AOT catalog construction, layout and disposal: Cursor
  ---
  duration_ms: 6.29026
  type: 'test'
  ...
# Subtest: AOT catalog construction, layout and disposal: CustomDrawing
ok 69 - AOT catalog construction, layout and disposal: CustomDrawing
  ---
  duration_ms: 14.25995
  type: 'test'
  ...
# Subtest: AOT catalog construction, layout and disposal: DataValidation
ok 70 - AOT catalog construction, layout and disposal: DataValidation
  ---
  duration_ms: 7.446938
  type: 'test'
  ...
# Subtest: AOT catalog construction, layout and disposal: DateTimePicker
ok 71 - AOT catalog construction, layout and disposal: DateTimePicker
  ---
  duration_ms: 3.319268
  type: 'test'
  ...
# Subtest: AOT catalog construction, layout and disposal: Dialogs
ok 72 - AOT catalog construction, layout and disposal: Dialogs
  ---
  duration_ms: 8.644476
  type: 'test'
  ...
# Subtest: AOT catalog construction, layout and disposal: DragDrop
ok 73 - AOT catalog construction, layout and disposal: DragDrop
  ---
  duration_ms: 3.127093
  type: 'test'
  ...
# Subtest: AOT catalog construction, layout and disposal: DrawerPage
ok 74 - AOT catalog construction, layout and disposal: DrawerPage
  ---
  duration_ms: 2.724235
  type: 'test'
  ...
# Subtest: AOT catalog construction, layout and disposal: Expander
ok 75 - AOT catalog construction, layout and disposal: Expander
  ---
  duration_ms: 4.727389
  type: 'test'
  ...
# Subtest: AOT catalog construction, layout and disposal: FlexPanel
ok 76 - AOT catalog construction, layout and disposal: FlexPanel
  ---
  duration_ms: 2.385682
  type: 'test'
  ...
# Subtest: AOT catalog construction, layout and disposal: Flyouts
ok 77 - AOT catalog construction, layout and disposal: Flyouts
  ---
  duration_ms: 2.025147
  type: 'test'
  ...
# Subtest: AOT catalog construction, layout and disposal: Focus
ok 78 - AOT catalog construction, layout and disposal: Focus
  ---
  duration_ms: 6.143753
  type: 'test'
  ...
# Subtest: AOT catalog construction, layout and disposal: Gestures
ok 79 - AOT catalog construction, layout and disposal: Gestures
  ---
  duration_ms: 8.031676
  type: 'test'
  ...
# Subtest: AOT catalog construction, layout and disposal: HeaderedContentControl
ok 80 - AOT catalog construction, layout and disposal: HeaderedContentControl
  ---
  duration_ms: 3.985508
  type: 'test'
  ...
# Subtest: AOT catalog construction, layout and disposal: Image
ok 81 - AOT catalog construction, layout and disposal: Image
  ---
  duration_ms: 3.01
  type: 'test'
  ...
# Subtest: AOT catalog construction, layout and disposal: Label
ok 82 - AOT catalog construction, layout and disposal: Label
  ---
  duration_ms: 4.562725
  type: 'test'
  ...
# Subtest: AOT catalog construction, layout and disposal: LayoutTransformControl
ok 83 - AOT catalog construction, layout and disposal: LayoutTransformControl
  ---
  duration_ms: 5.239542
  type: 'test'
  ...
# Subtest: AOT catalog construction, layout and disposal: ListBox
ok 84 - AOT catalog construction, layout and disposal: ListBox
  ---
  duration_ms: 9.211177
  type: 'test'
  ...
# Subtest: AOT catalog construction, layout and disposal: Menu
ok 85 - AOT catalog construction, layout and disposal: Menu
  ---
  duration_ms: 3.498384
  type: 'test'
  ...
# Subtest: AOT catalog construction, layout and disposal: NativeEmbed
ok 86 - AOT catalog construction, layout and disposal: NativeEmbed
  ---
  duration_ms: 7.68453
  type: 'test'
  ...
# Subtest: AOT catalog construction, layout and disposal: NavigationPage
ok 87 - AOT catalog construction, layout and disposal: NavigationPage
  ---
  duration_ms: 3.956522
  type: 'test'
  ...
# Subtest: AOT catalog construction, layout and disposal: Notifications
ok 88 - AOT catalog construction, layout and disposal: Notifications
  ---
  duration_ms: 1.745351
  type: 'test'
  ...
# Subtest: AOT catalog construction, layout and disposal: NumericUpDown
ok 89 - AOT catalog construction, layout and disposal: NumericUpDown
  ---
  duration_ms: 14.159575
  type: 'test'
  ...
# Subtest: AOT catalog construction, layout and disposal: OpenGL
ok 90 - AOT catalog construction, layout and disposal: OpenGL
  ---
  duration_ms: 4.888499
  type: 'test'
  ...
# Subtest: AOT catalog construction, layout and disposal: OpenGLInterop
ok 91 - AOT catalog construction, layout and disposal: OpenGLInterop
  ---
  duration_ms: 8.813567
  type: 'test'
  ...
# Subtest: AOT catalog construction, layout and disposal: OpenGLLease
ok 92 - AOT catalog construction, layout and disposal: OpenGLLease
  ---
  duration_ms: 6.569594
  type: 'test'
  ...
# Subtest: AOT catalog construction, layout and disposal: PipsPager
ok 93 - AOT catalog construction, layout and disposal: PipsPager
  ---
  duration_ms: 2.500463
  type: 'test'
  ...
# Subtest: AOT catalog construction, layout and disposal: PlatformInformation
ok 94 - AOT catalog construction, layout and disposal: PlatformInformation
  ---
  duration_ms: 2.432472
  type: 'test'
  ...
# Subtest: AOT catalog construction, layout and disposal: PlatformSettings
ok 95 - AOT catalog construction, layout and disposal: PlatformSettings
  ---
  duration_ms: 1.608028
  type: 'test'
  ...
# Subtest: AOT catalog construction, layout and disposal: Pointers
ok 96 - AOT catalog construction, layout and disposal: Pointers
  ---
  duration_ms: 1.807504
  type: 'test'
  ...
# Subtest: AOT catalog construction, layout and disposal: ProgressBar
ok 97 - AOT catalog construction, layout and disposal: ProgressBar
  ---
  duration_ms: 3.364418
  type: 'test'
  ...
# Subtest: AOT catalog construction, layout and disposal: RadioButton
ok 98 - AOT catalog construction, layout and disposal: RadioButton
  ---
  duration_ms: 2.934828
  type: 'test'
  ...
# Subtest: AOT catalog construction, layout and disposal: RefreshContainer
ok 99 - AOT catalog construction, layout and disposal: RefreshContainer
  ---
  duration_ms: 4.477749
  type: 'test'
  ...
# Subtest: AOT catalog construction, layout and disposal: RelativePanel
ok 100 - AOT catalog construction, layout and disposal: RelativePanel
  ---
  duration_ms: 5.632514
  type: 'test'
  ...
# Subtest: AOT catalog construction, layout and disposal: Screens
ok 101 - AOT catalog construction, layout and disposal: Screens
  ---
  duration_ms: 6.276572
  type: 'test'
  ...
# Subtest: AOT catalog construction, layout and disposal: ScrollViewer
ok 102 - AOT catalog construction, layout and disposal: ScrollViewer
  ---
  duration_ms: 18.315636
  type: 'test'
  ...
# Subtest: AOT catalog construction, layout and disposal: Slider
ok 103 - AOT catalog construction, layout and disposal: Slider
  ---
  duration_ms: 29.253326
  type: 'test'
  ...
# Subtest: AOT catalog construction, layout and disposal: SplitView
ok 104 - AOT catalog construction, layout and disposal: SplitView
  ---
  duration_ms: 3.344266
  type: 'test'
  ...
# Subtest: AOT catalog construction, layout and disposal: TabControl
ok 105 - AOT catalog construction, layout and disposal: TabControl
  ---
  duration_ms: 2.674581
  type: 'test'
  ...
# Subtest: AOT catalog construction, layout and disposal: TabStrip
ok 106 - AOT catalog construction, layout and disposal: TabStrip
  ---
  duration_ms: 2.366154
  type: 'test'
  ...
# Subtest: AOT catalog construction, layout and disposal: TabbedPage
ok 107 - AOT catalog construction, layout and disposal: TabbedPage
  ---
  duration_ms: 2.314126
  type: 'test'
  ...
# Subtest: AOT catalog construction, layout and disposal: TableView
ok 108 - AOT catalog construction, layout and disposal: TableView
  ---
  duration_ms: 5.903817
  type: 'test'
  ...
# Subtest: AOT catalog construction, layout and disposal: TextBlock
ok 109 - AOT catalog construction, layout and disposal: TextBlock
  ---
  duration_ms: 2.677185
  type: 'test'
  ...
# Subtest: AOT catalog construction, layout and disposal: TextBox
ok 110 - AOT catalog construction, layout and disposal: TextBox
  ---
  duration_ms: 8.617356
  type: 'test'
  ...
# Subtest: AOT catalog construction, layout and disposal: ThemeVariants
ok 111 - AOT catalog construction, layout and disposal: ThemeVariants
  ---
  duration_ms: 3.658643
  type: 'test'
  ...
# Subtest: AOT catalog construction, layout and disposal: ToggleSwitch
ok 112 - AOT catalog construction, layout and disposal: ToggleSwitch
  ---
  duration_ms: 9.051978
  type: 'test'
  ...
# Subtest: AOT catalog construction, layout and disposal: ToolTip
ok 113 - AOT catalog construction, layout and disposal: ToolTip
  ---
  duration_ms: 3.159391
  type: 'test'
  ...
# Subtest: AOT catalog construction, layout and disposal: TransitioningContentControl
ok 114 - AOT catalog construction, layout and disposal: TransitioningContentControl
  ---
  duration_ms: 2.582715
  type: 'test'
  ...
# Subtest: AOT catalog construction, layout and disposal: TreeView
ok 115 - AOT catalog construction, layout and disposal: TreeView
  ---
  duration_ms: 3.998197
  type: 'test'
  ...
# Subtest: AOT catalog construction, layout and disposal: Viewbox
ok 116 - AOT catalog construction, layout and disposal: Viewbox
  ---
  duration_ms: 3.995312
  type: 'test'
  ...
# Subtest: AOT catalog construction, layout and disposal: WindowCustomizations
ok 117 - AOT catalog construction, layout and disposal: WindowCustomizations
  ---
  duration_ms: 3.099583
  type: 'test'
  ...
# Subtest: AOT catalog construction, layout and disposal: WrapPanel
ok 118 - AOT catalog construction, layout and disposal: WrapPanel
  ---
  duration_ms: 4.166637
  type: 'test'
  ...
# Subtest: catalog coverage manifest does not claim all upstream subexamples
ok 119 - catalog coverage manifest does not claim all upstream subexamples
  ---
  duration_ms: 0.174118
  type: 'test'
  ...
# Subtest: CompiledBindingExtension creates an executable incremental expression, not the reflection expression
ok 120 - CompiledBindingExtension creates an executable incremental expression, not the reflection expression
  ---
  duration_ms: 10.198103
  type: 'test'
  ...
# Subtest: compiled nested leaf updates do not reread ancestors or recreate subscriptions
ok 121 - compiled nested leaf updates do not reread ancestors or recreate subscriptions
  ---
  duration_ms: 1.924768
  type: 'test'
  ...
# Subtest: compiled branch replacement detaches only the obsolete suffix
ok 122 - compiled branch replacement detaches only the obsolete suffix
  ---
  duration_ms: 1.318248
  type: 'test'
  ...
# Subtest: compiled paths preserve terminal null and TargetNullValue without treating it as missing
ok 123 - compiled paths preserve terminal null and TargetNullValue without treating it as missing
  ---
  duration_ms: 0.697646
  type: 'test'
  ...
# Subtest: null intermediate compiled paths recover when the branch appears
ok 124 - null intermediate compiled paths recover when the branch appears
  ---
  duration_ms: 0.877392
  type: 'test'
  ...
# Subtest: compiled TwoWay setters reread normalized source values after assignment
ok 125 - compiled TwoWay setters reread normalized source values after assignment
  ---
  duration_ms: 1.516882
  type: 'test'
  ...
# Subtest: compiled delegates and declared read-only accessors are enforced
ok 126 - compiled delegates and declared read-only accessors are enforced
  ---
  duration_ms: 1.737921
  type: 'test'
  ...
# Subtest: compiled observable streams switch subscriptions and continue through emitted objects
ok 127 - compiled observable streams switch subscriptions and continue through emitted objects
  ---
  duration_ms: 0.827143
  type: 'test'
  ...
# Subtest: compiled Promise streams ignore stale completions after replacement
ok 128 - compiled Promise streams ignore stale completions after replacement
  ---
  duration_ms: 0.757686
  type: 'test'
  ...
# Subtest: compiled Promise rejection publishes fallback and exposes the binding error
ok 129 - compiled Promise rejection publishes fallback and exposes the binding error
  ---
  duration_ms: 1.729378
  type: 'test'
  ...
# Subtest: compiled stream disposal rejects late results and releases child observers
ok 130 - compiled stream disposal rejects late results and releases child observers
  ---
  duration_ms: 0.51835
  type: 'test'
  ...
# Subtest: compiled OneTime bindings release stream subscriptions after the first real value
ok 131 - compiled OneTime bindings release stream subscriptions after the first real value
  ---
  duration_ms: 0.449027
  type: 'test'
  ...
# Subtest: builder ArrayElement, TypeCast and Not compose executable operations
ok 132 - builder ArrayElement, TypeCast and Not compose executable operations
  ---
  duration_ms: 0.687381
  type: 'test'
  ...
# Subtest: compiled self, templated parent and namescope roots resolve without DataContext
ok 133 - compiled self, templated parent and namescope roots resolve without DataContext
  ---
  duration_ms: 1.604598
  type: 'test'
  ...
# Subtest: compiled command dependencies notify CanExecuteChanged and dispose observers
ok 134 - compiled command dependencies notify CanExecuteChanged and dispose observers
  ---
  duration_ms: 1.459958
  type: 'test'
  ...
# Subtest: compiled paths reject unsafe names and preserve carets inside quoted map keys
ok 135 - compiled paths reject unsafe names and preserve carets inside quoted map keys
  ---
  duration_ms: 0.934738
  type: 'test'
  ...
# Subtest: runtime XAML and emitted AOT modules both execute compiled stream bindings
ok 136 - runtime XAML and emitted AOT modules both execute compiled stream bindings
  ---
  duration_ms: 9.382391
  type: 'test'
  ...
# Subtest: compiled accessor factories observe, set and dispose without retaining obsolete branches
ok 137 - compiled accessor factories observe, set and dispose without retaining obsolete branches
  ---
  duration_ms: 1.432708
  type: 'test'
  ...
# Subtest: compiled accessor errors are cleared by the next successful value
ok 138 - compiled accessor errors are cleared by the next successful value
  ---
  duration_ms: 0.917683
  type: 'test'
  ...
# Subtest: OneWayToSource preserves the initial target and keeps an active source-only priority entry
ok 139 - OneWayToSource preserves the initial target and keeps an active source-only priority entry
  ---
  duration_ms: 1.745552
  type: 'test'
  ...
# Subtest: compiled explicit source updates do not write before UpdateSource is requested
ok 140 - compiled explicit source updates do not write before UpdateSource is requested
  ---
  duration_ms: 0.72707
  type: 'test'
  ...
# Subtest: compiled builder validates casts and can evaluate nullable getter delegates
ok 141 - compiled builder validates casts and can evaluate nullable getter delegates
  ---
  duration_ms: 1.185079
  type: 'test'
  ...
# Subtest: composition Scalar properties distinguish type, copy values and expose status
ok 142 - composition Scalar properties distinguish type, copy values and expose status
  ---
  duration_ms: 2.930251
  type: 'test'
  ...
# Subtest: composition Boolean properties distinguish type, copy values and expose status
ok 143 - composition Boolean properties distinguish type, copy values and expose status
  ---
  duration_ms: 0.306305
  type: 'test'
  ...
# Subtest: composition Color properties distinguish type, copy values and expose status
ok 144 - composition Color properties distinguish type, copy values and expose status
  ---
  duration_ms: 0.577578
  type: 'test'
  ...
# Subtest: composition Vector2 properties distinguish type, copy values and expose status
ok 145 - composition Vector2 properties distinguish type, copy values and expose status
  ---
  duration_ms: 0.195039
  type: 'test'
  ...
# Subtest: composition Vector3 properties distinguish type, copy values and expose status
ok 146 - composition Vector3 properties distinguish type, copy values and expose status
  ---
  duration_ms: 0.333996
  type: 'test'
  ...
# Subtest: composition Vector4 properties distinguish type, copy values and expose status
ok 147 - composition Vector4 properties distinguish type, copy values and expose status
  ---
  duration_ms: 0.218194
  type: 'test'
  ...
# Subtest: composition Quaternion properties distinguish type, copy values and expose status
ok 148 - composition Quaternion properties distinguish type, copy values and expose status
  ---
  duration_ms: 0.217994
  type: 'test'
  ...
# Subtest: composition Matrix3x2 properties distinguish type, copy values and expose status
ok 149 - composition Matrix3x2 properties distinguish type, copy values and expose status
  ---
  duration_ms: 0.32983
  type: 'test'
  ...
# Subtest: composition Matrix4x4 properties distinguish type, copy values and expose status
ok 150 - composition Matrix4x4 properties distinguish type, copy values and expose status
  ---
  duration_ms: 0.480343
  type: 'test'
  ...
# Subtest: composition Quaternion and Vector4 keep distinct declared tags, including overwriting the same key
ok 151 - composition Quaternion and Vector4 keep distinct declared tags, including overwriting the same key
  ---
  duration_ms: 0.493533
  type: 'test'
  ...
# Subtest: composition values reject nonfinite components and invalid keys before changing prior data
ok 152 - composition values reject nonfinite components and invalid keys before changing prior data
  ---
  duration_ms: 0.659449
  type: 'test'
  ...
# Subtest: typed animation parameters are copied, cleared and reject foreign/disposed references
ok 153 - typed animation parameters are copied, cleared and reject foreign/disposed references
  ---
  duration_ms: 1.794374
  type: 'test'
  ...
# Subtest: animation group is a client CompositionObject with Remove/RemoveAll and does not own supplied animations
ok 154 - animation group is a client CompositionObject with Remove/RemoveAll and does not own supplied animations
  ---
  duration_ms: 0.347075
  type: 'test'
  ...
# Subtest: animation group starts every member at the identical clock instant and clones parameter ownership
ok 155 - animation group starts every member at the identical clock instant and clones parameter ownership
  ---
  duration_ms: 0.773017
  type: 'test'
  ...
# Subtest: invalid group target leaves prior running animations unchanged
ok 156 - invalid group target leaves prior running animations unchanged
  ---
  duration_ms: 0.663766
  type: 'test'
  ...
# Subtest: single targeted animation supports StartAnimationGroup and stopping one component preserves another
ok 157 - single targeted animation supports StartAnimationGroup and stopping one component preserves another
  ---
  duration_ms: 0.701412
  type: 'test'
  ...
# Subtest: typed parameters and grouped animations execute on isolated server state through binary transport
ok 158 - typed parameters and grouped animations execute on isolated server state through binary transport
  ---
  duration_ms: 11.987111
  type: 'test'
  ...
# Subtest: composition snapshots publish atomically at commit, not at property assignment
ok 159 - composition snapshots publish atomically at commit, not at property assignment
  ---
  duration_ms: 3.679924
  type: 'test'
  ...
# Subtest: visual collections reject duplicate parents, cycles, and cross-compositor resources
ok 160 - visual collections reject duplicate parents, cycles, and cross-compositor resources
  ---
  duration_ms: 0.787509
  type: 'test'
  ...
# Subtest: scalar keyframes are deterministic and cancellation restores the base property
ok 161 - scalar keyframes are deterministic and cancellation restores the base property
  ---
  duration_ms: 1.215675
  type: 'test'
  ...
# Subtest: keyframe clocks stop after completion and retain final presentation state
ok 162 - keyframe clocks stop after completion and retain final presentation state
  ---
  duration_ms: 0.396299
  type: 'test'
  ...
# Subtest: alternating keyframes and delay use the injected clock
ok 163 - alternating keyframes and delay use the injected clock
  ---
  duration_ms: 0.509737
  type: 'test'
  ...
# Subtest: expression parser supports vectors, arithmetic, functions and lazy conditionals
ok 164 - expression parser supports vectors, arithmetic, functions and lazy conditionals
  ---
  duration_ms: 1.737721
  type: 'test'
  ...
# Subtest: expression references observe committed property-set values
ok 165 - expression references observe committed property-set values
  ---
  duration_ms: 0.921739
  type: 'test'
  ...
# Subtest: custom visuals receive queued messages before rendering
ok 166 - custom visuals receive queued messages before rendering
  ---
  duration_ms: 0.499041
  type: 'test'
  ...
# Subtest: commit failures reject the batch and do not strand subsequent commits
ok 167 - commit failures reject the batch and do not strand subsequent commits
  ---
  duration_ms: 0.403449
  type: 'test'
  ...
# Subtest: disposing a compositor rejects pending batches and disposes its object graph
ok 168 - disposing a compositor rejects pending batches and disposes its object graph
  ---
  duration_ms: 0.380204
  type: 'test'
  ...
# Subtest: compositor disposal clears events and invokes custom handler disposal only once
ok 169 - compositor disposal clears events and invokes custom handler disposal only once
  ---
  duration_ms: 0.182762
  type: 'test'
  ...
# Subtest: container query grammar validates full input, axes, and Boolean precedence
ok 170 - container query grammar validates full input, axes, and Boolean precedence
  ---
  duration_ms: 4.561615
  type: 'test'
  ...
# Subtest: ancestor resize applies and removes query setters without replacing local values
ok 171 - ancestor resize applies and removes query setters without replacing local values
  ---
  duration_ms: 4.841168
  type: 'test'
  ...
# Subtest: XAML Container attached properties and conditional children instantiate
ok 172 - XAML Container attached properties and conditional children instantiate
  ---
  duration_ms: 5.613856
  type: 'test'
  ...
# (node:4619) ExperimentalWarning: The MockTimers API is an experimental feature and might change at any time
# (Use `node --trace-warnings ...` to show where the warning was created)
# Subtest: dispatcher priority values and invalid sentinels match Avalonia
ok 173 - dispatcher priority values and invalid sentinels match Avalonia
  ---
  duration_ms: 1.615369
  type: 'test'
  ...
# Subtest: dispatcher orders active work by priority and stable original FIFO after reprioritization
ok 174 - dispatcher orders active work by priority and stable original FIFO after reprioritization
  ---
  duration_ms: 1.304978
  type: 'test'
  ...
# Subtest: inactive operations remain pending without host wakeups until explicitly promoted
ok 175 - inactive operations remain pending without host wakeups until explicitly promoted
  ---
  duration_ms: 0.305013
  type: 'test'
  ...
# Subtest: InvokeAsync operations expose lazy tasks, statuses, results and one completion event
ok 176 - InvokeAsync operations expose lazy tasks, statuses, results and one completion event
  ---
  duration_ms: 0.377901
  type: 'test'
  ...
# Subtest: queued abortion removes work and callback immediately and settles lazy task exactly once
ok 177 - queued abortion removes work and callback immediately and settles lazy task exactly once
  ---
  duration_ms: 0.391502
  type: 'test'
  ...
# Subtest: cancellation before enqueue and after enqueue preserves reason and never dispatches
ok 178 - cancellation before enqueue and after enqueue preserves reason and never dispatches
  ---
  duration_ms: 0.371421
  type: 'test'
  ...
# Subtest: executing work detaches cancellation without treating a late abort as a pending cancellation
ok 179 - executing work detaches cancellation without treating a late abort as a pending cancellation
  ---
  duration_ms: 0.338783
  type: 'test'
  ...
# Subtest: callback fault completes operation but rejects Task and Result without dispatcher unhandled event
ok 180 - callback fault completes operation but rejects Task and Result without dispatcher unhandled event
  ---
  duration_ms: 0.37743
  type: 'test'
  ...
# Subtest: async result assimilation does not block subsequent dispatcher jobs
ok 181 - async result assimilation does not block subsequent dispatcher jobs
  ---
  duration_ms: 0.366484
  type: 'test'
  ...
# Subtest: self-return and hostile then getter reject without leaving executing operations
ok 182 - self-return and hostile then getter reject without leaving executing operations
  ---
  duration_ms: 0.542946
  type: 'test'
  ...
# Subtest: handled Post exceptions continue draining while unhandled errors leave remaining queue usable
ok 183 - handled Post exceptions continue draining while unhandled errors leave remaining queue usable
  ---
  duration_ms: 0.297792
  type: 'test'
  ...
# Subtest: exception filter can refuse catching a Post error
ok 184 - exception filter can refuse catching a Post error
  ---
  duration_ms: 0.140328
  type: 'test'
  ...
# Subtest: automatic dispatch yields to host by job count without spinning a microtask queue
ok 185 - automatic dispatch yields to host by job count without spinning a microtask queue
  ---
  duration_ms: 0.312364
  type: 'test'
  ...
# Subtest: automatic dispatch also yields on elapsed budget
ok 186 - automatic dispatch also yields on elapsed budget
  ---
  duration_ms: 0.151344
  type: 'test'
  ...
# Subtest: nested processing suspension defers dispatch and re-enables only after last disposal
ok 187 - nested processing suspension defers dispatch and re-enables only after last disposal
  ---
  duration_ms: 0.18903
  type: 'test'
  ...
# Subtest: indexed priority heap agrees with stable reference under 10000 adversarial mutations
ok 188 - indexed priority heap agrees with stable reference under 10000 adversarial mutations
  ---
  duration_ms: 159.781471
  type: 'test'
  ...
# Subtest: shutdown aborts pending and future operations, announces ordered events and tolerates observer failures
ok 189 - shutdown aborts pending and future operations, announces ordered events and tolerates observer failures
  ---
  duration_ms: 0.686138
  type: 'test'
  ...
# Subtest: same-realm Send Invoke is synchronous and unsupported nested-loop priorities fail explicitly
ok 190 - same-realm Send Invoke is synchronous and unsupported nested-loop priorities fail explicitly
  ---
  duration_ms: 0.337271
  type: 'test'
  ...
# Subtest: AwaitWithPriority queues continuation result at the requested priority
ok 191 - AwaitWithPriority queues continuation result at the requested priority
  ---
  duration_ms: 0.307066
  type: 'test'
  ...
# Subtest: timer maintains at most one queued tick while dispatcher delivery is blocked
ok 192 - timer maintains at most one queued tick while dispatcher delivery is blocked
  ---
  duration_ms: 0.995108
  type: 'test'
  ...
# Subtest: timer Stop/Start, interval change and priority promotion cannot revive stale ticks
ok 193 - timer Stop/Start, interval change and priority promotion cannot revive stale ticks
  ---
  duration_ms: 0.304112
  type: 'test'
  ...
# Subtest: timer stops at dispatcher shutdown and RunOnce disposes even on callback failure
ok 194 - timer stops at dispatcher shutdown and RunOnce disposes even on callback failure
  ---
  duration_ms: 0.363019
  type: 'test'
  ...
# Subtest: drawing state tokens reject out-of-order disposal without consuming the token
ok 195 - drawing state tokens reject out-of-order disposal without consuming the token
  ---
  duration_ms: 2.352092
  type: 'test'
  ...
# Subtest: drawing push failure leaves no logical state and invalid matrices fail before backend mutation
ok 196 - drawing push failure leaves no logical state and invalid matrices fail before backend mutation
  ---
  duration_ms: 0.320687
  type: 'test'
  ...
# Subtest: drawing transform scopes compose and restore in the same order as native matrix operations
ok 197 - drawing transform scopes compose and restore in the same order as native matrix operations
  ---
  duration_ms: 5.843056
  type: 'test'
  ...
# Subtest: native failed geometry-clip and unsupported effect push restore save count and all resource stacks
ok 198 - native failed geometry-clip and unsupported effect push restore save count and all resource stacks
  ---
  duration_ms: 2.809161
  type: 'test'
  ...
# Subtest: DrawingGroup restores earlier states when a valid effect fails native allocation
ok 199 - DrawingGroup restores earlier states when a valid effect fails native allocation
  ---
  duration_ms: 4.03404
  type: 'test'
  ...
# Subtest: composition visual restores earlier drawing states when a valid effect fails native allocation
ok 200 - composition visual restores earlier drawing states when a valid effect fails native allocation
  ---
  duration_ms: 2.949279
  type: 'test'
  ...
# Subtest: native opacity-mask draw failure still restores scope and releases paint state
ok 201 - native opacity-mask draw failure still restores scope and releases paint state
  ---
  duration_ms: 0.767319
  type: 'test'
  ...
# Subtest: DrawingGroup bounds include pen and transform but not clip/effect inflation
ok 202 - DrawingGroup bounds include pen and transform but not clip/effect inflation
  ---
  duration_ms: 3.918709
  type: 'test'
  ...
# Subtest: drawing invalidation propagates nested brush, pen, geometry, transform and stops after disposal
ok 203 - drawing invalidation propagates nested brush, pen, geometry, transform and stops after disposal
  ---
  duration_ms: 0.788962
  type: 'test'
  ...
# Subtest: drawing group batches, sharing, reparented collections and removed child subscriptions remain correct
ok 204 - drawing group batches, sharing, reparented collections and removed child subscriptions remain correct
  ---
  duration_ms: 0.691827
  type: 'test'
  ...
# Subtest: drawing graph cycles reject atomically including cross-image edges while shared DAGs work
ok 205 - drawing graph cycles reject atomically including cross-image edges while shared DAGs work
  ---
  duration_ms: 0.49825
  type: 'test'
  ...
# Subtest: DrawingImage source crop and nonzero destination map to the exact device rectangle
ok 206 - DrawingImage source crop and nonzero destination map to the exact device rectangle
  ---
  duration_ms: 3.85944
  type: 'test'
  ...
# Subtest: DrawingImage explicit Viewbox introduces padding and clips content without shifting destination
ok 207 - DrawingImage explicit Viewbox introduces padding and clips content without shifting destination
  ---
  duration_ms: 3.108535
  type: 'test'
  ...
# Subtest: DrawingImage empty and null content no-ops without allocating drawing states
ok 208 - DrawingImage empty and null content no-ops without allocating drawing states
  ---
  duration_ms: 0.158436
  type: 'test'
  ...
# Subtest: DrawingGroup.Open replaces atomically at disposal, automatically balances scopes and aborts without publishing
ok 209 - DrawingGroup.Open replaces atomically at disposal, automatically balances scopes and aborts without publishing
  ---
  duration_ms: 1.440388
  type: 'test'
  ...
# Subtest: DrawingGroup.Open keeps an existing owned drawing live when it is borrowed into replacement
ok 210 - DrawingGroup.Open keeps an existing owned drawing live when it is borrowed into replacement
  ---
  duration_ms: 0.321477
  type: 'test'
  ...
# Subtest: retained rounded rectangles and ellipse/line records produce actual native geometry
ok 211 - retained rounded rectangles and ellipse/line records produce actual native geometry
  ---
  duration_ms: 3.352318
  type: 'test'
  ...
# Subtest: retained text owns an independent shaping layout and releases it on replacement
ok 212 - retained text owns an independent shaping layout and releases it on replacement
  ---
  duration_ms: 1.467028
  type: 'test'
  ...
# Subtest: StreamGeometry mutation and Open completion invalidate drawing owners once and update bounds
ok 213 - StreamGeometry mutation and Open completion invalidate drawing owners once and update bounds
  ---
  duration_ms: 1.012123
  type: 'test'
  ...
# Subtest: WriteableBitmap Lock is idempotent and invalidates a previously uploaded native image
ok 214 - WriteableBitmap Lock is idempotent and invalidates a previously uploaded native image
  ---
  duration_ms: 2.617887
  type: 'test'
  ...
# Subtest: DrawingImage portable primitives survive binary transport, retain exact native pixels and update without hover
ok 215 - DrawingImage portable primitives survive binary transport, retain exact native pixels and update without hover
  ---
  duration_ms: 21.399936
  type: 'test'
  ...
# Subtest: XAML runtime constructs native drawing graph properties, groups and DrawingImage content
ok 216 - XAML runtime constructs native drawing graph properties, groups and DrawingImage content
  ---
  duration_ms: 7.039112
  type: 'test'
  ...
# Subtest: XAML AOT constructs native drawing graph properties, groups and DrawingImage content
ok 217 - XAML AOT constructs native drawing graph properties, groups and DrawingImage content
  ---
  duration_ms: 17.889954
  type: 'test'
  ...
# Subtest: dash-style mutations invalidate borrowed pen drawings without retaining replaced collections
ok 218 - dash-style mutations invalidate borrowed pen drawings without retaining replaced collections
  ---
  duration_ms: 0.72074
  type: 'test'
  ...
# Subtest: drawing group and image restore all previous scopes even when a later pop fails
ok 219 - drawing group and image restore all previous scopes even when a later pop fails
  ---
  duration_ms: 0.57276
  type: 'test'
  ...
# Subtest: StreamGeometry.Open publishes fallback bounds before notification and rejects recording after disposal
ok 220 - StreamGeometry.Open publishes fallback bounds before notification and rejects recording after disposal
  ---
  duration_ms: 0.369378
  type: 'test'
  ...
# Subtest: retained text keeps warm layout identity but reshapes after borrowed foreground changes
ok 221 - retained text keeps warm layout identity but reshapes after borrowed foreground changes
  ---
  duration_ms: 0.8482
  type: 'test'
  ...
# Subtest: native blur matches independent Skia filter at 1x
ok 222 - native blur matches independent Skia filter at 1x
  ---
  duration_ms: 19.310192
  type: 'test'
  ...
# Subtest: native directional shadow matches independent Skia filter at 1x
ok 223 - native directional shadow matches independent Skia filter at 1x
  ---
  duration_ms: 9.225198
  type: 'test'
  ...
# Subtest: native blur matches independent Skia filter at 1.25x
ok 224 - native blur matches independent Skia filter at 1.25x
  ---
  duration_ms: 6.056719
  type: 'test'
  ...
# Subtest: native directional shadow matches independent Skia filter at 1.25x
ok 225 - native directional shadow matches independent Skia filter at 1.25x
  ---
  duration_ms: 7.505124
  type: 'test'
  ...
# Subtest: native blur matches independent Skia filter at 1.5x
ok 226 - native blur matches independent Skia filter at 1.5x
  ---
  duration_ms: 6.818779
  type: 'test'
  ...
# Subtest: native directional shadow matches independent Skia filter at 1.5x
ok 227 - native directional shadow matches independent Skia filter at 1.5x
  ---
  duration_ms: 11.535198
  type: 'test'
  ...
# Subtest: native blur matches independent Skia filter at 2x
ok 228 - native blur matches independent Skia filter at 2x
  ---
  duration_ms: 10.788509
  type: 'test'
  ...
# Subtest: native directional shadow matches independent Skia filter at 2x
ok 229 - native directional shadow matches independent Skia filter at 2x
  ---
  duration_ms: 14.078665
  type: 'test'
  ...
# Subtest: native blur matches independent Skia filter at 3x
ok 230 - native blur matches independent Skia filter at 3x
  ---
  duration_ms: 16.975255
  type: 'test'
  ...
# Subtest: native directional shadow matches independent Skia filter at 3x
ok 231 - native directional shadow matches independent Skia filter at 3x
  ---
  duration_ms: 39.477819
  type: 'test'
  ...
# Subtest: native blur conversion uses the upstream float32 radius/sigma rule and nonpositive no-op
ok 232 - native blur conversion uses the upstream float32 radius/sigma rule and nonpositive no-op
  ---
  duration_ms: 0.213577
  type: 'test'
  ...
# Subtest: 1000 warm native effect pushes reuse one filter without accumulating active leases
ok 233 - 1000 warm native effect pushes reuse one filter without accumulating active leases
  ---
  duration_ms: 604.037933
  type: 'test'
  ...
# Subtest: LRU eviction and cache disposal retain active filters until their final layer lease closes
ok 234 - LRU eviction and cache disposal retain active filters until their final layer lease closes
  ---
  duration_ms: 0.640822
  type: 'test'
  ...
# Subtest: disabled native effect cache keeps no entries and zero-radius effects allocate no filter
ok 235 - disabled native effect cache keeps no entries and zero-radius effects allocate no filter
  ---
  duration_ms: 0.326104
  type: 'test'
  ...
# Subtest: native effect filter remains valid through a cache clear inside a live drawing scope
ok 236 - native effect filter remains valid through a cache clear inside a live drawing scope
  ---
  duration_ms: 4.022633
  type: 'test'
  ...
# Subtest: partial native SaveLayer failure restores both canvas state and filter ownership
ok 237 - partial native SaveLayer failure restores both canvas state and filter ownership
  ---
  duration_ms: 1.917457
  type: 'test'
  ...
# Subtest: control effect allocation failure unwinds its earlier transform and opacity scopes
ok 238 - control effect allocation failure unwinds its earlier transform and opacity scopes
  ---
  duration_ms: 3.727735
  type: 'test'
  ...
# Subtest: mutable effects publish value snapshots and restored worker scenes reproduce native pixels
ok 239 - mutable effects publish value snapshots and restored worker scenes reproduce native pixels
  ---
  duration_ms: 20.765109
  type: 'test'
  ...
# Subtest: malformed effect scalar cannot replace committed worker pixels
ok 240 - malformed effect scalar cannot replace committed worker pixels
  ---
  duration_ms: 5.997165
  type: 'test'
  ...
# Subtest: malformed effect color cannot replace committed worker pixels
ok 241 - malformed effect color cannot replace committed worker pixels
  ---
  duration_ms: 4.989459
  type: 'test'
  ...
# Subtest: malformed effect field cannot replace committed worker pixels
ok 242 - malformed effect field cannot replace committed worker pixels
  ---
  duration_ms: 5.679323
  type: 'test'
  ...
# Subtest: worker render failure unwinds existing visual scopes without modifying committed descriptors
ok 243 - worker render failure unwinds existing visual scopes without modifying committed descriptors
  ---
  duration_ms: 2.474073
  type: 'test'
  ...
# Subtest: composition effect assignment copies mutable values and preserves immutable type identity
ok 244 - composition effect assignment copies mutable values and preserves immutable type identity
  ---
  duration_ms: 1.026945
  type: 'test'
  ...
# Subtest: effect family inherits Animatable and preserves pinned default values
ok 245 - effect family inherits Animatable and preserves pinned default values
  ---
  duration_ms: 1.829607
  type: 'test'
  ...
# Subtest: immutable effect snapshots copy colors, preserve direction and cache unchanged values
ok 246 - immutable effect snapshots copy colors, preserve direction and cache unchanged values
  ---
  duration_ms: 0.960366
  type: 'test'
  ...
# Subtest: SetValue and bound effect colors cannot alias caller-owned structs
ok 247 - SetValue and bound effect colors cannot alias caller-owned structs
  ---
  duration_ms: 0.306836
  type: 'test'
  ...
# Subtest: mutable effect invalidation raises once, unchanged assignments are quiet and disposal releases handlers
ok 248 - mutable effect invalidation raises once, unchanged assignments are quiet and disposal releases handlers
  ---
  duration_ms: 0.95661
  type: 'test'
  ...
# Subtest: effect equality supports mutable and immutable offset/directional values
ok 249 - effect equality supports mutable and immutable offset/directional values
  ---
  duration_ms: 0.407876
  type: 'test'
  ...
# Subtest: effect grammar parses "blur(4.5)"
ok 250 - effect grammar parses "blur(4.5)"
  ---
  duration_ms: 0.331963
  type: 'test'
  ...
# Subtest: effect grammar parses " blur ( -2e0 ) "
ok 251 - effect grammar parses " blur ( -2e0 ) "
  ---
  duration_ms: 0.212736
  type: 'test'
  ...
# Subtest: effect grammar parses "drop-shadow(2 -3)"
ok 252 - effect grammar parses "drop-shadow(2 -3)"
  ---
  duration_ms: 0.312204
  type: 'test'
  ...
# Subtest: effect grammar parses "drop-shadow(2 -3 4)"
ok 253 - effect grammar parses "drop-shadow(2 -3 4)"
  ---
  duration_ms: 0.277943
  type: 'test'
  ...
# Subtest: effect grammar parses "drop-shadow(2 -3 4 \#80112233)"
ok 254 - effect grammar parses "drop-shadow(2 -3 4 \#80112233)"
  ---
  duration_ms: 0.378972
  type: 'test'
  ...
# Subtest: effect grammar parses "drop-shadow(.5 2e1 0 rgba(20, 40, 80, 0.5))"
ok 255 - effect grammar parses "drop-shadow(.5 2e1 0 rgba(20, 40, 80, 0.5))"
  ---
  duration_ms: 0.439222
  type: 'test'
  ...
# Subtest: malformed effect is rejected: none
ok 256 - malformed effect is rejected: none
  ---
  duration_ms: 0.107569
  type: 'test'
  ...
# Subtest: malformed effect is rejected: blur(2px)
ok 257 - malformed effect is rejected: blur(2px)
  ---
  duration_ms: 0.057164
  type: 'test'
  ...
# Subtest: malformed effect is rejected: blur(3) trailing
ok 258 - malformed effect is rejected: blur(3) trailing
  ---
  duration_ms: 0.049824
  type: 'test'
  ...
# Subtest: malformed effect is rejected: blur(Infinity)
ok 259 - malformed effect is rejected: blur(Infinity)
  ---
  duration_ms: 0.043925
  type: 'test'
  ...
# Subtest: malformed effect is rejected: blur(1e300)
ok 260 - malformed effect is rejected: blur(1e300)
  ---
  duration_ms: 0.049123
  type: 'test'
  ...
# Subtest: malformed effect is rejected: blur(1 2)
ok 261 - malformed effect is rejected: blur(1 2)
  ---
  duration_ms: 0.047661
  type: 'test'
  ...
# Subtest: malformed effect is rejected: drop-shadow(2)
ok 262 - malformed effect is rejected: drop-shadow(2)
  ---
  duration_ms: 0.108191
  type: 'test'
  ...
# Subtest: malformed effect is rejected: drop-shadow(2 3 blue)
ok 263 - malformed effect is rejected: drop-shadow(2 3 blue)
  ---
  duration_ms: 0.082593
  type: 'test'
  ...
# Subtest: malformed effect is rejected: drop-shadow(2 3 -1)
ok 264 - malformed effect is rejected: drop-shadow(2 3 -1)
  ---
  duration_ms: 0.05388
  type: 'test'
  ...
# Subtest: malformed effect is rejected: drop-shadow(2 3 1 rgb(NaN,0,0))
ok 265 - malformed effect is rejected: drop-shadow(2 3 1 rgb(NaN,0,0))
  ---
  duration_ms: 0.106098
  type: 'test'
  ...
# Subtest: malformed effect is rejected: drop-shadow(2 3 1 rgb(1,2,3,4,5))
ok 266 - malformed effect is rejected: drop-shadow(2 3 1 rgb(1,2,3,4,5))
  ---
  duration_ms: 0.061882
  type: 'test'
  ...
# Subtest: malformed effect is rejected: blur(1) blur(2)
ok 267 - malformed effect is rejected: blur(1) blur(2)
  ---
  duration_ms: 0.04733
  type: 'test'
  ...
# Subtest: invalid effect scalar writes leave the prior value and snapshot unchanged
ok 268 - invalid effect scalar writes leave the prior value and snapshot unchanged
  ---
  duration_ms: 0.247798
  type: 'test'
  ...
# Subtest: effect output padding follows separate blur and signed shadow extents
ok 269 - effect output padding follows separate blur and signed shadow extents
  ---
  duration_ms: 0.24228
  type: 'test'
  ...
# Subtest: effect transition blends null blur, directional depth and gamma-correct shadow color
ok 270 - effect transition blends null blur, directional depth and gamma-correct shadow color
  ---
  duration_ms: 0.742543
  type: 'test'
  ...
# Subtest: incompatible effects and null keyframes use a midpoint switch, not an end jump
ok 271 - incompatible effects and null keyframes use a midpoint switch, not an end jump
  ---
  duration_ms: 0.220477
  type: 'test'
  ...
# Subtest: runtime XAML effect strings, polar resources and transition collections
ok 272 - runtime XAML effect strings, polar resources and transition collections
  ---
  duration_ms: 7.959038
  type: 'test'
  ...
# Subtest: AOT XAML effect strings, polar resources and transition collections
ok 273 - AOT XAML effect strings, polar resources and transition collections
  ---
  duration_ms: 22.607629
  type: 'test'
  ...
# Subtest: effect interface tokens are nonconstructible contracts
ok 274 - effect interface tokens are nonconstructible contracts
  ---
  duration_ms: 0.345313
  type: 'test'
  ...
# Subtest: effect colors reject nonfinite or malformed RGB components before generic color clamping
ok 275 - effect colors reject nonfinite or malformed RGB components before generic color clamping
  ---
  duration_ms: 0.306685
  type: 'test'
  ...
# Subtest: runtime XAML RectangleGeometry has typed Rect bounds and renders inside Image
ok 276 - runtime XAML RectangleGeometry has typed Rect bounds and renders inside Image
  ---
  duration_ms: 22.811352
  type: 'test'
  ...
# Subtest: runtime XAML EllipseGeometry has typed Rect bounds and renders inside Image
ok 277 - runtime XAML EllipseGeometry has typed Rect bounds and renders inside Image
  ---
  duration_ms: 3.405837
  type: 'test'
  ...
# Subtest: runtime XAML LineGeometry parses Point literals
ok 278 - runtime XAML LineGeometry parses Point literals
  ---
  duration_ms: 0.823943
  type: 'test'
  ...
# Subtest: runtime XAML rejects malformed geometry value literals
ok 279 - runtime XAML rejects malformed geometry value literals
  ---
  duration_ms: 1.047676
  type: 'test'
  ...
# Subtest: AOT XAML RectangleGeometry has typed Rect bounds and renders inside Image
ok 280 - AOT XAML RectangleGeometry has typed Rect bounds and renders inside Image
  ---
  duration_ms: 7.4146
  type: 'test'
  ...
# Subtest: AOT XAML EllipseGeometry has typed Rect bounds and renders inside Image
ok 281 - AOT XAML EllipseGeometry has typed Rect bounds and renders inside Image
  ---
  duration_ms: 4.547683
  type: 'test'
  ...
# Subtest: AOT XAML LineGeometry parses Point literals
ok 282 - AOT XAML LineGeometry parses Point literals
  ---
  duration_ms: 2.026029
  type: 'test'
  ...
# Subtest: AOT XAML rejects malformed geometry value literals
ok 283 - AOT XAML rejects malformed geometry value literals
  ---
  duration_ms: 3.063819
  type: 'test'
  ...
# Subtest: geometry literal conversion rejects before replacing an existing typed property value
ok 284 - geometry literal conversion rejects before replacing an existing typed property value
  ---
  duration_ms: 0.410109
  type: 'test'
  ...
# Subtest: gesture collections enforce single ownership, duplicate rejection and immediate batched ownership
ok 285 - gesture collections enforce single ownership, duplicate rejection and immediate batched ownership
  ---
  duration_ms: 2.948568
  type: 'test'
  ...
# Subtest: gesture collection replacement and owner disposal detach contacts without sharing lifetimes
ok 286 - gesture collection replacement and owner disposal detach contacts without sharing lifetimes
  ---
  duration_ms: 0.687821
  type: 'test'
  ...
# Subtest: scroll threshold subtracts its dead zone and captures separately from element capture
ok 287 - scroll threshold subtracts its dead zone and captures separately from element capture
  ---
  duration_ms: 1.799492
  type: 'test'
  ...
# Subtest: Mouse contacts are never converted into touch scrolling
ok 288 - Mouse contacts are never converted into touch scrolling
  ---
  duration_ms: 0.519392
  type: 'test'
  ...
# Subtest: Pen contacts use the same threshold and release contracts as touch
ok 289 - Pen contacts use the same threshold and release contracts as touch
  ---
  duration_ms: 0.590086
  type: 'test'
  ...
# Subtest: unhandled scroll does not steal element capture
ok 290 - unhandled scroll does not steal element capture
  ---
  duration_ms: 1.206631
  type: 'test'
  ...
# Subtest: ScrollViewer cancels a pressed button before dragging can invoke Click
ok 291 - ScrollViewer cancels a pressed button before dragging can invoke Click
  ---
  duration_ms: 13.244155
  type: 'test'
  ...
# Subtest: a normal touch tap still invokes Button.Click once
ok 292 - a normal touch tap still invokes Button.Click once
  ---
  duration_ms: 2.003295
  type: 'test'
  ...
# Subtest: nested boundary-aware scroll recognizers yield to an ancestor that can consume movement
ok 293 - nested boundary-aware scroll recognizers yield to an ancestor that can consume movement
  ---
  duration_ms: 1.259711
  type: 'test'
  ...
# Subtest: pinch reports finite scale, midpoint, angle and exactly one end event
ok 294 - pinch reports finite scale, midpoint, angle and exactly one end event
  ---
  duration_ms: 0.952174
  type: 'test'
  ...
# Subtest: coincident pinch contacts and an extra third contact do not produce NaN or extra captures
ok 295 - coincident pinch contacts and an extra third contact do not produce NaN or extra captures
  ---
  duration_ms: 0.401516
  type: 'test'
  ...
# Subtest: cancel and collection removal release both pinch capture and pending contacts
ok 296 - cancel and collection removal release both pinch capture and pending contacts
  ---
  duration_ms: 0.247358
  type: 'test'
  ...
# Subtest: a second contact upgrades a running scroll to a pinch without leaving scroll state active
ok 297 - a second contact upgrades a running scroll to a pinch without leaving scroll state active
  ---
  duration_ms: 0.45797
  type: 'test'
  ...
# Subtest: PreventGestureRecognition in a tunnel handler suppresses recognizers without suppressing ordinary input
ok 298 - PreventGestureRecognition in a tunnel handler suppresses recognizers without suppressing ordinary input
  ---
  duration_ms: 0.297521
  type: 'test'
  ...
# Subtest: velocity estimator is bounded, rejects reversed time, tolerates duplicate timestamps and stale release
ok 299 - velocity estimator is bounded, rejects reversed time, tolerates duplicate timestamps and stale release
  ---
  duration_ms: 4.80196
  type: 'test'
  ...
# Subtest: inertial displacement is frame-rate independent using analytic integration
ok 300 - inertial displacement is frame-rate independent using analytic integration
  ---
  duration_ms: 1.83178
  type: 'test'
  ...
# Subtest: new press, disabled target, explicit cancellation and disposal stop inertia callbacks
ok 301 - new press, disabled target, explicit cancellation and disposal stop inertia callbacks
  ---
  duration_ms: 0.783964
  type: 'test'
  ...
# Subtest: capture-lost reentrancy preserves the latest capturer
ok 302 - capture-lost reentrancy preserves the latest capturer
  ---
  duration_ms: 0.347345
  type: 'test'
  ...
# Subtest: XAML builds recognizer collections and validates scalar options
ok 303 - XAML builds recognizer collections and validates scalar options
  ---
  duration_ms: 5.52897
  type: 'test'
  ...
# Subtest: cancellation cannot be defeated by a capture-lost handler recapturing
ok 304 - cancellation cannot be defeated by a capture-lost handler recapturing
  ---
  duration_ms: 0.210763
  type: 'test'
  ...
# Subtest: detaching a visual subtree cancels active scroll and releases every contact
ok 305 - detaching a visual subtree cancels active scroll and releases every contact
  ---
  duration_ms: 1.078992
  type: 'test'
  ...
# Subtest: a disposed recognizer stops scheduled inertia, unsubscribes and can never be re-added
ok 306 - a disposed recognizer stops scheduled inertia, unsubscribes and can never be re-added
  ---
  duration_ms: 0.408176
  type: 'test'
  ...
# Subtest: scroll gesture end requests cancel before a subsequent movement is emitted
ok 307 - scroll gesture end requests cancel before a subsequent movement is emitted
  ---
  duration_ms: 0.271132
  type: 'test'
  ...
# Subtest: binary worker transport publishes explicit glyph indices and independent fill/stroke roles
ok 308 - binary worker transport publishes explicit glyph indices and independent fill/stroke roles
  ---
  duration_ms: 59.030839
  type: 'test'
  ...
# Subtest: glyph/path mutations generate immutable resource deltas and preserve font/native reuse
ok 309 - glyph/path mutations generate immutable resource deltas and preserve font/native reuse
  ---
  duration_ms: 31.151628
  type: 'test'
  ...
# Subtest: warm scene capture shares native glyph blob, font descriptor and structured geometry across repaints
ok 310 - warm scene capture shares native glyph blob, font descriptor and structured geometry across repaints
  ---
  duration_ms: 215.781334
  type: 'test'
  ...
# Subtest: a second run with the same cloned face reuses exactly one immutable font resource
ok 311 - a second run with the same cloned face reuses exactly one immutable font resource
  ---
  duration_ms: 11.18643
  type: 'test'
  ...
# Subtest: malformed unknown-glyph rejects before replacing committed render state
ok 312 - malformed unknown-glyph rejects before replacing committed render state
  ---
  duration_ms: 24.210689
  type: 'test'
  ...
# Subtest: malformed invalid-baseline rejects before replacing committed render state
ok 313 - malformed invalid-baseline rejects before replacing committed render state
  ---
  duration_ms: 22.795768
  type: 'test'
  ...
# Subtest: malformed wrong-font-kind rejects before replacing committed render state
ok 314 - malformed wrong-font-kind rejects before replacing committed render state
  ---
  duration_ms: 22.124722
  type: 'test'
  ...
# Subtest: malformed malformed-path rejects before replacing committed render state
ok 315 - malformed malformed-path rejects before replacing committed render state
  ---
  duration_ms: 18.318119
  type: 'test'
  ...
# Subtest: a forged cyclic geometry description fails bounded validation without poisoning native caches
ok 316 - a forged cyclic geometry description fails bounded validation without poisoning native caches
  ---
  duration_ms: 19.538642
  type: 'test'
  ...
# Subtest: removed glyph sources release their server font and run references
ok 317 - removed glyph sources release their server font and run references
  ---
  duration_ms: 21.154701
  type: 'test'
  ...
# Subtest: full worker scene replay reconstructs paths and native glyphs without any UI native handles
ok 318 - full worker scene replay reconstructs paths and native glyphs without any UI native handles
  ---
  duration_ms: 22.438678
  type: 'test'
  ...
# Subtest: positioned glyph transport renders in an actually independent WASM heap
ok 319 - positioned glyph transport renders in an actually independent WASM heap
  ---
  duration_ms: 94.705903
  type: 'test'
  ...
# Subtest: glyph typeface exposes native font metrics and independently owned data/table copies
ok 320 - glyph typeface exposes native font metrics and independently owned data/table copies
  ---
  duration_ms: 16.146545
  type: 'test'
  ...
# Subtest: glyph typeface design advances and metrics agree with native unhinted font
ok 321 - glyph typeface design advances and metrics agree with native unhinted font
  ---
  duration_ms: 23.524991
  type: 'test'
  ...
# Subtest: glyph typeface and immutable run survive disposal of caller-owned original handles
ok 322 - glyph typeface and immutable run survive disposal of caller-owned original handles
  ---
  duration_ms: 29.940479
  type: 'test'
  ...
# Subtest: glyph input records and offsets are immutable snapshots, not caller-owned buffers
ok 323 - glyph input records and offsets are immutable snapshots, not caller-owned buffers
  ---
  duration_ms: 12.529154
  type: 'test'
  ...
# Subtest: glyph run size mutation invalidates immutable descriptors/native state once
ok 324 - glyph run size mutation invalidates immutable descriptors/native state once
  ---
  duration_ms: 9.965015
  type: 'test'
  ...
# Subtest: glyph run baseline mutation invalidates immutable descriptors/native state once
ok 325 - glyph run baseline mutation invalidates immutable descriptors/native state once
  ---
  duration_ms: 8.851363
  type: 'test'
  ...
# Subtest: glyph run characters mutation invalidates immutable descriptors/native state once
ok 326 - glyph run characters mutation invalidates immutable descriptors/native state once
  ---
  duration_ms: 7.137578
  type: 'test'
  ...
# Subtest: glyph run glyphs mutation invalidates immutable descriptors/native state once
ok 327 - glyph run glyphs mutation invalidates immutable descriptors/native state once
  ---
  duration_ms: 6.499001
  type: 'test'
  ...
# Subtest: glyph run bidi mutation invalidates immutable descriptors/native state once
ok 328 - glyph run bidi mutation invalidates immutable descriptors/native state once
  ---
  duration_ms: 6.727359
  type: 'test'
  ...
# Subtest: unchanged native glyph redraws and equivalent baseline assignments retain the same blob
ok 329 - unchanged native glyph redraws and equivalent baseline assignments retain the same blob
  ---
  duration_ms: 8.877402
  type: 'test'
  ...
# Subtest: invalid glyph fields and malformed replacement leave original run intact
ok 330 - invalid glyph fields and malformed replacement leave original run intact
  ---
  duration_ms: 6.040759
  type: 'test'
  ...
# Subtest: glyph-less text has finite baseline metrics and native empty ink
ok 331 - glyph-less text has finite baseline metrics and native empty ink
  ---
  duration_ms: 7.513907
  type: 'test'
  ...
# Subtest: glyph run excludes trailing whitespace without dropping Unicode UTF-16 cluster lengths
ok 332 - glyph run excludes trailing whitespace without dropping Unicode UTF-16 cluster lengths
  ---
  duration_ms: 7.969964
  type: 'test'
  ...
# Subtest: glyph caret cluster navigation in LTR visual order
ok 333 - glyph caret cluster navigation in LTR visual order
  ---
  duration_ms: 9.569039
  type: 'test'
  ...
# Subtest: glyph caret cluster navigation in RTL visual order
ok 334 - glyph caret cluster navigation in RTL visual order
  ---
  duration_ms: 5.823968
  type: 'test'
  ...
# Subtest: glyph navigation handles nonzero source clusters and negative-advance fallback
ok 335 - glyph navigation handles nonzero source clusters and negative-advance fallback
  ---
  duration_ms: 5.739994
  type: 'test'
  ...
# Subtest: native positioned glyph IDs and offsets preserve all RGBA at 1x
ok 336 - native positioned glyph IDs and offsets preserve all RGBA at 1x
  ---
  duration_ms: 34.903498
  type: 'test'
  ...
# Subtest: native positioned glyph IDs and offsets preserve all RGBA at 1.25x
ok 337 - native positioned glyph IDs and offsets preserve all RGBA at 1.25x
  ---
  duration_ms: 24.438958
  type: 'test'
  ...
# Subtest: native positioned glyph IDs and offsets preserve all RGBA at 1.5x
ok 338 - native positioned glyph IDs and offsets preserve all RGBA at 1.5x
  ---
  duration_ms: 18.732044
  type: 'test'
  ...
# Subtest: native positioned glyph IDs and offsets preserve all RGBA at 2x
ok 339 - native positioned glyph IDs and offsets preserve all RGBA at 2x
  ---
  duration_ms: 26.839994
  type: 'test'
  ...
# Subtest: native positioned glyph IDs and offsets preserve all RGBA at 3x
ok 340 - native positioned glyph IDs and offsets preserve all RGBA at 3x
  ---
  duration_ms: 22.297799
  type: 'test'
  ...
# Subtest: glyph run BuildGeometry includes explicit offsets and baseline; overlapping outlines remain filled
ok 341 - glyph run BuildGeometry includes explicit offsets and baseline; overlapping outlines remain filled
  ---
  duration_ms: 16.216869
  type: 'test'
  ...
# Subtest: GlyphRunDrawing tracks mutable runs while DrawingGroup.Open owns an immutable snapshot
ok 342 - GlyphRunDrawing tracks mutable runs while DrawingGroup.Open owns an immutable snapshot
  ---
  duration_ms: 20.185832
  type: 'test'
  ...
# Subtest: runtime XAML GlyphRunDrawing uses actual extension resource and native rendering
ok 343 - runtime XAML GlyphRunDrawing uses actual extension resource and native rendering
  ---
  duration_ms: 16.328335
  type: 'test'
  ...
# Subtest: AOT XAML GlyphRunDrawing uses actual extension resource and native rendering
ok 344 - AOT XAML GlyphRunDrawing uses actual extension resource and native rendering
  ---
  duration_ms: 35.031607
  type: 'test'
  ...
# Subtest: glyph backend registration unwinds out of order and never loads a fallback font silently
ok 345 - glyph backend registration unwinds out of order and never loads a fallback font silently
  ---
  duration_ms: 8.74832
  type: 'test'
  ...
# Subtest: native glyph validation rejects unknown IDs and invalid or oversized font bytes
ok 346 - native glyph validation rejects unknown IDs and invalid or oversized font bytes
  ---
  duration_ms: 7.759312
  type: 'test'
  ...
# Subtest: implicit collection has dictionary and UWP contracts, immutable snapshot and duplicate rejection
ok 347 - implicit collection has dictionary and UWP contracts, immutable snapshot and duplicate rejection
  ---
  duration_ms: 7.581377
  type: 'test'
  ...
# Subtest: implicit ownership accepts shared collections but rejects cross-compositor and disposed resources
ok 348 - implicit ownership accepts shared collections but rejects cross-compositor and disposed resources
  ---
  duration_ms: 0.61303
  type: 'test'
  ...
# Subtest: implicit FinalValue changes base immediately while holding presentation until commit/tick
ok 349 - implicit FinalValue changes base immediately while holding presentation until commit/tick
  ---
  duration_ms: 1.584273
  type: 'test'
  ...
# Subtest: equal values and defensive struct snapshots do not retrigger or change the desired state
ok 350 - equal values and defensive struct snapshots do not retrigger or change the desired state
  ---
  duration_ms: 0.452032
  type: 'test'
  ...
# Subtest: implicit retarget samples the interrupted presentation at setter time without waiting for a frame
ok 351 - implicit retarget samples the interrupted presentation at setter time without waiting for a frame
  ---
  duration_ms: 0.651317
  type: 'test'
  ...
# Subtest: same-clock triggers have distinct identities and captured FinalValue snapshots
ok 352 - same-clock triggers have distinct identities and captured FinalValue snapshots
  ---
  duration_ms: 0.56571
  type: 'test'
  ...
# Subtest: implicit grouped triggers share a clock and pass FinalValue only to the exactly matching target
ok 353 - implicit grouped triggers share a clock and pass FinalValue only to the exactly matching target
  ---
  duration_ms: 0.737125
  type: 'test'
  ...
# Subtest: invalid grouped triggers leave both desired value and running instances untouched
ok 354 - invalid grouped triggers leave both desired value and running instances untouched
  ---
  duration_ms: 0.782672
  type: 'test'
  ...
# Subtest: failed clone releases earlier prepared instances without disposing caller animations
ok 355 - failed clone releases earlier prepared instances without disposing caller animations
  ---
  duration_ms: 0.650316
  type: 'test'
  ...
# Subtest: replacing/removing an implicit collection changes future triggers, not borrowed running snapshots
ok 356 - replacing/removing an implicit collection changes future triggers, not borrowed running snapshots
  ---
  duration_ms: 0.762883
  type: 'test'
  ...
# Subtest: StopAnimation releases its clone and reveals the new implicit base value
ok 357 - StopAnimation releases its clone and reveals the new implicit base value
  ---
  duration_ms: 0.31659
  type: 'test'
  ...
# Subtest: expression StartingValue, CurrentValue and FinalValue are independent inputs
ok 358 - expression StartingValue, CurrentValue and FinalValue are independent inputs
  ---
  duration_ms: 0.375347
  type: 'test'
  ...
# Subtest: implicit SetInitialValueBeforeDelay preserves delay and FinalValue
ok 359 - implicit SetInitialValueBeforeDelay preserves delay and FinalValue
  ---
  duration_ms: 0.348438
  type: 'test'
  ...
# Subtest: implicit SetInitialValueAfterDelay preserves delay and FinalValue
ok 360 - implicit SetInitialValueAfterDelay preserves delay and FinalValue
  ---
  duration_ms: 0.226876
  type: 'test'
  ...
# Subtest: implicit rejects invalid Duration=Infinity atomically
ok 361 - implicit rejects invalid Duration=Infinity atomically
  ---
  duration_ms: 0.271193
  type: 'test'
  ...
# Subtest: implicit rejects invalid DelayTime=NaN atomically
ok 362 - implicit rejects invalid DelayTime=NaN atomically
  ---
  duration_ms: 0.179597
  type: 'test'
  ...
# Subtest: implicit rejects invalid DelayTime=Infinity atomically
ok 363 - implicit rejects invalid DelayTime=Infinity atomically
  ---
  duration_ms: 0.12165
  type: 'test'
  ...
# Subtest: implicit rejects invalid IterationCount=1.5 atomically
ok 364 - implicit rejects invalid IterationCount=1.5 atomically
  ---
  duration_ms: 0.117304
  type: 'test'
  ...
# Subtest: implicit rejects invalid IterationBehavior=invalid atomically
ok 365 - implicit rejects invalid IterationBehavior=invalid atomically
  ---
  duration_ms: 0.1148
  type: 'test'
  ...
# Subtest: implicit rejects invalid Direction=invalid atomically
ok 366 - implicit rejects invalid Direction=invalid atomically
  ---
  duration_ms: 0.110905
  type: 'test'
  ...
# Subtest: implicit rejects invalid DelayBehavior=invalid atomically
ok 367 - implicit rejects invalid DelayBehavior=invalid atomically
  ---
  duration_ms: 0.136743
  type: 'test'
  ...
# Subtest: implicit rejects invalid StopBehavior=invalid atomically
ok 368 - implicit rejects invalid StopBehavior=invalid atomically
  ---
  duration_ms: 0.177744
  type: 'test'
  ...
# Subtest: implicit keyframe type must match its actual property/component
ok 369 - implicit keyframe type must match its actual property/component
  ---
  duration_ms: 0.288739
  type: 'test'
  ...
# Subtest: whole-vector replacement removes conflicting component animations but not sibling properties
ok 370 - whole-vector replacement removes conflicting component animations but not sibling properties
  ---
  duration_ms: 0.344802
  type: 'test'
  ...
# Subtest: implicit runtime XAML layout Offset is absolute, compensated in rendering and hit testing
ok 371 - implicit runtime XAML layout Offset is absolute, compensated in rendering and hit testing
  ---
  duration_ms: 12.195609
  type: 'test'
  ...
# Subtest: implicit AOT XAML layout Offset is absolute, compensated in rendering and hit testing
ok 372 - implicit AOT XAML layout Offset is absolute, compensated in rendering and hit testing
  ---
  duration_ms: 13.619115
  type: 'test'
  ...
# Subtest: stopping one locally completed component preserves a different completed component
ok 373 - stopping one locally completed component preserves a different completed component
  ---
  duration_ms: 0.403129
  type: 'test'
  ...
# Subtest: animation easing and keyframe values are copied for each implicit instance
ok 374 - animation easing and keyframe values are copied for each implicit instance
  ---
  duration_ms: 0.381977
  type: 'test'
  ...
# Subtest: SplineEasing has exact endpoints so an implicit final value does not retain bisection error
ok 375 - SplineEasing has exact endpoints so an implicit final value does not retain bisection error
  ---
  duration_ms: 0.142562
  type: 'test'
  ...
# Subtest: binary implicit trigger carries immutable FinalValue and excludes the client-only collection
ok 376 - binary implicit trigger carries immutable FinalValue and excludes the client-only collection
  ---
  duration_ms: 22.758813
  type: 'test'
  ...
# Subtest: unrelated commits preserve active server presentation and do not replay completed instances
ok 377 - unrelated commits preserve active server presentation and do not replay completed instances
  ---
  duration_ms: 4.880457
  type: 'test'
  ...
# Subtest: retarget derives starting value from render-worker presentation, not a stale client acknowledgement
ok 378 - retarget derives starting value from render-worker presentation, not a stale client acknowledgement
  ---
  duration_ms: 4.57948
  type: 'test'
  ...
# Subtest: same-clock replacements do not collide in binary server identity
ok 379 - same-clock replacements do not collide in binary server identity
  ---
  duration_ms: 2.845295
  type: 'test'
  ...
# Subtest: a new trigger after completion starts from the retained server endpoint without replay
ok 380 - a new trigger after completion starts from the retained server endpoint without replay
  ---
  duration_ms: 1.964146
  type: 'test'
  ...
# Subtest: clearing implicit definitions and assigning a value releases server metadata and final presentation
ok 381 - clearing implicit definitions and assigning a value releases server metadata and final presentation
  ---
  duration_ms: 2.341948
  type: 'test'
  ...
# Subtest: binary SetInitialValueBeforeDelay retains delay semantics
ok 382 - binary SetInitialValueBeforeDelay retains delay semantics
  ---
  duration_ms: 1.909625
  type: 'test'
  ...
# Subtest: binary SetInitialValueAfterDelay retains delay semantics
ok 383 - binary SetInitialValueAfterDelay retains delay semantics
  ---
  duration_ms: 1.458776
  type: 'test'
  ...
# Subtest: reused instance identity with a changed descriptor is rejected without changing live server state
ok 384 - reused instance identity with a changed descriptor is rejected without changing live server state
  ---
  duration_ms: 6.602874
  type: 'test'
  ...
# Subtest: invalid second animation rolls back new clones and preserves the entire server scene
ok 385 - invalid second animation rolls back new clones and preserves the entire server scene
  ---
  duration_ms: 5.393288
  type: 'test'
  ...
# Subtest: component completion, unrelated commits and component stop preserve another completed component
ok 386 - component completion, unrelated commits and component stop preserve another completed component
  ---
  duration_ms: 4.783573
  type: 'test'
  ...
# Subtest: thousands of repeated implicit triggers keep instance ownership bounded and release clocks
ok 387 - thousands of repeated implicit triggers keep instance ownership bounded and release clocks
  ---
  duration_ms: 377.142893
  type: 'test'
  ...
# Subtest: native binary runtime XAML layout animation avoids doubled translation and stale retained pixels
ok 388 - native binary runtime XAML layout animation avoids doubled translation and stale retained pixels
  ---
  duration_ms: 28.244297
  type: 'test'
  ...
# Subtest: native binary AOT XAML layout animation avoids doubled translation and stale retained pixels
ok 389 - native binary AOT XAML layout animation avoids doubled translation and stale retained pixels
  ---
  duration_ms: 25.003115
  type: 'test'
  ...
# Subtest: binary implicit property-set expression preserves Vector4 declared type and FinalValue
ok 390 - binary implicit property-set expression preserves Vector4 declared type and FinalValue
  ---
  duration_ms: 2.975719
  type: 'test'
  ...
# Subtest: binary implicit property-set expression preserves Quaternion declared type and FinalValue
ok 391 - binary implicit property-set expression preserves Quaternion declared type and FinalValue
  ---
  duration_ms: 1.847984
  type: 'test'
  ...
# Subtest: binary implicit property-set expression preserves Matrix4x4 declared type and FinalValue
ok 392 - binary implicit property-set expression preserves Matrix4x4 declared type and FinalValue
  ---
  duration_ms: 1.851379
  type: 'test'
  ...
# Subtest: acknowledged render-worker starting values survive a full renderer recovery snapshot
ok 393 - acknowledged render-worker starting values survive a full renderer recovery snapshot
  ---
  duration_ms: 6.613429
  type: 'test'
  ...
# Subtest: native invalidation: a visual cache never consumes invalidation raised while rendering its snapshot
ok 394 - native invalidation: a visual cache never consumes invalidation raised while rendering its snapshot
  ---
  duration_ms: 13.639502
  type: 'test'
  ...
# Subtest: native invalidation: cached worker visual retains the final composition animation frame
ok 395 - native invalidation: cached worker visual retains the final composition animation frame
  ---
  duration_ms: 17.836806
  type: 'test'
  ...
# Subtest: invalidation: all realized cells and headers follow pixel column resize without hover
ok 396 - invalidation: all realized cells and headers follow pixel column resize without hover
  ---
  duration_ms: 80.964107
  type: 'test'
  ...
# Subtest: invalidation: one control invalidating itself during recording is redrawn on the next capture
ok 397 - invalidation: one control invalidating itself during recording is redrawn on the next capture
  ---
  duration_ms: 3.509161
  type: 'test'
  ...
# Subtest: invalidation: later sibling invalidating an already recorded sibling survives clean-parent reuse
ok 398 - invalidation: later sibling invalidating an already recorded sibling survives clean-parent reuse
  ---
  duration_ms: 2.254869
  type: 'test'
  ...
# Subtest: invalidation: RenderAfter requests do not mark newer content revisions as already recorded
ok 399 - invalidation: RenderAfter requests do not mark newer content revisions as already recorded
  ---
  duration_ms: 1.768075
  type: 'test'
  ...
# Subtest: invalidation: indeterminate progress records changing content without input and stops when disabled
ok 400 - invalidation: indeterminate progress records changing content without input and stops when disabled
  ---
  duration_ms: 38.287462
  type: 'test'
  ...
# Subtest: invalidation: transition from transparent content reaches the worker scene without mouse input
ok 401 - invalidation: transition from transparent content reaches the worker scene without mouse input
  ---
  duration_ms: 9.322152
  type: 'test'
  ...
# Subtest: invalidation: property keyframes generate worker deltas through their final frame
ok 402 - invalidation: property keyframes generate worker deltas through their final frame
  ---
  duration_ms: 2.66044
  type: 'test'
  ...
# Subtest: invalidation: progress resumes after a hidden ancestor is shown without hover
ok 403 - invalidation: progress resumes after a hidden ancestor is shown without hover
  ---
  duration_ms: 8.586169
  type: 'test'
  ...
# Subtest: invalidation: transparent ancestor stops frame requests and showing it resumes progress
ok 404 - invalidation: transparent ancestor stops frame requests and showing it resumes progress
  ---
  duration_ms: 4.683744
  type: 'test'
  ...
# Subtest: invalidation: detached/disposed animation requests do not keep the old root active
ok 405 - invalidation: detached/disposed animation requests do not keep the old root active
  ---
  duration_ms: 1.415171
  type: 'test'
  ...
# Subtest: invalidation: next-frame requests coalesce by owner and preserve unrelated retained drawing
ok 406 - invalidation: next-frame requests coalesce by owner and preserve unrelated retained drawing
  ---
  duration_ms: 2.026129
  type: 'test'
  ...
# Subtest: invalidation: column resize preserves existing binding subscriptions and recycled content presenters
ok 407 - invalidation: column resize preserves existing binding subscriptions and recycled content presenters
  ---
  duration_ms: 43.676423
  type: 'test'
  ...
# Subtest: invalidation: column constraints and star redistribution update cell arrangement in the same pass
ok 408 - invalidation: column constraints and star redistribution update cell arrangement in the same pass
  ---
  duration_ms: 38.133372
  type: 'test'
  ...
# Subtest: invalidation: column hiding and showing update both control layout and retained scene membership
ok 409 - invalidation: column hiding and showing update both control layout and retained scene membership
  ---
  duration_ms: 44.230846
  type: 'test'
  ...
# Subtest: invalidation: backpressure does not consume a render-time invalidation before the next transaction
ok 410 - invalidation: backpressure does not consume a render-time invalidation before the next transaction
  ---
  duration_ms: 2.116763
  type: 'test'
  ...
# Subtest: invalidation: replacing content during an active transition reaches the latest content and final opacity
ok 411 - invalidation: replacing content during an active transition reaches the latest content and final opacity
  ---
  duration_ms: 4.405241
  type: 'test'
  ...
# Subtest: invalidation: animation clock falls back when a worker RAF exists but has no owner window
ok 412 - invalidation: animation clock falls back when a worker RAF exists but has no owner window
  ---
  duration_ms: 46.926128
  type: 'test'
  ...
# Subtest: MultiBinding runtime drives retained and binary-server Skia geometry at 1x
ok 413 - MultiBinding runtime drives retained and binary-server Skia geometry at 1x
  ---
  duration_ms: 59.654307
  type: 'test'
  ...
# Subtest: MultiBinding runtime drives retained and binary-server Skia geometry at 1.25x
ok 414 - MultiBinding runtime drives retained and binary-server Skia geometry at 1.25x
  ---
  duration_ms: 21.000944
  type: 'test'
  ...
# Subtest: MultiBinding runtime drives retained and binary-server Skia geometry at 1.5x
ok 415 - MultiBinding runtime drives retained and binary-server Skia geometry at 1.5x
  ---
  duration_ms: 17.42289
  type: 'test'
  ...
# Subtest: MultiBinding runtime drives retained and binary-server Skia geometry at 2x
ok 416 - MultiBinding runtime drives retained and binary-server Skia geometry at 2x
  ---
  duration_ms: 18.195338
  type: 'test'
  ...
# Subtest: MultiBinding runtime drives retained and binary-server Skia geometry at 3x
ok 417 - MultiBinding runtime drives retained and binary-server Skia geometry at 3x
  ---
  duration_ms: 39.525359
  type: 'test'
  ...
# Subtest: MultiBinding AOT drives retained and binary-server Skia geometry at 1x
ok 418 - MultiBinding AOT drives retained and binary-server Skia geometry at 1x
  ---
  duration_ms: 14.731804
  type: 'test'
  ...
# Subtest: MultiBinding AOT drives retained and binary-server Skia geometry at 1.25x
ok 419 - MultiBinding AOT drives retained and binary-server Skia geometry at 1.25x
  ---
  duration_ms: 12.130853
  type: 'test'
  ...
# Subtest: MultiBinding AOT drives retained and binary-server Skia geometry at 1.5x
ok 420 - MultiBinding AOT drives retained and binary-server Skia geometry at 1.5x
  ---
  duration_ms: 13.947901
  type: 'test'
  ...
# Subtest: MultiBinding AOT drives retained and binary-server Skia geometry at 2x
ok 421 - MultiBinding AOT drives retained and binary-server Skia geometry at 2x
  ---
  duration_ms: 22.928775
  type: 'test'
  ...
# Subtest: MultiBinding AOT drives retained and binary-server Skia geometry at 3x
ok 422 - MultiBinding AOT drives retained and binary-server Skia geometry at 3x
  ---
  duration_ms: 36.370761
  type: 'test'
  ...
# Subtest: MultiBinding initializes once after every synchronous child and publishes a frozen value array
ok 423 - MultiBinding initializes once after every synchronous child and publishes a frozen value array
  ---
  duration_ms: 4.879035
  type: 'test'
  ...
# Subtest: MultiBinding treats an initial UnsetValue as initialized and passes it to the converter
ok 424 - MultiBinding treats an initial UnsetValue as initialized and passes it to the converter
  ---
  duration_ms: 1.334772
  type: 'test'
  ...
# Subtest: MultiBinding waits for a child that initially returns DoNothing instead of formatting a phantom default
ok 425 - MultiBinding waits for a child that initially returns DoNothing instead of formatting a phantom default
  ---
  duration_ms: 0.90907
  type: 'test'
  ...
# Subtest: nested MultiBinding resolves every DataContext path against the real outer target
ok 426 - nested MultiBinding resolves every DataContext path against the real outer target
  ---
  duration_ms: 0.909731
  type: 'test'
  ...
# Subtest: nested compiled self and templated-parent roots do not resolve to internal sink objects
ok 427 - nested compiled self and templated-parent roots do not resolve to internal sink objects
  ---
  duration_ms: 6.307946
  type: 'test'
  ...
# Subtest: nested element-name binding uses the declaration namescope
ok 428 - nested element-name binding uses the declaration namescope
  ---
  duration_ms: 1.834564
  type: 'test'
  ...
# Subtest: MultiBinding ConverterCulture, target type and parameter reach object and function converters
ok 429 - MultiBinding ConverterCulture, target type and parameter reach object and function converters
  ---
  duration_ms: 0.700971
  type: 'test'
  ...
# Subtest: MultiBinding applies actual target metadata conversion
ok 430 - MultiBinding applies actual target metadata conversion
  ---
  duration_ms: 0.366274
  type: 'test'
  ...
# Subtest: MultiBinding skips StringFormat for a known numeric target
ok 431 - MultiBinding skips StringFormat for a known numeric target
  ---
  duration_ms: 0.369819
  type: 'test'
  ...
# Subtest: MultiBinding StringFormat formats converter output, not original inputs
ok 432 - MultiBinding StringFormat formats converter output, not original inputs
  ---
  duration_ms: 5.448981
  type: 'test'
  ...
# Subtest: MultiBinding StringFormat supports indexed arguments, alignment, numeric culture and escaped braces
ok 433 - MultiBinding StringFormat supports indexed arguments, alignment, numeric culture and escaped braces
  ---
  duration_ms: 1.121185
  type: 'test'
  ...
# Subtest: MultiBinding DoNothing preserves both an existing value and StringFormat suppression
ok 434 - MultiBinding DoNothing preserves both an existing value and StringFormat suppression
  ---
  duration_ms: 0.519852
  type: 'test'
  ...
# Subtest: MultiBinding applies TargetNullValue and FallbackValue to distinct converter results
ok 435 - MultiBinding applies TargetNullValue and FallbackValue to distinct converter results
  ---
  duration_ms: 0.366434
  type: 'test'
  ...
# Subtest: MultiBinding BindingNotification errors publish their value and clear on recovery
ok 436 - MultiBinding BindingNotification errors publish their value and clear on recovery
  ---
  duration_ms: 0.387385
  type: 'test'
  ...
# Subtest: MultiBinding converter failure publishes fallback, remains subscribed and recovers
ok 437 - MultiBinding converter failure publishes fallback, remains subscribed and recovers
  ---
  duration_ms: 0.452252
  type: 'test'
  ...
# Subtest: MultiBinding invalid format publishes fallback and reports a recoverable error
ok 438 - MultiBinding invalid format publishes fallback and reports a recoverable error
  ---
  duration_ms: 0.299484
  type: 'test'
  ...
# Subtest: MultiBinding without converter returns immutable snapshots that never mutate a retained previous output
ok 439 - MultiBinding without converter returns immutable snapshots that never mutate a retained previous output
  ---
  duration_ms: 0.830874
  type: 'test'
  ...
# Subtest: MultiBinding active definitions do not change when a caller edits the shared binding graph
ok 440 - MultiBinding active definitions do not change when a caller edits the shared binding graph
  ---
  duration_ms: 0.408186
  type: 'test'
  ...
# Subtest: shared MultiBinding definitions have independent targets and disposal ownership
ok 441 - shared MultiBinding definitions have independent targets and disposal ownership
  ---
  duration_ms: 1.431556
  type: 'test'
  ...
# Subtest: MultiBinding OneTime detaches child observers after the first successful aggregate
ok 442 - MultiBinding OneTime detaches child observers after the first successful aggregate
  ---
  duration_ms: 0.40434
  type: 'test'
  ...
# Subtest: MultiBinding OneTime does not freeze converter fallback or DoNothing
ok 443 - MultiBinding OneTime does not freeze converter fallback or DoNothing
  ---
  duration_ms: 0.291223
  type: 'test'
  ...
# Subtest: MultiBinding child TwoWay definitions never write converted aggregate values back to sources
ok 444 - MultiBinding child TwoWay definitions never write converted aggregate values back to sources
  ---
  duration_ms: 0.308127
  type: 'test'
  ...
# Subtest: MultiBinding cycles and invalid child definitions leave the prior target binding intact
ok 445 - MultiBinding cycles and invalid child definitions leave the prior target binding intact
  ---
  duration_ms: 0.553802
  type: 'test'
  ...
# Subtest: MultiBinding rejects excessive graph depth and child count before subscribing
ok 446 - MultiBinding rejects excessive graph depth and child count before subscribing
  ---
  duration_ms: 6.319343
  type: 'test'
  ...
# Subtest: MultiBinding supports repeated child definitions without treating a shared DAG as a cycle
ok 447 - MultiBinding supports repeated child definitions without treating a shared DAG as a cycle
  ---
  duration_ms: 0.408226
  type: 'test'
  ...
# Subtest: MultiBinding can be replaced from inside its own converter without stale publication
ok 448 - MultiBinding can be replaced from inside its own converter without stale publication
  ---
  duration_ms: 0.371422
  type: 'test'
  ...
# Subtest: MultiBinding converter reentrant source changes converge without recursive converter calls
ok 449 - MultiBinding converter reentrant source changes converge without recursive converter calls
  ---
  duration_ms: 0.349649
  type: 'test'
  ...
# Subtest: MultiBinding nonconvergent reentrant converter is bounded and reports failure
ok 450 - MultiBinding nonconvergent reentrant converter is bounded and reports failure
  ---
  duration_ms: 2.206464
  type: 'test'
  ...
# Subtest: 1000 MultiBinding attach/dispose cycles leave no target lifetime entries or source subscriptions
ok 451 - 1000 MultiBinding attach/dispose cycles leave no target lifetime entries or source subscriptions
  ---
  duration_ms: 38.768927
  type: 'test'
  ...
# Subtest: MultiBinding priority removal reveals a lower-priority binding without disposing it
ok 452 - MultiBinding priority removal reveals a lower-priority binding without disposing it
  ---
  duration_ms: 0.551169
  type: 'test'
  ...
# Subtest: nested compiled observable streams retain null, reject stale streams and release subscriptions
ok 453 - nested compiled observable streams retain null, reject stale streams and release subscriptions
  ---
  duration_ms: 0.732197
  type: 'test'
  ...
# Subtest: MultiBinding deferred compiled Promise values ignore completion after disposal
ok 454 - MultiBinding deferred compiled Promise values ignore completion after disposal
  ---
  duration_ms: 19.257304
  type: 'test'
  ...
# Subtest: MultiBinding direct properties execute their real setter
ok 455 - MultiBinding direct properties execute their real setter
  ---
  duration_ms: 0.790013
  type: 'test'
  ...
# Subtest: composite formatting {0,5:D3} preserves its value contract
ok 456 - composite formatting {0,5:D3} preserves its value contract
  ---
  duration_ms: 0.139086
  type: 'test'
  ...
# Subtest: composite formatting {0:X4} preserves its value contract
ok 457 - composite formatting {0:X4} preserves its value contract
  ---
  duration_ms: 0.065838
  type: 'test'
  ...
# Subtest: composite formatting {0:D20} preserves its value contract
ok 458 - composite formatting {0:D20} preserves its value contract
  ---
  duration_ms: 0.063454
  type: 'test'
  ...
# Subtest: composite formatting {{{0}}} preserves its value contract
ok 459 - composite formatting {{{0}}} preserves its value contract
  ---
  duration_ms: 0.197272
  type: 'test'
  ...
# Subtest: composite formatting {0}/{1} preserves its value contract
ok 460 - composite formatting {0}/{1} preserves its value contract
  ---
  duration_ms: 0.049634
  type: 'test'
  ...
# Subtest: composite formatting {0:F2} preserves its value contract
ok 461 - composite formatting {0:F2} preserves its value contract
  ---
  duration_ms: 0.179286
  type: 'test'
  ...
# Subtest: composite formatting {0:P0} preserves its value contract
ok 462 - composite formatting {0:P0} preserves its value contract
  ---
  duration_ms: 0.137153
  type: 'test'
  ...
# Subtest: composite formatting malformed, unsupported or oversized requests fail explicitly
ok 463 - composite formatting malformed, unsupported or oversized requests fail explicitly
  ---
  duration_ms: 0.240868
  type: 'test'
  ...
# Subtest: public format converters preserve inner converter output and cannot convert back
ok 464 - public format converters preserve inner converter output and cannot convert back
  ---
  duration_ms: 0.43081
  type: 'test'
  ...
# Subtest: composite numeric formatter cache reuses warm culture/precision and evicts past its bound
ok 465 - composite numeric formatter cache reuses warm culture/precision and evicts past its bound
  ---
  duration_ms: 9.889004
  type: 'test'
  ...
# Subtest: child fallback values are initialized converter inputs rather than aggregate errors
ok 466 - child fallback values are initialized converter inputs rather than aggregate errors
  ---
  duration_ms: 1.347931
  type: 'test'
  ...
# Subtest: MultiBinding runtime: nesting shares the actual target and supports forward named-element references
ok 467 - MultiBinding runtime: nesting shares the actual target and supports forward named-element references
  ---
  duration_ms: 18.939913
  type: 'test'
  ...
# Subtest: MultiBinding runtime: object-element Binding honors inherited CompileBindings and lexical DataType
ok 468 - MultiBinding runtime: object-element Binding honors inherited CompileBindings and lexical DataType
  ---
  duration_ms: 3.803117
  type: 'test'
  ...
# Subtest: MultiBinding runtime: invalid nested compiled member fails before subscribing any child
ok 469 - MultiBinding runtime: invalid nested compiled member fails before subscribing any child
  ---
  duration_ms: 2.583837
  type: 'test'
  ...
# Subtest: MultiBinding runtime: explicit ReflectionBinding opts out of an inherited compiled schema
ok 470 - MultiBinding runtime: explicit ReflectionBinding opts out of an inherited compiled schema
  ---
  duration_ms: 2.487334
  type: 'test'
  ...
# Subtest: MultiBinding runtime: explicit Self/Source roots are not checked against the DataContext schema
ok 471 - MultiBinding runtime: explicit Self/Source roots are not checked against the DataContext schema
  ---
  duration_ms: 5.097458
  type: 'test'
  ...
# Subtest: MultiBinding runtime: custom reusable graph resolves nested x:Reference per construction without mutation
ok 472 - MultiBinding runtime: custom reusable graph resolves nested x:Reference per construction without mutation
  ---
  duration_ms: 5.322824
  type: 'test'
  ...
# Subtest: MultiBinding runtime: converter resource, parameter and culture retain declared values
ok 473 - MultiBinding runtime: converter resource, parameter and culture retain declared values
  ---
  duration_ms: 11.585202
  type: 'test'
  ...
# Subtest: MultiBinding runtime: template child streams and bindings have per-instance lifetime
ok 474 - MultiBinding runtime: template child streams and bindings have per-instance lifetime
  ---
  duration_ms: 3.24477
  type: 'test'
  ...
# Subtest: MultiBinding AOT: nesting shares the actual target and supports forward named-element references
ok 475 - MultiBinding AOT: nesting shares the actual target and supports forward named-element references
  ---
  duration_ms: 19.472994
  type: 'test'
  ...
# Subtest: MultiBinding AOT: object-element Binding honors inherited CompileBindings and lexical DataType
ok 476 - MultiBinding AOT: object-element Binding honors inherited CompileBindings and lexical DataType
  ---
  duration_ms: 5.184357
  type: 'test'
  ...
# Subtest: MultiBinding AOT: invalid nested compiled member fails before subscribing any child
ok 477 - MultiBinding AOT: invalid nested compiled member fails before subscribing any child
  ---
  duration_ms: 5.219661
  type: 'test'
  ...
# Subtest: MultiBinding AOT: explicit ReflectionBinding opts out of an inherited compiled schema
ok 478 - MultiBinding AOT: explicit ReflectionBinding opts out of an inherited compiled schema
  ---
  duration_ms: 9.7517
  type: 'test'
  ...
# Subtest: MultiBinding AOT: explicit Self/Source roots are not checked against the DataContext schema
ok 479 - MultiBinding AOT: explicit Self/Source roots are not checked against the DataContext schema
  ---
  duration_ms: 7.012483
  type: 'test'
  ...
# Subtest: MultiBinding AOT: custom reusable graph resolves nested x:Reference per construction without mutation
ok 480 - MultiBinding AOT: custom reusable graph resolves nested x:Reference per construction without mutation
  ---
  duration_ms: 12.366074
  type: 'test'
  ...
# Subtest: MultiBinding AOT: converter resource, parameter and culture retain declared values
ok 481 - MultiBinding AOT: converter resource, parameter and culture retain declared values
  ---
  duration_ms: 4.38371
  type: 'test'
  ...
# Subtest: MultiBinding AOT: template child streams and bindings have per-instance lifetime
ok 482 - MultiBinding AOT: template child streams and bindings have per-instance lifetime
  ---
  duration_ms: 4.520102
  type: 'test'
  ...
# Subtest: actual native Skia surface draws pixels and encodes PNG
ok 483 - actual native Skia surface draws pixels and encodes PNG
  ---
  duration_ms: 21.599866
  type: 'test'
  ...
# Subtest: native SVG path geometry has accurate bounds and fill hit testing
ok 484 - native SVG path geometry has accurate bounds and fill hit testing
  ---
  duration_ms: 3.441501
  type: 'test'
  ...
# Subtest: native path boolean intersection produces actual geometry
ok 485 - native path boolean intersection produces actual geometry
  ---
  duration_ms: 1.635709
  type: 'test'
  ...
# Subtest: multiple registered faces in one family retain independent native ownership
ok 486 - multiple registered faces in one family retain independent native ownership
  ---
  duration_ms: 77.629241
  type: 'test'
  ...
# Subtest: retained native paragraph keys are serialized once across repeated shaping queries
ok 487 - retained native paragraph keys are serialized once across repeated shaping queries
  ---
  duration_ms: 37.724491
  type: 'test'
  ...
# Subtest: font handles remain safe when disposed after their owning platform
ok 488 - font handles remain safe when disposed after their owning platform
  ---
  duration_ms: 12.834378
  type: 'test'
  ...
# Subtest: solid native paints are reused without changing the rendered color after eviction
ok 489 - solid native paints are reused without changing the rendered color after eviction
  ---
  duration_ms: 7.103072
  type: 'test'
  ...
# Subtest: GL DOM owner records RGBA without a Skia API and flips rows once
ok 490 - GL DOM owner records RGBA without a Skia API and flips rows once
  ---
  duration_ms: 6.852375
  type: 'test'
  ...
# Subtest: GL worker owner records RGBA without a Skia API and flips rows once
ok 491 - GL worker owner records RGBA without a Skia API and flips rows once
  ---
  duration_ms: 6.724565
  type: 'test'
  ...
# Subtest: GL warm captures reuse the bitmap descriptor and never read pixels again
ok 492 - GL warm captures reuse the bitmap descriptor and never read pixels again
  ---
  duration_ms: 1.458266
  type: 'test'
  ...
# Subtest: GL requested frame replaces immutable descriptor bytes without mutating an in-flight snapshot
ok 493 - GL requested frame replaces immutable descriptor bytes without mutating an in-flight snapshot
  ---
  duration_ms: 2.109903
  type: 'test'
  ...
# Subtest: GL resize releases old bitmap and publishes fresh dimensions
ok 494 - GL resize releases old bitmap and publishes fresh dimensions
  ---
  duration_ms: 4.078666
  type: 'test'
  ...
# Subtest: GL buffer limits fail before native context creation or allocation
ok 495 - GL buffer limits fail before native context creation or allocation
  ---
  duration_ms: 1.110819
  type: 'test'
  ...
# Subtest: GL context loss drops cached pixels and restoration reinitializes once
ok 496 - GL context loss drops cached pixels and restoration reinitializes once
  ---
  duration_ms: 1.290777
  type: 'test'
  ...
# Subtest: GL teardown always releases native context and bitmap even when deinit throws
ok 497 - GL teardown always releases native context and bitmap even when deinit throws
  ---
  duration_ms: 1.563001
  type: 'test'
  ...
# Subtest: GL direct native upload refreshes pixels after a requested frame
ok 498 - GL direct native upload refreshes pixels after a requested frame
  ---
  duration_ms: 102.468069
  type: 'test'
  ...
# Subtest: PathGeometry is a StreamGeometry with upstream figure and segment defaults
ok 499 - PathGeometry is a StreamGeometry with upstream figure and segment defaults
  ---
  duration_ms: 2.871068
  type: 'test'
  ...
# Subtest: unfilled figures contribute stroke but never fill, including geometry hit testing
ok 500 - unfilled figures contribute stroke but never fill, including geometry hit testing
  ---
  duration_ms: 12.037173
  type: 'test'
  ...
# Subtest: non-stroked segments still fill and closed broken contours return to original start
ok 501 - non-stroked segments still fill and closed broken contours return to original start
  ---
  duration_ms: 2.404711
  type: 'test'
  ...
# Subtest: StreamGeometry writer retains independent fill/stroke flags and rejects a concurrent writer
ok 502 - StreamGeometry writer retains independent fill/stroke flags and rejects a concurrent writer
  ---
  duration_ms: 0.812196
  type: 'test'
  ...
# Subtest: StreamGeometry writer abort preserves old path, rule and cache descriptor
ok 503 - StreamGeometry writer abort preserves old path, rule and cache descriptor
  ---
  duration_ms: 3.963896
  type: 'test'
  ...
# Subtest: stream writer publishes path and fill rule as one observable geometry revision
ok 504 - stream writer publishes path and fill rule as one observable geometry revision
  ---
  duration_ms: 0.435206
  type: 'test'
  ...
# Subtest: path geometry writer builds real figures and segment objects with transactional abort
ok 505 - path geometry writer builds real figures and segment objects with transactional abort
  ---
  duration_ms: 1.410294
  type: 'test'
  ...
# Subtest: path markup normalizes complete command stream: m10 20 5 5 h10 v-5 z
ok 506 - path markup normalizes complete command stream: m10 20 5 5 h10 v-5 z
  ---
  duration_ms: 0.757284
  type: 'test'
  ...
# Subtest: path markup normalizes complete command stream: M0 0C1 2 3 4 5 6s2 3 4 5
ok 507 - path markup normalizes complete command stream: M0 0C1 2 3 4 5 6s2 3 4 5
  ---
  duration_ms: 0.588574
  type: 'test'
  ...
# Subtest: path markup normalizes complete command stream: M0 0Q10 20 30 0t30 0
ok 508 - path markup normalizes complete command stream: M0 0Q10 20 30 0t30 0
  ---
  duration_ms: 0.562936
  type: 'test'
  ...
# Subtest: path markup normalizes complete command stream: M.1 -.2 L1e1 +2.5e+1
ok 509 - path markup normalizes complete command stream: M.1 -.2 L1e1 +2.5e+1
  ---
  duration_ms: 0.387265
  type: 'test'
  ...
# Subtest: path markup normalizes complete command stream: F1 M10 20 A30 40 45 0110 60
ok 510 - path markup normalizes complete command stream: F1 M10 20 A30 40 45 0110 60
  ---
  duration_ms: 0.562115
  type: 'test'
  ...
# Subtest: path markup normalizes complete command stream: M1 2L3 4Z m10 10l2 2
ok 511 - path markup normalizes complete command stream: M1 2L3 4Z m10 10l2 2
  ---
  duration_ms: 0.455886
  type: 'test'
  ...
# Subtest: path parser rejects malformed or ambiguous input: L10 20
ok 512 - path parser rejects malformed or ambiguous input: L10 20
  ---
  duration_ms: 0.223532
  type: 'test'
  ...
# Subtest: path parser rejects malformed or ambiguous input: M0
ok 513 - path parser rejects malformed or ambiguous input: M0
  ---
  duration_ms: 0.129993
  type: 'test'
  ...
# Subtest: path parser rejects malformed or ambiguous input: M0 0L
ok 514 - path parser rejects malformed or ambiguous input: M0 0L
  ---
  duration_ms: 0.172856
  type: 'test'
  ...
# Subtest: path parser rejects malformed or ambiguous input: M0 0 X1 2
ok 515 - path parser rejects malformed or ambiguous input: M0 0 X1 2
  ---
  duration_ms: 0.16798
  type: 'test'
  ...
# Subtest: path parser rejects malformed or ambiguous input: M0 0L1e999 2
ok 516 - path parser rejects malformed or ambiguous input: M0 0L1e999 2
  ---
  duration_ms: 0.232415
  type: 'test'
  ...
# Subtest: path parser rejects malformed or ambiguous input: M0 0,
ok 517 - path parser rejects malformed or ambiguous input: M0 0,
  ---
  duration_ms: 0.248459
  type: 'test'
  ...
# Subtest: path parser rejects malformed or ambiguous input: M0 0,,1 2
ok 518 - path parser rejects malformed or ambiguous input: M0 0,,1 2
  ---
  duration_ms: 0.16174
  type: 'test'
  ...
# Subtest: path parser rejects malformed or ambiguous input: M0 0A1 2 3 2 0 5 6
ok 519 - path parser rejects malformed or ambiguous input: M0 0A1 2 3 2 0 5 6
  ---
  duration_ms: 0.143934
  type: 'test'
  ...
# Subtest: path parser rejects malformed or ambiguous input: M0 0A-1 2 3 0 0 5 6
ok 520 - path parser rejects malformed or ambiguous input: M0 0A-1 2 3 0 0 5 6
  ---
  duration_ms: 0.165566
  type: 'test'
  ...
# Subtest: path parser rejects malformed or ambiguous input: Z
ok 521 - path parser rejects malformed or ambiguous input: Z
  ---
  duration_ms: 0.093539
  type: 'test'
  ...
# Subtest: path parser rejects malformed or ambiguous input: M0 0Z Z
ok 522 - path parser rejects malformed or ambiguous input: M0 0Z Z
  ---
  duration_ms: 0.110034
  type: 'test'
  ...
# Subtest: nested geometry changes propagate once and unchanged signatures do not recompile paths
ok 523 - nested geometry changes propagate once and unchanged signatures do not recompile paths
  ---
  duration_ms: 2.669524
  type: 'test'
  ...
# Subtest: path collections enforce typed mutations and reject geometry DAG cycles before mutation
ok 524 - path collections enforce typed mutations and reject geometry DAG cycles before mutation
  ---
  duration_ms: 0.685078
  type: 'test'
  ...
# Subtest: group and child affine transforms participate in native fill/hit/bounds rather than concatenated SVG text
ok 525 - group and child affine transforms participate in native fill/hit/bounds rather than concatenated SVG text
  ---
  duration_ms: 2.923071
  type: 'test'
  ...
# Subtest: geometry Boolean operations retain nested transforms and do not borrow an evicted native input
ok 526 - geometry Boolean operations retain nested transforms and do not borrow an evicted native input
  ---
  duration_ms: 2.255189
  type: 'test'
  ...
# Subtest: geometry backend leases restore prior native provider after a temporary platform is disposed
ok 527 - geometry backend leases restore prior native provider after a temporary platform is disposed
  ---
  duration_ms: 0.30946
  type: 'test'
  ...
# Subtest: native stroked geometry bounds, cap, dash hit testing and widening use actual path outline
ok 528 - native stroked geometry bounds, cap, dash hit testing and widening use actual path outline
  ---
  duration_ms: 9.774674
  type: 'test'
  ...
# Subtest: contour position/tangent and extraction operate on actual native curve
ok 529 - contour position/tangent and extraction operate on actual native curve
  ---
  duration_ms: 1.484764
  type: 'test'
  ...
# Subtest: PolyLineSegment collections notify, clone deeply, and record valid native commands
ok 530 - PolyLineSegment collections notify, clone deeply, and record valid native commands
  ---
  duration_ms: 0.958623
  type: 'test'
  ...
# Subtest: PolyBezierSegment collections notify, clone deeply, and record valid native commands
ok 531 - PolyBezierSegment collections notify, clone deeply, and record valid native commands
  ---
  duration_ms: 0.514024
  type: 'test'
  ...
# Subtest: PolyQuadraticBezierSegment collections notify, clone deeply, and record valid native commands
ok 532 - PolyQuadraticBezierSegment collections notify, clone deeply, and record valid native commands
  ---
  duration_ms: 0.508826
  type: 'test'
  ...
# Subtest: runtime XAML constructs all path segments and string Figures with typed values
ok 533 - runtime XAML constructs all path segments and string Figures with typed values
  ---
  duration_ms: 9.617971
  type: 'test'
  ...
# Subtest: AOT XAML constructs all path segments and string Figures with typed values
ok 534 - AOT XAML constructs all path segments and string Figures with typed values
  ---
  duration_ms: 26.496068
  type: 'test'
  ...
# Subtest: malformed nested geometry descriptions do not allocate partial owned child graphs
ok 535 - malformed nested geometry descriptions do not allocate partial owned child graphs
  ---
  duration_ms: 0.701591
  type: 'test'
  ...
# Subtest: ImageBrush uses native image shader with transparent uniform letterboxing
ok 536 - ImageBrush uses native image shader with transparent uniform letterboxing
  ---
  duration_ms: 18.323598
  type: 'test'
  ...
# Subtest: VisualBrush snapshots actual retained content and refreshes mutable brushes
ok 537 - VisualBrush snapshots actual retained content and refreshes mutable brushes
  ---
  duration_ms: 17.962794
  type: 'test'
  ...
# Subtest: BitmapCache reuses unchanged content, refreshes descendants, and releases on dispose
ok 538 - BitmapCache reuses unchanged content, refreshes descendants, and releases on dispose
  ---
  duration_ms: 12.272222
  type: 'test'
  ...
# Subtest: native blur and drop shadow affect pixels outside original geometry
ok 539 - native blur and drop shadow affect pixels outside original geometry
  ---
  duration_ms: 9.255953
  type: 'test'
  ...
# Subtest: inset shadows are clipped to the border and darken interior edge
ok 540 - inset shadows are clipped to the border and darken interior edge
  ---
  duration_ms: 7.312387
  type: 'test'
  ...
# Subtest: acrylic filters the existing native surface before applying material tint
ok 541 - acrylic filters the existing native surface before applying material tint
  ---
  duration_ms: 3.068636
  type: 'test'
  ...
# Subtest: value priorities expose lower priorities when disposed
ok 542 - value priorities expose lower priorities when disposed
  ---
  duration_ms: 4.063914
  type: 'test'
  ...
# Subtest: later same-priority value wins and removal reveals prior
ok 543 - later same-priority value wins and removal reveals prior
  ---
  duration_ms: 0.143533
  type: 'test'
  ...
# Subtest: inheritance notifications and local overrides
ok 544 - inheritance notifications and local overrides
  ---
  duration_ms: 2.299284
  type: 'test'
  ...
# Subtest: inheritance cycles are rejected
ok 545 - inheritance cycles are rejected
  ---
  duration_ms: 0.457148
  type: 'test'
  ...
# Subtest: RxJS observable binding lifecycle and SetCurrentValue
ok 546 - RxJS observable binding lifecycle and SetCurrentValue
  ---
  duration_ms: 0.342158
  type: 'test'
  ...
# Subtest: style observable does not replace local observable binding
ok 547 - style observable does not replace local observable binding
  ---
  duration_ms: 0.193277
  type: 'test'
  ...
# Subtest: direct properties call setter and publish once
ok 548 - direct properties call setter and publish once
  ---
  duration_ms: 0.230332
  type: 'test'
  ...
# Subtest: ReactiveWeb nested source replacement rebinds path
ok 549 - ReactiveWeb nested source replacement rebinds path
  ---
  duration_ms: 2.88909
  type: 'test'
  ...
# Subtest: ReactiveWeb two-way textbox binding
ok 550 - ReactiveWeb two-way textbox binding
  ---
  duration_ms: 3.007686
  type: 'test'
  ...
# Subtest: OneTime binding takes initial source only
ok 551 - OneTime binding takes initial source only
  ---
  duration_ms: 0.644086
  type: 'test'
  ...
# Subtest: binding fallback applies to missing source path
ok 552 - binding fallback applies to missing source path
  ---
  duration_ms: 0.272765
  type: 'test'
  ...
# Subtest: binding target-null replacement preserves null semantics
ok 553 - binding target-null replacement preserves null semantics
  ---
  duration_ms: 0.156943
  type: 'test'
  ...
# Subtest: unsafe binding path rejected: __proto__.polluted
ok 554 - unsafe binding path rejected: __proto__.polluted
  ---
  duration_ms: 0.083384
  type: 'test'
  ...
# Subtest: unsafe binding path rejected: constructor.name
ok 555 - unsafe binding path rejected: constructor.name
  ---
  duration_ms: 0.034551
  type: 'test'
  ...
# Subtest: unsafe binding path rejected: Value["__proto__"]
ok 556 - unsafe binding path rejected: Value["__proto__"]
  ---
  duration_ms: 0.098546
  type: 'test'
  ...
# Subtest: binding path parses array and dictionary indexers
ok 557 - binding path parses array and dictionary indexers
  ---
  duration_ms: 0.12114
  type: 'test'
  ...
# Subtest: dynamic resource updates existing target
ok 558 - dynamic resource updates existing target
  ---
  duration_ms: 1.151129
  type: 'test'
  ...
# Subtest: conditional styles activate and deactivate without defeating local values
ok 559 - conditional styles activate and deactivate without defeating local values
  ---
  duration_ms: 2.628202
  type: 'test'
  ...
# Subtest: attached properties are supported in style setters
ok 560 - attached properties are supported in style setters
  ---
  duration_ms: 0.340035
  type: 'test'
  ...
# Subtest: measure/arrange applies margin and alignment
ok 561 - measure/arrange applies margin and alignment
  ---
  duration_ms: 0.840628
  type: 'test'
  ...
# Subtest: Grid resolves pixel and weighted star columns
ok 562 - Grid resolves pixel and weighted star columns
  ---
  duration_ms: 1.935094
  type: 'test'
  ...
# Subtest: Grid star row behaves as auto under infinite measure
ok 563 - Grid star row behaves as auto under infinite measure
  ---
  duration_ms: 0.460334
  type: 'test'
  ...
# Subtest: Grid layout invalidates after definition changes
ok 564 - Grid layout invalidates after definition changes
  ---
  duration_ms: 1.234082
  type: 'test'
  ...
# Subtest: StackPanel sums children and spacing
ok 565 - StackPanel sums children and spacing
  ---
  duration_ms: 0.565049
  type: 'test'
  ...
# Subtest: WrapPanel starts a new line when width is exceeded
ok 566 - WrapPanel starts a new line when width is exceeded
  ---
  duration_ms: 0.615614
  type: 'test'
  ...
# Subtest: RelativePanel detects circular sibling references
ok 567 - RelativePanel detects circular sibling references
  ---
  duration_ms: 0.970441
  type: 'test'
  ...
# Subtest: visual ownership rejects duplicates and cycles
ok 568 - visual ownership rejects duplicates and cycles
  ---
  duration_ms: 0.696634
  type: 'test'
  ...
# Subtest: headless mouse click invokes a genuine ReactiveCommand
ok 569 - headless mouse click invokes a genuine ReactiveCommand
  ---
  duration_ms: 5.566766
  type: 'test'
  ...
# Subtest: button keyboard activation and disabled state
ok 570 - button keyboard activation and disabled state
  ---
  duration_ms: 1.866401
  type: 'test'
  ...
# Subtest: routed event tunnels before bubbling
ok 571 - routed event tunnels before bubbling
  ---
  duration_ms: 0.435927
  type: 'test'
  ...
# Subtest: virtual ListBox realizes a bounded viewport for 10,000 items
ok 572 - virtual ListBox realizes a bounded viewport for 10,000 items
  ---
  duration_ms: 11.708505
  type: 'test'
  ...
# Subtest: virtual ListBox nested in unconstrained Grid converges
ok 573 - virtual ListBox nested in unconstrained Grid converges
  ---
  duration_ms: 7.239529
  type: 'test'
  ...
# Subtest: Menu rebuild preserves caller-owned MenuItem instances
ok 574 - Menu rebuild preserves caller-owned MenuItem instances
  ---
  duration_ms: 1.790489
  type: 'test'
  ...
# Subtest: scalar XAML resources, attached properties and namescope
ok 575 - scalar XAML resources, attached properties and namescope
  ---
  duration_ms: 5.90778
  type: 'test'
  ...
# Subtest: XAML two-way bindings integrate ReactiveWeb
ok 576 - XAML two-way bindings integrate ReactiveWeb
  ---
  duration_ms: 3.198559
  type: 'test'
  ...
# Subtest: AOT emitter produces executable ESM without eval
ok 577 - AOT emitter produces executable ESM without eval
  ---
  duration_ms: 39.52361
  type: 'test'
  ...
# Subtest: ControlTemplate and TemplateBinding propagate content
ok 578 - ControlTemplate and TemplateBinding propagate content
  ---
  duration_ms: 5.0107
  type: 'test'
  ...
# Subtest: XML parser rejects DOCTYPE
ok 579 - XML parser rejects DOCTYPE
  ---
  duration_ms: 0.206536
  type: 'test'
  ...
# Subtest: XML parser rejects external entity
ok 580 - XML parser rejects external entity
  ---
  duration_ms: 2.383529
  type: 'test'
  ...
# Subtest: XML parser rejects bare ampersand
ok 581 - XML parser rejects bare ampersand
  ---
  duration_ms: 0.167239
  type: 'test'
  ...
# Subtest: XML parser rejects duplicate attribute
ok 582 - XML parser rejects duplicate attribute
  ---
  duration_ms: 0.086018
  type: 'test'
  ...
# Subtest: XML parser rejects mismatched close
ok 583 - XML parser rejects mismatched close
  ---
  duration_ms: 0.054902
  type: 'test'
  ...
# Subtest: XML parser rejects undeclared namespace
ok 584 - XML parser rejects undeclared namespace
  ---
  duration_ms: 0.052178
  type: 'test'
  ...
# Subtest: XML parser rejects multiple roots
ok 585 - XML parser rejects multiple roots
  ---
  duration_ms: 0.056053
  type: 'test'
  ...
# Subtest: XML parser rejects invalid codepoint
ok 586 - XML parser rejects invalid codepoint
  ---
  duration_ms: 0.090384
  type: 'test'
  ...
# Subtest: XML parser enforces nesting limit
ok 587 - XML parser enforces nesting limit
  ---
  duration_ms: 0.111656
  type: 'test'
  ...
# Subtest: XML parser handles namespaced attributes and escaped text
ok 588 - XML parser handles namespaced attributes and escaped text
  ---
  duration_ms: 0.186697
  type: 'test'
  ...
# Subtest: markup extension parser preserves nested expressions and quoted commas
ok 589 - markup extension parser preserves nested expressions and quoted commas
  ---
  duration_ms: 0.12141
  type: 'test'
  ...
# Subtest: unknown XAML types and properties fail rather than being ignored
ok 590 - unknown XAML types and properties fail rather than being ignored
  ---
  duration_ms: 0.905454
  type: 'test'
  ...
# Subtest: XAML property assignment cannot pollute prototypes
ok 591 - XAML property assignment cannot pollute prototypes
  ---
  duration_ms: 0.358883
  type: 'test'
  ...
# Subtest: animation samples keyframes and restores base value
ok 592 - animation samples keyframes and restores base value
  ---
  duration_ms: 1.313971
  type: 'test'
  ...
# Subtest: animation abort releases priority values and subscription
ok 593 - animation abort releases priority values and subscription
  ---
  duration_ms: 0.452892
  type: 'test'
  ...
# Subtest: LRU cache eviction disposes native resources
ok 594 - LRU cache eviction disposes native resources
  ---
  duration_ms: 0.281688
  type: 'test'
  ...
# Subtest: affine matrix inverse restores transformed coordinates
ok 595 - affine matrix inverse restores transformed coordinates
  ---
  duration_ms: 0.205916
  type: 'test'
  ...
# Subtest: Color uses Avalonia ARGB hexadecimal ordering
ok 596 - Color uses Avalonia ARGB hexadecimal ordering
  ---
  duration_ms: 0.230923
  type: 'test'
  ...
# Subtest: Calendar selected date updates the selected-date collection
ok 597 - Calendar selected date updates the selected-date collection
  ---
  duration_ms: 0.759978
  type: 'test'
  ...
# Subtest: ScrollBar derives from RangeBase rather than inheriting reversed Slider behavior
ok 598 - ScrollBar derives from RangeBase rather than inheriting reversed Slider behavior
  ---
  duration_ms: 6.683314
  type: 'test'
  ...
# Subtest: ScrollBar Vertical: proportional drag without jump and release event
ok 599 - ScrollBar Vertical: proportional drag without jump and release event
  ---
  duration_ms: 5.393268
  type: 'test'
  ...
# Subtest: ScrollBar Horizontal: proportional drag without jump and release event
ok 600 - ScrollBar Horizontal: proportional drag without jump and release event
  ---
  duration_ms: 3.700004
  type: 'test'
  ...
# Subtest: ScrollBar tiny viewport bounds never create oversized thumbs or divide by zero
ok 601 - ScrollBar tiny viewport bounds never create oversized thumbs or divide by zero
  ---
  duration_ms: 1.294352
  type: 'test'
  ...
# Subtest: ScrollBar reverse direction is geometry-consistent and keyboard increments follow its orientation
ok 602 - ScrollBar reverse direction is geometry-consistent and keyboard increments follow its orientation
  ---
  duration_ms: 2.373875
  type: 'test'
  ...
# Subtest: ScrollBar track press pages rather than jumps and releases repeat timers
ok 603 - ScrollBar track press pages rather than jumps and releases repeat timers
  ---
  duration_ms: 1.456182
  type: 'test'
  ...
# Subtest: ScrollBar page-repeat progresses while held and stops on capture loss
ok 604 - ScrollBar page-repeat progresses while held and stops on capture loss
  ---
  duration_ms: 86.798533
  type: 'test'
  ...
# Subtest: ScrollBar ignores right clicks and additional pointers during a drag
ok 605 - ScrollBar ignores right clicks and additional pointers during a drag
  ---
  duration_ms: 1.324226
  type: 'test'
  ...
# Subtest: ScrollBar visibility, zero range and explicit values remain coherent
ok 606 - ScrollBar visibility, zero range and explicit values remain coherent
  ---
  duration_ms: 1.011692
  type: 'test'
  ...
# Subtest: ScrollViewer scrollbar hits win over a child Button occupying the complete content
ok 607 - ScrollViewer scrollbar hits win over a child Button occupying the complete content
  ---
  duration_ms: 10.023498
  type: 'test'
  ...
# Subtest: ScrollViewer horizontal and vertical thumbs can independently reach both ends
ok 608 - ScrollViewer horizontal and vertical thumbs can independently reach both ends
  ---
  duration_ms: 4.359744
  type: 'test'
  ...
# Subtest: ScrollViewer deferred scrolling previews the thumb without moving content until release
ok 609 - ScrollViewer deferred scrolling previews the thumb without moving content until release
  ---
  duration_ms: 2.02669
  type: 'test'
  ...
# Subtest: ScrollViewer Hidden permits scrolling but Disabled does not
ok 610 - ScrollViewer Hidden permits scrolling but Disabled does not
  ---
  duration_ms: 2.003825
  type: 'test'
  ...
# Subtest: non-overlay ScrollViewer tracks reserve space and solve cross-axis overflow
ok 611 - non-overlay ScrollViewer tracks reserve space and solve cross-axis overflow
  ---
  duration_ms: 1.356564
  type: 'test'
  ...
# Subtest: ScrollViewer viewport clip prevents content hits and rendering in reserved chrome
ok 612 - ScrollViewer viewport clip prevents content hits and rendering in reserved chrome
  ---
  duration_ms: 3.562989
  type: 'test'
  ...
# Subtest: ScrollViewer resize and content replacement clamp stale offsets and notify extent deltas
ok 613 - ScrollViewer resize and content replacement clamp stale offsets and notify extent deltas
  ---
  duration_ms: 1.914052
  type: 'test'
  ...
# Subtest: ScrollViewer BringIntoView handles both axes, padding and partially visible large targets
ok 614 - ScrollViewer BringIntoView handles both axes, padding and partially visible large targets
  ---
  duration_ms: 7.485844
  type: 'test'
  ...
# Subtest: wheel deltaMode=0 respects CSS pixels, lines or viewport pages
ok 615 - wheel deltaMode=0 respects CSS pixels, lines or viewport pages
  ---
  duration_ms: 2.68091
  type: 'test'
  ...
# Subtest: wheel deltaMode=1 respects CSS pixels, lines or viewport pages
ok 616 - wheel deltaMode=1 respects CSS pixels, lines or viewport pages
  ---
  duration_ms: 1.50852
  type: 'test'
  ...
# Subtest: wheel deltaMode=2 respects CSS pixels, lines or viewport pages
ok 617 - wheel deltaMode=2 respects CSS pixels, lines or viewport pages
  ---
  duration_ms: 1.557272
  type: 'test'
  ...
# Subtest: Shift-wheel scrolls horizontally and disabled chaining consumes boundary input
ok 618 - Shift-wheel scrolls horizontally and disabled chaining consumes boundary input
  ---
  duration_ms: 3.108295
  type: 'test'
  ...
# Subtest: ListBox has an interactive scrollbar without changing selection
ok 619 - ListBox has an interactive scrollbar without changing selection
  ---
  duration_ms: 11.673504
  type: 'test'
  ...
# Subtest: TreeView has an interactive scrollbar without changing selection
ok 620 - TreeView has an interactive scrollbar without changing selection
  ---
  duration_ms: 24.373932
  type: 'test'
  ...
# Subtest: ListBox recycles row controls rather than allocating new containers on every scroll
ok 621 - ListBox recycles row controls rather than allocating new containers on every scroll
  ---
  duration_ms: 55.270448
  type: 'test'
  ...
# Subtest: ListBox horizontal chrome pans wide items without scrolling or selecting rows
ok 622 - ListBox horizontal chrome pans wide items without scrolling or selecting rows
  ---
  duration_ms: 4.803693
  type: 'test'
  ...
# Subtest: TableView both-axis scrollbars exclude headers and preserve header alignment
ok 623 - TableView both-axis scrollbars exclude headers and preserve header alignment
  ---
  duration_ms: 19.553604
  type: 'test'
  ...
# Subtest: multiline TextBox supports vertical drag, wheel, and horizontal pan without changing text or selection
ok 624 - multiline TextBox supports vertical drag, wheel, and horizontal pan without changing text or selection
  ---
  duration_ms: 4.89638
  type: 'test'
  ...
# Subtest: wrapped TextBox disables horizontal chrome and remaps viewport when resizing
ok 625 - wrapped TextBox disables horizontal chrome and remaps viewport when resizing
  ---
  duration_ms: 12.02538
  type: 'test'
  ...
# Subtest: TextBox measurement layouts are retained and disposed with their owner
ok 626 - TextBox measurement layouts are retained and disposed with their owner
  ---
  duration_ms: 1.186131
  type: 'test'
  ...
# Subtest: scroll chrome still works with runtime XAML attached scrollbar options
ok 627 - scroll chrome still works with runtime XAML attached scrollbar options
  ---
  duration_ms: 7.7931
  type: 'test'
  ...
# Subtest: reserved horizontal chrome does not oscillate realization at an item-height boundary
ok 628 - reserved horizontal chrome does not oscillate realization at an item-height boundary
  ---
  duration_ms: 6.47022
  type: 'test'
  ...
# Subtest: TableView header and reserved horizontal track share a stable realization viewport
ok 629 - TableView header and reserved horizontal track share a stable realization viewport
  ---
  duration_ms: 25.716243
  type: 'test'
  ...
# Subtest: ScrollBarMaximum and LargeChange notify bindings for extent-only and viewport-only changes
ok 630 - ScrollBarMaximum and LargeChange notify bindings for extent-only and viewport-only changes
  ---
  duration_ms: 2.800018
  type: 'test'
  ...
# Subtest: RangeBase matches the templated hierarchy and retains finite values on invalid assignments
ok 631 - RangeBase matches the templated hierarchy and retains finite values on invalid assignments
  ---
  duration_ms: 0.399483
  type: 'test'
  ...
# Subtest: RangeBase raises typed ValueChanged events and ScrollBar custom templates have layout and lifetime
ok 632 - RangeBase raises typed ValueChanged events and ScrollBar custom templates have layout and lifetime
  ---
  duration_ms: 0.712428
  type: 'test'
  ...
# Subtest: disjoint virtual scrolling retargets attached scalar presenters without tree churn
ok 633 - disjoint virtual scrolling retargets attached scalar presenters without tree churn
  ---
  duration_ms: 17.711469
  type: 'test'
  ...
# Subtest: surplus recycled scalar rows release prior item data and their empty presenter is owned
ok 634 - surplus recycled scalar rows release prior item data and their empty presenter is owned
  ---
  duration_ms: 5.411994
  type: 'test'
  ...
# Subtest: secondary document waits for load, then releases all lifecycle listeners
ok 635 - secondary document waits for load, then releases all lifecycle listeners
  ---
  duration_ms: 4.437448
  type: 'test'
  ...
# Subtest: secondary already-complete document needs no timer or listener after completion
ok 636 - secondary already-complete document needs no timer or listener after completion
  ---
  duration_ms: 0.348137
  type: 'test'
  ...
# Subtest: secondary document replacement and closed-window startup reject
ok 637 - secondary document replacement and closed-window startup reject
  ---
  duration_ms: 0.750274
  type: 'test'
  ...
# Subtest: secondary document cancellation propagates the exact reason and removes listeners
ok 638 - secondary document cancellation propagates the exact reason and removes listeners
  ---
  duration_ms: 0.317902
  type: 'test'
  ...
# Subtest: secondary document timeout is bounded and removes its lifecycle listeners
ok 639 - secondary document timeout is bounded and removes its lifecycle listeners
  ---
  duration_ms: 5.282474
  type: 'test'
  ...
# Subtest: secondary renderer starts with listeners already installed and accepts only native-ready render role
ok 640 - secondary renderer starts with listeners already installed and accepts only native-ready render role
  ---
  duration_ms: 0.668212
  type: 'test'
  ...
# Subtest: secondary throw failure settles before publishing channels
ok 641 - secondary throw failure settles before publishing channels
  ---
  duration_ms: 1.396664
  type: 'test'
  ...
# Subtest: secondary error failure settles before publishing channels
ok 642 - secondary error failure settles before publishing channels
  ---
  duration_ms: 0.509447
  type: 'test'
  ...
# Subtest: secondary messageerror failure settles before publishing channels
ok 643 - secondary messageerror failure settles before publishing channels
  ---
  duration_ms: 0.294457
  type: 'test'
  ...
# Subtest: secondary bootstrap failure settles before publishing channels
ok 644 - secondary bootstrap failure settles before publishing channels
  ---
  duration_ms: 0.334206
  type: 'test'
  ...
# Subtest: secondary renderer abort before start allocates no worker delivery or listener
ok 645 - secondary renderer abort before start allocates no worker delivery or listener
  ---
  duration_ms: 0.231774
  type: 'test'
  ...
# Subtest: one canceled native-module delivery does not dispose the shared source or affect its sibling
ok 646 - one canceled native-module delivery does not dispose the shared source or affect its sibling
  ---
  duration_ms: 20.175758
  type: 'test'
  ...
# Subtest: pre-aborted delivery never creates a MessageChannel and successful delivery removes its abort listener
ok 647 - pre-aborted delivery never creates a MessageChannel and successful delivery removes its abort listener
  ---
  duration_ms: 2.380865
  type: 'test'
  ...
# Subtest: secondary OpenWindow waits for the popup document and native bootstrap before transferring UI endpoints
ok 648 - secondary OpenWindow waits for the popup document and native bootstrap before transferring UI endpoints
  ---
  duration_ms: 4.118265
  type: 'test'
  ...
# Subtest: secondary constructor failure rolls back popup, channels, host registration and only its own WASM lease
ok 649 - secondary constructor failure rolls back popup, channels, host registration and only its own WASM lease
  ---
  duration_ms: 1.82508
  type: 'test'
  ...
# Subtest: secondary post failure rolls back popup, channels, host registration and only its own WASM lease
ok 650 - secondary post failure rolls back popup, channels, host registration and only its own WASM lease
  ---
  duration_ms: 1.46155
  type: 'test'
  ...
# Subtest: secondary entry failure rolls back popup, channels, host registration and only its own WASM lease
ok 651 - secondary entry failure rolls back popup, channels, host registration and only its own WASM lease
  ---
  duration_ms: 1.185711
  type: 'test'
  ...
# Subtest: secondary disposal during native initialization cancels the pending open instead of awaiting a dead channel
ok 652 - secondary disposal during native initialization cancels the pending open instead of awaiting a dead channel
  ---
  duration_ms: 1.868414
  type: 'test'
  ...
# Subtest: secondary parent disposal during document loading closes the unpublished popup
ok 653 - secondary parent disposal during document loading closes the unpublished popup
  ---
  duration_ms: 0.57909
  type: 'test'
  ...
# Subtest: failed secondary bootstrap rejects actual ShowDialog and WhenOpened, restores owner and disposes the unshown Window
ok 654 - failed secondary bootstrap rejects actual ShowDialog and WhenOpened, restores owner and disposes the unshown Window
  ---
  duration_ms: 7.103277
  type: 'test'
  ...
# Subtest: closing a pending worker Window is safe and rejects late host attachment while releasing its returned ports
ok 655 - closing a pending worker Window is safe and rejects late host attachment while releasing its returned ports
  ---
  duration_ms: 1.965558
  type: 'test'
  ...
# Subtest: secondary committed document requires source, origin, token, final URL and ready state
ok 656 - secondary committed document requires source, origin, token, final URL and ready state
  ---
  duration_ms: 1.550812
  type: 'test'
  ...
# Subtest: secondary acknowledged url mismatch rejects and closes only that popup
ok 657 - secondary acknowledged url mismatch rejects and closes only that popup
  ---
  duration_ms: 0.253377
  type: 'test'
  ...
# Subtest: secondary acknowledged loading mismatch rejects and closes only that popup
ok 658 - secondary acknowledged loading mismatch rejects and closes only that popup
  ---
  duration_ms: 0.173187
  type: 'test'
  ...
# Subtest: secondary acknowledged closed mismatch rejects and closes only that popup
ok 659 - secondary acknowledged closed mismatch rejects and closes only that popup
  ---
  duration_ms: 0.142762
  type: 'test'
  ...
# Subtest: secondary document blocked popup, timeout, cancellation and pre-abort leave no owner listener
ok 660 - secondary document blocked popup, timeout, cancellation and pre-abort leave no owner listener
  ---
  duration_ms: 10.631456
  type: 'test'
  ...
# Subtest: secondary host rejects cross-origin and non-HTTP documents before opening
ok 661 - secondary host rejects cross-origin and non-HTTP documents before opening
  ---
  duration_ms: 0.358773
  type: 'test'
  ...
# Subtest: startup: two workers receive one compilation over distinct original ports
ok 662 - startup: two workers receive one compilation over distinct original ports
  ---
  duration_ms: 37.5367
  type: 'test'
  ...
# Subtest: startup: a renderer restart gets a fresh port without downloading again
ok 663 - startup: a renderer restart gets a fresh port without downloading again
  ---
  duration_ms: 6.594351
  type: 'test'
  ...
# Subtest: startup: module readiness before the request does not drop the delivery
ok 664 - startup: module readiness before the request does not drop the delivery
  ---
  duration_ms: 7.550898
  type: 'test'
  ...
# Subtest: startup: pending compilation is delivered after an early request
ok 665 - startup: pending compilation is delivered after an early request
  ---
  duration_ms: 5.555038
  type: 'test'
  ...
# Subtest: startup: compilation failures reject every waiting worker and permit a retry
ok 666 - startup: compilation failures reject every waiting worker and permit a retry
  ---
  duration_ms: 3.578954
  type: 'test'
  ...
# Subtest: startup: disposal settles waiters, closes ports, and ignores late compilation
ok 667 - startup: disposal settles waiters, closes ports, and ignores late compilation
  ---
  duration_ms: 6.495765
  type: 'test'
  ...
# Subtest: startup: invalid prepared modules reject through the protocol without stranded source ports
ok 668 - startup: invalid prepared modules reject through the protocol without stranded source ports
  ---
  duration_ms: 0.773208
  type: 'test'
  ...
# Subtest: startup: caller timeout bounds both request and preparation lifetimes
ok 669 - startup: caller timeout bounds both request and preparation lifetimes
  ---
  duration_ms: 22.46681
  type: 'test'
  ...
# Subtest: startup: explicit clone fallback acknowledges local compilation
ok 670 - startup: explicit clone fallback acknowledges local compilation
  ---
  duration_ms: 0.897262
  type: 'test'
  ...
# Subtest: startup: agent-cluster messageerror falls back without sharing native state
ok 671 - startup: agent-cluster messageerror falls back without sharing native state
  ---
  duration_ms: 0.505911
  type: 'test'
  ...
# Subtest: startup: malformed protocol, missing port and invalid timeouts reject
ok 672 - startup: malformed protocol, missing port and invalid timeouts reject
  ---
  duration_ms: 1.016319
  type: 'test'
  ...
# Subtest: startup: duplicate worker requests never produce duplicate module deliveries
ok 673 - startup: duplicate worker requests never produce duplicate module deliveries
  ---
  duration_ms: 6.194127
  type: 'test'
  ...
# Subtest: startup: moved browser service classes preserve public constructor identity
ok 674 - startup: moved browser service classes preserve public constructor identity
  ---
  duration_ms: 298.929897
  type: 'test'
  ...
# Subtest: startup: default catalog entry has no eager application or graphics import
ok 675 - startup: default catalog entry has no eager application or graphics import
  ---
  duration_ms: 1.917698
  type: 'test'
  ...
# Subtest: startup: lazy AOT inventory loads only MainView eagerly and preserves all original builders
ok 676 - startup: lazy AOT inventory loads only MainView eagerly and preserves all original builders
  ---
  duration_ms: 75.291716
  type: 'test'
  ...
# Subtest: startup: newer navigation wins even when an earlier AOT module resolves last
ok 677 - startup: newer navigation wins even when an earlier AOT module resolves last
  ---
  duration_ms: 214.358261
  type: 'test'
  ...
# Subtest: startup: Home invalidates a pending route and suppresses its late import failure
ok 678 - startup: Home invalidates a pending route and suppresses its late import failure
  ---
  duration_ms: 109.880946
  type: 'test'
  ...
# Subtest: submission fence resolves its captured frame while a newer animation batch is in flight
ok 679 - submission fence resolves its captured frame while a newer animation batch is in flight
  ---
  duration_ms: 8.504388
  type: 'test'
  ...
# Subtest: submission fence includes backpressured work but never chases later revisions
ok 680 - submission fence includes backpressured work but never chases later revisions
  ---
  duration_ms: 1.730419
  type: 'test'
  ...
# Subtest: submission fences retain independent targets across multiple callers
ok 681 - submission fences retain independent targets across multiple callers
  ---
  duration_ms: 1.647206
  type: 'test'
  ...
# Subtest: semantic no-op capture waits for submission of the acknowledged transaction, not another frame
ok 682 - semantic no-op capture waits for submission of the acknowledged transaction, not another frame
  ---
  duration_ms: 1.316635
  type: 'test'
  ...
# Subtest: submission notification before processed acknowledgement can complete a prepared fence
ok 683 - submission notification before processed acknowledgement can complete a prepared fence
  ---
  duration_ms: 3.819341
  type: 'test'
  ...
# Subtest: hidden submission is requested only for processed work and coalesces outstanding fences
ok 684 - hidden submission is requested only for processed work and coalesces outstanding fences
  ---
  duration_ms: 1.354091
  type: 'test'
  ...
# Subtest: stale generation submissions cannot satisfy current fences
ok 685 - stale generation submissions cannot satisfy current fences
  ---
  duration_ms: 0.937492
  type: 'test'
  ...
# Subtest: renderer failure rejects all pending fences and releases their queue slots
ok 686 - renderer failure rejects all pending fences and releases their queue slots
  ---
  duration_ms: 2.94327
  type: 'test'
  ...
# Subtest: submission fence timeout releases its queue slot
ok 687 - submission fence timeout releases its queue slot
  ---
  duration_ms: 10.693708
  type: 'test'
  ...
# Subtest: submission fence queue remains bounded without abandoning its existing caller
ok 688 - submission fence queue remains bounded without abandoning its existing caller
  ---
  duration_ms: 4.259687
  type: 'test'
  ...
# Subtest: restart during initialization rejects a flush of the previous generation
ok 689 - restart during initialization rejects a flush of the previous generation
  ---
  duration_ms: 2.166466
  type: 'test'
  ...
# Subtest: old hidden-render rejection cannot poison or unlock a restarted renderer
ok 690 - old hidden-render rejection cannot poison or unlock a restarted renderer
  ---
  duration_ms: 1.559355
  type: 'test'
  ...
# Subtest: TableView is a ListBox with live read-only Binding definitions and actual cell controls
ok 691 - TableView is a ListBox with live read-only Binding definitions and actual cell controls
  ---
  duration_ms: 21.111086
  type: 'test'
  ...
# Subtest: TableView XAML assigns Binding rather than evaluating on the column DataContext
ok 692 - TableView XAML assigns Binding rather than evaluating on the column DataContext
  ---
  duration_ms: 11.144077
  type: 'test'
  ...
# Subtest: TableView CellTemplate receives row data and takes precedence over Binding
ok 693 - TableView CellTemplate receives row data and takes precedence over Binding
  ---
  duration_ms: 4.213716
  type: 'test'
  ...
# Subtest: TableView rejects duplicate or cross-owned columns before mutating collections
ok 694 - TableView rejects duplicate or cross-owned columns before mutating collections
  ---
  duration_ms: 3.82544
  type: 'test'
  ...
# Subtest: TableView star, auto, pixel and constrained column widths share one row/header layout
ok 695 - TableView star, auto, pixel and constrained column widths share one row/header layout
  ---
  duration_ms: 7.423903
  type: 'test'
  ...
# Subtest: TableView 10,000 rows recycle real cell containers and release stale bindings
ok 696 - TableView 10,000 rows recycle real cell containers and release stale bindings
  ---
  duration_ms: 108.982708
  type: 'test'
  ...
# Subtest: TableView checkbox cell subscriptions and controls are disposed when recycled
ok 697 - TableView checkbox cell subscriptions and controls are disposed when recycled
  ---
  duration_ms: 1.928344
  type: 'test'
  ...
# Subtest: TableView header click sorting preserves selection identity and can be cancelled
ok 698 - TableView header click sorting preserves selection identity and can be cancelled
  ---
  duration_ms: 9.168915
  type: 'test'
  ...
# Subtest: TableView nullable resize override respects owning table changes
ok 699 - TableView nullable resize override respects owning table changes
  ---
  duration_ms: 1.487789
  type: 'test'
  ...
# Subtest: grapheme boundaries preserve emoji ZWJ, combining marks, flags and CRLF
ok 700 - grapheme boundaries preserve emoji ZWJ, combining marks, flags and CRLF
  ---
  duration_ms: 1.662318
  type: 'test'
  ...
# Subtest: TextBox deletes complete graphemes and enforces MaxLength without lone surrogates
ok 701 - TextBox deletes complete graphemes and enforces MaxLength without lone surrogates
  ---
  duration_ms: 4.583325
  type: 'test'
  ...
# Subtest: a native IME composition is a single undo/redo transaction
ok 702 - a native IME composition is a single undo/redo transaction
  ---
  duration_ms: 1.244477
  type: 'test'
  ...
# Subtest: password masking maps visual caret positions to original UTF-16 boundaries and supports reveal
ok 703 - password masking maps visual caret positions to original UTF-16 boundaries and supports reveal
  ---
  duration_ms: 2.708402
  type: 'test'
  ...
# Subtest: fallback line breaking retains source indices across CRLF and never truncates a grapheme
ok 704 - fallback line breaking retains source indices across CRLF and never truncates a grapheme
  ---
  duration_ms: 0.419502
  type: 'test'
  ...
# Subtest: rich inline ownership, inheritance, dynamic invalidation and XAML loading are functional
ok 705 - rich inline ownership, inheritance, dynamic invalidation and XAML loading are functional
  ---
  duration_ms: 10.5976
  type: 'test'
  ...
# Subtest: native SkParagraph shapes ligatures, Arabic and mixed-direction text with cluster hit testing
ok 706 - native SkParagraph shapes ligatures, Arabic and mixed-direction text with cluster hit testing
  ---
  duration_ms: 41.397549
  type: 'test'
  ...
# Subtest: native rich paragraph rendering uses per-run sizes, colors, wrapping and source indices
ok 707 - native rich paragraph rendering uses per-run sizes, colors, wrapping and source indices
  ---
  duration_ms: 20.517515
  type: 'test'
  ...
# Subtest: native paragraph cache eviction cannot invalidate a retained TextLayout
ok 708 - native paragraph cache eviction cannot invalidate a retained TextLayout
  ---
  duration_ms: 9.448149
  type: 'test'
  ...
# Subtest: inline UI containers participate in native text layout, visual arrangement and hit testing
ok 709 - inline UI containers participate in native text layout, visual arrangement and hit testing
  ---
  duration_ms: 5.722667
  type: 'test'
  ...
# Subtest: TextFormatter consumes source runs, preserves CRLF indices, and returns line-break continuations
ok 710 - TextFormatter consumes source runs, preserves CRLF indices, and returns line-break continuations
  ---
  duration_ms: 5.98721
  type: 'test'
  ...
# Subtest: wrapped formatter lines reuse a paragraph rather than rereading and reshaping the source
ok 711 - wrapped formatter lines reuse a paragraph rather than rereading and reshaping the source
  ---
  duration_ms: 0.981357
  type: 'test'
  ...
# Subtest: source run styles survive formatting and drawing records
ok 712 - source run styles survive formatting and drawing records
  ---
  duration_ms: 0.620591
  type: 'test'
  ...
# Subtest: TextLine caret navigation is UTF-16-indexed and grapheme safe
ok 713 - TextLine caret navigation is UTF-16-indexed and grapheme safe
  ---
  duration_ms: 0.879857
  type: 'test'
  ...
# Subtest: formatter rejects non-advancing runs and oversized paragraphs
ok 714 - formatter rejects non-advancing runs and oversized paragraphs
  ---
  duration_ms: 0.142551
  type: 'test'
  ...
# Subtest: TextLine collapse and interword justification are executable layout operations
ok 715 - TextLine collapse and interword justification are executable layout operations
  ---
  duration_ms: 0.804185
  type: 'test'
  ...
# Subtest: repeated TextBlock rendering retains the same layout without measuring
ok 716 - repeated TextBlock rendering retains the same layout without measuring
  ---
  duration_ms: 8.807239
  type: 'test'
  ...
# Subtest: TextBlock invalidates retained layout for shaping properties, width and inline changes
ok 717 - TextBlock invalidates retained layout for shaping properties, width and inline changes
  ---
  duration_ms: 3.213772
  type: 'test'
  ...
# Subtest: in-place foreground brush changes invalidate native descriptor snapshots
ok 718 - in-place foreground brush changes invalidate native descriptor snapshots
  ---
  duration_ms: 0.550928
  type: 'test'
  ...
# Subtest: text service generations invalidate retained layouts after font changes
ok 719 - text service generations invalidate retained layouts after font changes
  ---
  duration_ms: 0.267457
  type: 'test'
  ...
# Subtest: Control.DrawText retains bounded label layouts and respects mutable brush colors
ok 720 - Control.DrawText retains bounded label layouts and respects mutable brush colors
  ---
  duration_ms: 0.948058
  type: 'test'
  ...
# Subtest: text editor does not rebuild layout on caret or selection changes
ok 721 - text editor does not rebuild layout on caret or selection changes
  ---
  duration_ms: 5.591994
  type: 'test'
  ...
# Subtest: password layout reuse refreshes the logical mapping when equal-length masks hide different clusters
ok 722 - password layout reuse refreshes the logical mapping when equal-length masks hide different clusters
  ---
  duration_ms: 2.118556
  type: 'test'
  ...
# Subtest: grapheme cache is immutable, bounded, and does not expose text in diagnostics
ok 723 - grapheme cache is immutable, bounded, and does not expose text in diagnostics
  ---
  duration_ms: 4.097655
  type: 'test'
  ...
# Subtest: fallback caret hit testing uses logarithmic prefix measurements and reuses them
ok 724 - fallback caret hit testing uses logarithmic prefix measurements and reuses them
  ---
  duration_ms: 52.800461
  type: 'test'
  ...
# Subtest: negative letter spacing retains a non-monotonic fallback hit-test path
ok 725 - negative letter spacing retains a non-monotonic fallback hit-test path
  ---
  duration_ms: 0.780348
  type: 'test'
  ...
# Subtest: provider registrations restore the previous provider after out-of-order disposal
ok 726 - provider registrations restore the previous provider after out-of-order disposal
  ---
  duration_ms: 0.224143
  type: 'test'
  ...
# Subtest: font stretch and letter spacing survive XAML property conversion
ok 727 - font stretch and letter spacing survive XAML property conversion
  ---
  duration_ms: 5.730737
  type: 'test'
  ...
# Subtest: text raster plan includes italic overhang and unusually tall combining-mark ink
ok 728 - text raster plan includes italic overhang and unusually tall combining-mark ink
  ---
  duration_ms: 0.352083
  type: 'test'
  ...
# Subtest: text tiles cover large lines exactly without requiring an oversized canvas
ok 729 - text tiles cover large lines exactly without requiring an oversized canvas
  ---
  duration_ms: 0.500333
  type: 'test'
  ...
# Subtest: device-phase raster destinations land on the original physical pixel grid
ok 730 - device-phase raster destinations land on the original physical pixel grid
  ---
  duration_ms: 0.294066
  type: 'test'
  ...
# Subtest: rotated or sheared text uses the largest affine stretch rather than device DPR alone
ok 731 - rotated or sheared text uses the largest affine stretch rather than device DPR alone
  ---
  duration_ms: 0.089683
  type: 'test'
  ...
# Subtest: invalid raster sizes fail explicitly before allocation
ok 732 - invalid raster sizes fail explicitly before allocation
  ---
  duration_ms: 0.139547
  type: 'test'
  ...
# Subtest: wide fallback paragraph wrapping searches break candidates instead of every prefix
ok 733 - wide fallback paragraph wrapping searches break candidates instead of every prefix
  ---
  duration_ms: 49.039599
  type: 'test'
  ...
# Subtest: fallback ellipsis binary search never splits a grapheme and avoids a quadratic scan
ok 734 - fallback ellipsis binary search never splits a grapheme and avoids a quadratic scan
  ---
  duration_ms: 11.557031
  type: 'test'
  ...
# Subtest: WrapWithOverflow preserves an unbreakable word while Wrap can split it
ok 735 - WrapWithOverflow preserves an unbreakable word while Wrap can split it
  ---
  duration_ms: 0.586311
  type: 'test'
  ...
# Subtest: font metrics establish stable baselines; combining ink does not move line spacing
ok 736 - font metrics establish stable baselines; combining ink does not move line spacing
  ---
  duration_ms: 2.468986
  type: 'test'
  ...
# Subtest: viewport and caret line lookup are logarithmic for a 10000-line document
ok 737 - viewport and caret line lookup are logarithmic for a 10000-line document
  ---
  duration_ms: 24.150866
  type: 'test'
  ...
# Subtest: line aggregation handles documents beyond the JavaScript argument-count limit
ok 738 - line aggregation handles documents beyond the JavaScript argument-count limit
  ---
  duration_ms: 87.05552
  type: 'test'
  ...
# Subtest: MaxLines stops shaping invisible paragraphs after one overflow sentinel
ok 739 - MaxLines stops shaping invisible paragraphs after one overflow sentinel
  ---
  duration_ms: 3.444905
  type: 'test'
  ...
# Subtest: MaxLines with wrapped overflow still marks and fits the ellipsis
ok 740 - MaxLines with wrapped overflow still marks and fits the ellipsis
  ---
  duration_ms: 7.631582
  type: 'test'
  ...
# Subtest: FormattedText retains a borrowed layout and invalidates on brush/font/width changes
ok 741 - FormattedText retains a borrowed layout and invalidates on brush/font/width changes
  ---
  duration_ms: 7.619817
  type: 'test'
  ...
# Subtest: uncacheable rich/feature descriptors still have bounded layout ownership
ok 742 - uncacheable rich/feature descriptors still have bounded layout ownership
  ---
  duration_ms: 1.195586
  type: 'test'
  ...
# Subtest: z-order snapshots are reused and invalidate for values, add/remove and public reorder
ok 743 - z-order snapshots are reused and invalidate for values, add/remove and public reorder
  ---
  duration_ms: 3.908374
  type: 'test'
  ...
# Subtest: typeface descriptors are retained and external mutations do not alter control properties
ok 744 - typeface descriptors are retained and external mutations do not alter control properties
  ---
  duration_ms: 0.838635
  type: 'test'
  ...
# Subtest: scrollbars expose correct automation role/range and automation changes scroll the owner
ok 745 - scrollbars expose correct automation role/range and automation changes scroll the owner
  ---
  duration_ms: 9.226689
  type: 'test'
  ...
# Subtest: wheel mode is sampled before delta values
ok 746 - wheel mode is sampled before delta values
  ---
  duration_ms: 1.197208
  type: 'test'
  ...
# Subtest: deep document caret positions segment only the touched line and preserve CRLF ties
ok 747 - deep document caret positions segment only the touched line and preserve CRLF ties
  ---
  duration_ms: 60.682979
  type: 'test'
  ...
# Subtest: FormattedText culture and disposed borrowed layouts invalidate safely
ok 748 - FormattedText culture and disposed borrowed layouts invalidate safely
  ---
  duration_ms: 1.778621
  type: 'test'
  ...
# Subtest: default scalar content updates retain the owned TextBlock presenter
ok 749 - default scalar content updates retain the owned TextBlock presenter
  ---
  duration_ms: 6.93667
  type: 'test'
  ...
# Subtest: implicit and explicit templates never inherit the default scalar presenter fast path
ok 750 - implicit and explicit templates never inherit the default scalar presenter fast path
  ---
  duration_ms: 0.753649
  type: 'test'
  ...
# Subtest: threading: binary round-trip retains UTF8, floating values, typed buffers and isolated ownership
ok 751 - threading: binary round-trip retains UTF8, floating values, typed buffers and isolated ownership
  ---
  duration_ms: 2.550717
  type: 'test'
  ...
# Subtest: threading: malformed protocol, cycles, dangerous keys and unsupported functions fail closed
ok 752 - threading: malformed protocol, cycles, dangerous keys and unsupported functions fail closed
  ---
  duration_ms: 0.697096
  type: 'test'
  ...
# Subtest: threading: buffer pool is byte bounded and never reuses transferred detached memory
ok 753 - threading: buffer pool is byte bounded and never reuses transferred detached memory
  ---
  duration_ms: 0.291253
  type: 'test'
  ...
# Subtest: threading: backpressure computes the next delta from acknowledged state, preserving prerequisite objects
ok 754 - threading: backpressure computes the next delta from acknowledged state, preserving prerequisite objects
  ---
  duration_ms: 0.472532
  type: 'test'
  ...
# Subtest: threading: clean scene capture does not call Control.Render and placement changes do not rerecord content
ok 755 - threading: clean scene capture does not call Control.Render and placement changes do not rerecord content
  ---
  duration_ms: 7.109857
  type: 'test'
  ...
# Subtest: threading: server applies a portable gradient/text scene without accessing UI controls
ok 756 - threading: server applies a portable gradient/text scene without accessing UI controls
  ---
  duration_ms: 11.692442
  type: 'test'
  ...
# Subtest: threading: invalid graph and sequence are rejected without changing the committed scene
ok 757 - threading: invalid graph and sequence are rejected without changing the committed scene
  ---
  duration_ms: 4.636895
  type: 'test'
  ...
# Subtest: threading: server materializes primitive visual defaults and ticks keyframes without UI access
ok 758 - threading: server materializes primitive visual defaults and ticks keyframes without UI access
  ---
  duration_ms: 12.267195
  type: 'test'
  ...
# Subtest: threading: all node arguments are prepared before scene mutation
ok 759 - threading: all node arguments are prepared before scene mutation
  ---
  duration_ms: 4.375697
  type: 'test'
  ...
# Subtest: threading: delta references cannot delete a still-live resource
ok 760 - threading: delta references cannot delete a still-live resource
  ---
  duration_ms: 1.99348
  type: 'test'
  ...
# Subtest: threading: an unrecorded composition mutation cannot receive an early processed acknowledgement
ok 761 - threading: an unrecorded composition mutation cannot receive an early processed acknowledgement
  ---
  duration_ms: 0.668503
  type: 'test'
  ...
# Subtest: threading: semantic projection emits incremental mutations and preserves node identity
ok 762 - threading: semantic projection emits incremental mutations and preserves node identity
  ---
  duration_ms: 0.464901
  type: 'test'
  ...
# Subtest: threading: control RPC transfers buffers and rejects unknown operations
ok 763 - threading: control RPC transfers buffers and rejects unknown operations
  ---
  duration_ms: 28.302676
  type: 'test'
  ...
# Subtest: threading: control RPC is bounded and rejects pending work on disposal
ok 764 - threading: control RPC is bounded and rejects pending work on disposal
  ---
  duration_ms: 0.428125
  type: 'test'
  ...
# Subtest: threading: ellipse replay preserves center and both radii without per-frame argument arrays
ok 765 - threading: ellipse replay preserves center and both radii without per-frame argument arrays
  ---
  duration_ms: 0.245975
  type: 'test'
  ...
# Subtest: threading: compositor scroll acknowledgement reconciles sequenced deltas once
ok 766 - threading: compositor scroll acknowledgement reconciles sequenced deltas once
  ---
  duration_ms: 0.670545
  type: 'test'
  ...
# Subtest: threading: virtual scroll coverage prevents speculative blank rows and rejects duplicate events
ok 767 - threading: virtual scroll coverage prevents speculative blank rows and rejects duplicate events
  ---
  duration_ms: 0.187328
  type: 'test'
  ...
# Subtest: threading: scroll fast path maps CSS delta modes and updates header and thumb transforms
ok 768 - threading: scroll fast path maps CSS delta modes and updates header and thumb transforms
  ---
  duration_ms: 0.20184
  type: 'test'
  ...
# Subtest: threading: scroll queues are bounded and removed policies cannot retain input
ok 769 - threading: scroll queues are bounded and removed policies cannot retain input
  ---
  duration_ms: 19.945917
  type: 'test'
  ...
# Subtest: threading: fast-scroll policy is explicit and excludes editor, rotated or animated content
ok 770 - threading: fast-scroll policy is explicit and excludes editor, rotated or animated content
  ---
  duration_ms: 10.442084
  type: 'test'
  ...
# Subtest: threading: custom worker messages are queued before connection and acknowledgement trims only consumed messages
ok 771 - threading: custom worker messages are queued before connection and acknowledgement trims only consumed messages
  ---
  duration_ms: 1.27263
  type: 'test'
  ...
# Subtest: threading: registered worker custom handler receives durable state and messages only on server
ok 772 - threading: registered worker custom handler receives durable state and messages only on server
  ---
  duration_ms: 3.993169
  type: 'test'
  ...
# Subtest: threading: a burst of pre-capture composition waits shares one bounded promise
ok 773 - threading: a burst of pre-capture composition waits shares one bounded promise
  ---
  duration_ms: 3.067995
  type: 'test'
  ...
# Subtest: threading: concurrent render RPCs are bounded after initialization and reject on failure
ok 774 - threading: concurrent render RPCs are bounded after initialization and reject on failure
  ---
  duration_ms: 0.497398
  type: 'test'
  ...
# Subtest: threading: clean off-tree VisualBrush retains every nested descendant and tracks changed ink
ok 775 - threading: clean off-tree VisualBrush retains every nested descendant and tracks changed ink
  ---
  duration_ms: 19.537921
  type: 'test'
  ...
# Subtest: property cache: repeated inherited reads do not resolve metadata or priorities again
ok 776 - property cache: repeated inherited reads do not resolve metadata or priorities again
  ---
  duration_ms: 6.791455
  type: 'test'
  ...
# Subtest: property cache: parent handlers immediately observe fresh descendant values
ok 777 - property cache: parent handlers immediately observe fresh descendant values
  ---
  duration_ms: 0.871303
  type: 'test'
  ...
# Subtest: property cache: reparent notifications see all newly inherited descendant properties
ok 778 - property cache: reparent notifications see all newly inherited descendant properties
  ---
  duration_ms: 1.460639
  type: 'test'
  ...
# Subtest: property cache: local shadows isolate their descendants and ClearValue reconnects inheritance
ok 779 - property cache: local shadows isolate their descendants and ClearValue reconnects inheritance
  ---
  duration_ms: 0.778716
  type: 'test'
  ...
# Subtest: property cache: priority removal, animation base values and same-priority order remain correct
ok 780 - property cache: priority removal, animation base values and same-priority order remain correct
  ---
  duration_ms: 0.491931
  type: 'test'
  ...
# Subtest: property cache: changing the order on an existing slot invalidates its winning entry
ok 781 - property cache: changing the order on an existing slot invalidates its winning entry
  ---
  duration_ms: 0.408096
  type: 'test'
  ...
# Subtest: property cache: observable bindings replace cached values and dispose without stale roots
ok 782 - property cache: observable bindings replace cached values and dispose without stale roots
  ---
  duration_ms: 1.450233
  type: 'test'
  ...
# Subtest: property cache: coerced values are never frozen, including through inherited nodes
ok 783 - property cache: coerced values are never frozen, including through inherited nodes
  ---
  duration_ms: 0.405242
  type: 'test'
  ...
# Subtest: property cache: direct getters continue to execute on every read
ok 784 - property cache: direct getters continue to execute on every read
  ---
  duration_ms: 0.31592
  type: 'test'
  ...
# Subtest: property cache: null, undefined, NaN and per-instance factories preserve value semantics
ok 785 - property cache: null, undefined, NaN and per-instance factories preserve value semantics
  ---
  duration_ms: 0.576806
  type: 'test'
  ...
# Subtest: property cache: metadata override invalidates already cached derived defaults
ok 786 - property cache: metadata override invalidates already cached derived defaults
  ---
  duration_ms: 0.207828
  type: 'test'
  ...
# Subtest: property cache: AddOwner and newly registered inherited properties invalidate lookup inventories
ok 787 - property cache: AddOwner and newly registered inherited properties invalidate lookup inventories
  ---
  duration_ms: 0.685087
  type: 'test'
  ...
# Subtest: property cache: metadata can disable inheritance for a derived node and its descendants
ok 788 - property cache: metadata can disable inheritance for a derived node and its descendants
  ---
  duration_ms: 0.709844
  type: 'test'
  ...
# Subtest: property cache: disposed objects release retained resolved entries and factories
ok 789 - property cache: disposed objects release retained resolved entries and factories
  ---
  duration_ms: 0.472952
  type: 'test'
  ...
# Subtest: layout: a batch of leaf arrange invalidations reaches the root only once
ok 790 - layout: a batch of leaf arrange invalidations reaches the root only once
  ---
  duration_ms: 5.468851
  type: 'test'
  ...
# Subtest: layout: a batch of leaf measure invalidations reaches the root only once
ok 791 - layout: a batch of leaf measure invalidations reaches the root only once
  ---
  duration_ms: 1.13141
  type: 'test'
  ...
# Subtest: layout: invalidation raised inside ArrangeOverride is not overwritten
ok 792 - layout: invalidation raised inside ArrangeOverride is not overwritten
  ---
  duration_ms: 1.37345
  type: 'test'
  ...
# Subtest: layout: identity-transform translations are cached but track bounds and nonidentity transforms
ok 793 - layout: identity-transform translations are cached but track bounds and nonidentity transforms
  ---
  duration_ms: 0.579711
  type: 'test'
  ...
# Subtest: table: steady-state disjoint viewport jumps keep row/cell/text visual identities attached
ok 794 - table: steady-state disjoint viewport jumps keep row/cell/text visual identities attached
  ---
  duration_ms: 110.967026
  type: 'test'
  ...
# Subtest: table: recycled scalar bindings unsubscribe old rows and observe their new row
ok 795 - table: recycled scalar bindings unsubscribe old rows and observe their new row
  ---
  duration_ms: 42.019792
  type: 'test'
  ...
# Subtest: table: visible-column cache updates for visibility, replacement and order changes
ok 796 - table: visible-column cache updates for visibility, replacement and order changes
  ---
  duration_ms: 30.081438
  type: 'test'
  ...
# Subtest: table: custom data templates still rebuild and dispose obsolete instances
ok 797 - table: custom data templates still rebuild and dispose obsolete instances
  ---
  duration_ms: 0.878114
  type: 'test'
  ...
# Subtest: render transform: caller mutation cannot poison a cached translation
ok 798 - render transform: caller mutation cannot poison a cached translation
  ---
  duration_ms: 0.258123
  type: 'test'
  ...
# Subtest: button command: parameter and CanExecute notifications invalidate automation state
ok 799 - button command: parameter and CanExecute notifications invalidate automation state
  ---
  duration_ms: 1.800283
  type: 'test'
  ...
# Subtest: editor: masking and read-only changes synchronize the existing native input without a text edit
ok 800 - editor: masking and read-only changes synchronize the existing native input without a text edit
  ---
  duration_ms: 3.75088
  type: 'test'
  ...
# Subtest: Avalonia text raster compatibility exports are the actual upstream functions
ok 801 - Avalonia text raster compatibility exports are the actual upstream functions
  ---
  duration_ms: 2.377536
  type: 'test'
  ...
# Subtest: text module matches the merged upstream Git blob and consumer pins that exact revision
ok 802 - text module matches the merged upstream Git blob and consumer pins that exact revision
  ---
  duration_ms: 6.225186
  type: 'test'
  ...
# Subtest: shared clipped text planning is proportional to the viewport, not line length
ok 803 - shared clipped text planning is proportional to the viewport, not line length
  ---
  duration_ms: 0.578709
  type: 'test'
  ...
# Subtest: worker native perf: device clips are reused through transform-only state changes
ok 804 - worker native perf: device clips are reused through transform-only state changes
  ---
  duration_ms: 15.049647
  type: 'test'
  ...
# Subtest: worker native perf: nested clip and layer changes refresh only at the relevant scope
ok 805 - worker native perf: nested clip and layer changes refresh only at the relevant scope
  ---
  duration_ms: 4.711877
  type: 'test'
  ...
# Subtest: worker native perf: direct native mutation is uncached by default and explicit invalidation is honored
ok 806 - worker native perf: direct native mutation is uncached by default and explicit invalidation is honored
  ---
  duration_ms: 0.442306
  type: 'test'
  ...
# Subtest: worker native perf: cached clip state preserves RGBA through transforms clips opacity geometry and effects
ok 807 - worker native perf: cached clip state preserves RGBA through transforms clips opacity geometry and effects
  ---
  duration_ms: 13.096928
  type: 'test'
  ...
# Subtest: worker perf: packet-local UTF8 dictionary eliminates repeated field and value encoding
ok 808 - worker perf: packet-local UTF8 dictionary eliminates repeated field and value encoding
  ---
  duration_ms: 24.194507
  type: 'test'
  ...
# Subtest: worker perf: string definitions encode into destination storage without temporary encode arrays
ok 809 - worker perf: string definitions encode into destination storage without temporary encode arrays
  ---
  duration_ms: 0.383269
  type: 'test'
  ...
# Subtest: worker perf: dictionary scope is one transaction including transfer-buffer reuse
ok 810 - worker perf: dictionary scope is one transaction including transfer-buffer reuse
  ---
  duration_ms: 0.317631
  type: 'test'
  ...
# Subtest: worker perf: strings preserve Unicode and standard lone-surrogate replacement
ok 811 - worker perf: strings preserve Unicode and standard lone-surrogate replacement
  ---
  duration_ms: 0.460704
  type: 'test'
  ...
# Subtest: worker perf: inline string encoding respects an exact small byte budget
ok 812 - worker perf: inline string encoding respects an exact small byte budget
  ---
  duration_ms: 0.708892
  type: 'test'
  ...
# Subtest: worker perf: invalid and forward dictionary references fail closed
ok 813 - worker perf: invalid and forward dictionary references fail closed
  ---
  duration_ms: 0.212786
  type: 'test'
  ...
# Subtest: worker perf: malformed UTF8 and truncated dictionary payloads fail closed
ok 814 - worker perf: malformed UTF8 and truncated dictionary payloads fail closed
  ---
  duration_ms: 0.257492
  type: 'test'
  ...
# Subtest: worker perf: v1 transaction reading remains available for recorded diagnostics
ok 815 - worker perf: v1 transaction reading remains available for recorded diagnostics
  ---
  duration_ms: 0.141891
  type: 'test'
  ...
# Subtest: worker perf: non-string reference identity is never shared by the dictionary
ok 816 - worker perf: non-string reference identity is never shared by the dictionary
  ---
  duration_ms: 1.229381
  type: 'test'
  ...
# Subtest: worker perf: deterministic nested Unicode/typed-array corpus roundtrips
ok 817 - worker perf: deterministic nested Unicode/typed-array corpus roundtrips
  ---
  duration_ms: 1.622909
  type: 'test'
  ...
# Subtest: worker perf: deeply repeated objects still respect nesting and key safety
ok 818 - worker perf: deeply repeated objects still respect nesting and key safety
  ---
  duration_ms: 0.719939
  type: 'test'
  ...
# Subtest: worker perf: placement-only patches omit retained drawing instructions and resource metadata
ok 819 - worker perf: placement-only patches omit retained drawing instructions and resource metadata
  ---
  duration_ms: 12.375717
  type: 'test'
  ...
# Subtest: worker perf: pending patches are rebased against ACK, not an intermediate desired state
ok 820 - worker perf: pending patches are rebased against ACK, not an intermediate desired state
  ---
  duration_ms: 0.347636
  type: 'test'
  ...
# Subtest: worker perf: patch rejects missing target without mutating scene
ok 821 - worker perf: patch rejects missing target without mutating scene
  ---
  duration_ms: 2.454545
  type: 'test'
  ...
# Subtest: worker perf: patch rejects Id replacement without mutating scene
ok 822 - worker perf: patch rejects Id replacement without mutating scene
  ---
  duration_ms: 2.273657
  type: 'test'
  ...
# Subtest: worker perf: patch rejects unknown field without mutating scene
ok 823 - worker perf: patch rejects unknown field without mutating scene
  ---
  duration_ms: 3.782551
  type: 'test'
  ...
# Subtest: worker perf: patch rejects prototype member without mutating scene
ok 824 - worker perf: patch rejects prototype member without mutating scene
  ---
  duration_ms: 2.130324
  type: 'test'
  ...
# Subtest: worker perf: conflicting patch/remove operations and patches in full snapshots are rejected
ok 825 - worker perf: conflicting patch/remove operations and patches in full snapshots are rejected
  ---
  duration_ms: 1.752132
  type: 'test'
  ...
# Subtest: worker perf: patched commands are checked even when content revision is unchanged
ok 826 - worker perf: patched commands are checked even when content revision is unchanged
  ---
  duration_ms: 2.360783
  type: 'test'
  ...
# Subtest: worker perf: changed native descriptors fail before committed state is replaced
ok 827 - worker perf: changed native descriptors fail before committed state is replaced
  ---
  duration_ms: 5.393218
  type: 'test'
  ...
# Subtest: worker perf: removal revalidates cached references of untouched display lists
ok 828 - worker perf: removal revalidates cached references of untouched display lists
  ---
  duration_ms: 5.640956
  type: 'test'
  ...
# Subtest: worker perf: placement-only transaction does not repeat graph validation
ok 829 - worker perf: placement-only transaction does not repeat graph validation
  ---
  duration_ms: 2.415406
  type: 'test'
  ...
# Subtest: worker perf: cached descriptors are immutable, including nested clip arrays
ok 830 - worker perf: cached descriptors are immutable, including nested clip arrays
  ---
  duration_ms: 1.3199
  type: 'test'
  ...
# Subtest: worker perf: cycle inserted by a patch is rejected after prior topology was cached
ok 831 - worker perf: cycle inserted by a patch is rejected after prior topology was cached
  ---
  duration_ms: 1.201674
  type: 'test'
  ...
# Subtest: worker perf: actual resource references participate in cycle checks even without declared Depends
ok 832 - worker perf: actual resource references participate in cycle checks even without declared Depends
  ---
  duration_ms: 3.478003
  type: 'test'
  ...
# Subtest: worker perf: retained reference summaries handle deep shared descriptors without rescanning
ok 833 - worker perf: retained reference summaries handle deep shared descriptors without rescanning
  ---
  duration_ms: 2.469867
  type: 'test'
  ...
# Subtest: worker perf: off-tree VisualBrush in a TEXT RESOURCE stays live and invalidates independently
ok 834 - worker perf: off-tree VisualBrush in a TEXT RESOURCE stays live and invalidates independently
  ---
  duration_ms: 2.863683
  type: 'test'
  ...
# Subtest: worker perf: equal independent text layouts share one immutable resource
ok 835 - worker perf: equal independent text layouts share one immutable resource
  ---
  duration_ms: 0.386794
  type: 'test'
  ...
# Subtest: worker perf: text resource interning preserves width, color, typeface and spacing differences
ok 836 - worker perf: text resource interning preserves width, color, typeface and spacing differences
  ---
  duration_ms: 1.196226
  type: 'test'
  ...
# Subtest: worker perf: one shared-resource owner changing revision cannot overwrite another owner
ok 837 - worker perf: one shared-resource owner changing revision cannot overwrite another owner
  ---
  duration_ms: 0.192496
  type: 'test'
  ...
# Subtest: worker perf: shared text is retained until its last visible consumer is gone
ok 838 - worker perf: shared text is retained until its last visible consumer is gone
  ---
  duration_ms: 3.867002
  type: 'test'
  ...
# Subtest: worker perf: no-editor acknowledgement traffic is suppressed but focus/editor updates are not
ok 839 - worker perf: no-editor acknowledgement traffic is suppressed but focus/editor updates are not
  ---
  duration_ms: 0.365283
  type: 'test'
  ...
# Subtest: worker perf: key/focus event forwarding does not force a canvas layout read
ok 840 - worker perf: key/focus event forwarding does not force a canvas layout read
  ---
  duration_ms: 0.311273
  type: 'test'
  ...
# Subtest: worker perf: submitted/frame duplicate notification projects state once but acknowledges credit
ok 841 - worker perf: submitted/frame duplicate notification projects state once but acknowledges credit
  ---
  duration_ms: 0.5785
  type: 'test'
  ...
# Subtest: worker perf: exact identity transforms skip native state operations without losing ink
ok 842 - worker perf: exact identity transforms skip native state operations without losing ink
  ---
  duration_ms: 1.692804
  type: 'test'
  ...
# Subtest: bootstrap installs message handler synchronously without importing the runtime
ok 843 - bootstrap installs message handler synchronously without importing the runtime
  ---
  duration_ms: 5.112551
  type: 'test'
  ...
# Subtest: bootstrap owns the original transferred objects before top-level await resolves
ok 844 - bootstrap owns the original transferred objects before top-level await resolves
  ---
  duration_ms: 3.096027
  type: 'test'
  ...
# Subtest: duplicate initialize is ignored while graph is suspended and after ready
ok 845 - duplicate initialize is ignored while graph is suspended and after ready
  ---
  duration_ms: 0.497338
  type: 'test'
  ...
# Subtest: non-initialization messages do not trigger graph import or allocate a queue
ok 846 - non-initialization messages do not trigger graph import or allocate a queue
  ---
  duration_ms: 0.524319
  type: 'test'
  ...
# Subtest: bootstrap reports sync-import and closes instead of timing out
ok 847 - bootstrap reports sync-import and closes instead of timing out
  ---
  duration_ms: 0.833908
  type: 'test'
  ...
# Subtest: bootstrap reports async-import and closes instead of timing out
ok 848 - bootstrap reports async-import and closes instead of timing out
  ---
  duration_ms: 0.455005
  type: 'test'
  ...
# Subtest: bootstrap reports missing-export and closes instead of timing out
ok 849 - bootstrap reports missing-export and closes instead of timing out
  ---
  duration_ms: 0.398792
  type: 'test'
  ...
# Subtest: bootstrap reports entry-rejection and closes instead of timing out
ok 850 - bootstrap reports entry-rejection and closes instead of timing out
  ---
  duration_ms: 1.004021
  type: 'test'
  ...
# Subtest: startup stage notifications remain ordered while the entry is awaiting work
ok 851 - startup stage notifications remain ordered while the entry is awaiting work
  ---
  duration_ms: 1.302905
  type: 'test'
  ...
# Subtest: production entry generation embeds bootstrap instead of statically importing asynchronous dependencies
ok 852 - production entry generation embeds bootstrap instead of statically importing asynchronous dependencies
  ---
  duration_ms: 3.241478
  type: 'test'
  ...
# Subtest: render-worker bootstrap failure does not attempt to reuse or retransfer its canvas
ok 853 - render-worker bootstrap failure does not attempt to reuse or retransfer its canvas
  ---
  duration_ms: 2.22893
  type: 'test'
  ...
# Subtest: disposing a not-yet-ready renderer settles initialization instead of leaving a pending promise
ok 854 - disposing a not-yet-ready renderer settles initialization instead of leaving a pending promise
  ---
  duration_ms: 0.90933
  type: 'test'
  ...
# Subtest: XAML explicit constructor overloads preserve argument types in runtime and direct AOT
ok 855 - XAML explicit constructor overloads preserve argument types in runtime and direct AOT
  ---
  duration_ms: 12.750942
  type: 'test'
  ...
# Subtest: XAML registered factories receive optional and variadic arguments without eval
ok 856 - XAML registered factories receive optional and variadic arguments without eval
  ---
  duration_ms: 5.70396
  type: 'test'
  ...
# Subtest: XAML generic factories cache closed types and typed arrays reject incompatible elements
ok 857 - XAML generic factories cache closed types and typed arrays reject incompatible elements
  ---
  duration_ms: 14.146737
  type: 'test'
  ...
# Subtest: XAML array resources remain keyed and nested object arguments do not become RootObject
ok 858 - XAML array resources remain keyed and nested object arguments do not become RootObject
  ---
  duration_ms: 17.270926
  type: 'test'
  ...
# Subtest: XAML failure disposes constructed objects once in both execution paths
ok 859 - XAML failure disposes constructed objects once in both execution paths
  ---
  duration_ms: 3.551984
  type: 'test'
  ...
# Subtest: overload ambiguity, nullability and numeric validation are explicit
ok 860 - overload ambiguity, nullability and numeric validation are explicit
  ---
  duration_ms: 1.398827
  type: 'test'
  ...
# Subtest: XAML duplicate constructor directives and missing generic arity fail before silent defaults
ok 861 - XAML duplicate constructor directives and missing generic arity fail before silent defaults
  ---
  duration_ms: 1.438075
  type: 'test'
  ...
# Subtest: namespace runtime/AOT false: attached binding and worker pixels at 1x
ok 862 - namespace runtime/AOT false: attached binding and worker pixels at 1x
  ---
  duration_ms: 49.009265
  type: 'test'
  ...
# Subtest: namespace runtime/AOT false: attached binding and worker pixels at 1.25x
ok 863 - namespace runtime/AOT false: attached binding and worker pixels at 1.25x
  ---
  duration_ms: 16.921557
  type: 'test'
  ...
# Subtest: namespace runtime/AOT false: attached binding and worker pixels at 1.5x
ok 864 - namespace runtime/AOT false: attached binding and worker pixels at 1.5x
  ---
  duration_ms: 17.670489
  type: 'test'
  ...
# Subtest: namespace runtime/AOT false: attached binding and worker pixels at 2x
ok 865 - namespace runtime/AOT false: attached binding and worker pixels at 2x
  ---
  duration_ms: 24.587991
  type: 'test'
  ...
# Subtest: namespace runtime/AOT false: attached binding and worker pixels at 3x
ok 866 - namespace runtime/AOT false: attached binding and worker pixels at 3x
  ---
  duration_ms: 47.348328
  type: 'test'
  ...
# Subtest: namespace runtime/AOT true: attached binding and worker pixels at 1x
ok 867 - namespace runtime/AOT true: attached binding and worker pixels at 1x
  ---
  duration_ms: 11.87929
  type: 'test'
  ...
# Subtest: namespace runtime/AOT true: attached binding and worker pixels at 1.25x
ok 868 - namespace runtime/AOT true: attached binding and worker pixels at 1.25x
  ---
  duration_ms: 16.00802
  type: 'test'
  ...
# Subtest: namespace runtime/AOT true: attached binding and worker pixels at 1.5x
ok 869 - namespace runtime/AOT true: attached binding and worker pixels at 1.5x
  ---
  duration_ms: 14.781399
  type: 'test'
  ...
# Subtest: namespace runtime/AOT true: attached binding and worker pixels at 2x
ok 870 - namespace runtime/AOT true: attached binding and worker pixels at 2x
  ---
  duration_ms: 35.997562
  type: 'test'
  ...
# Subtest: namespace runtime/AOT true: attached binding and worker pixels at 3x
ok 871 - namespace runtime/AOT true: attached binding and worker pixels at 3x
  ---
  duration_ms: 46.442211
  type: 'test'
  ...
# Subtest: runtime Ignorable drops attributes and complete subtrees before extension parsing
ok 872 - runtime Ignorable drops attributes and complete subtrees before extension parsing
  ---
  duration_ms: 8.969449
  type: 'test'
  ...
# Subtest: runtime Ignorable is URI based when a child rebinds the lexical prefix
ok 873 - runtime Ignorable is URI based when a child rebinds the lexical prefix
  ---
  duration_ms: 4.867598
  type: 'test'
  ...
# Subtest: runtime local Ignorable does not leak across empty or nonempty sibling elements
ok 874 - runtime local Ignorable does not leak across empty or nonempty sibling elements
  ---
  duration_ms: 2.83555
  type: 'test'
  ...
# Subtest: runtime mapped ignorable namespaces are understood and lexical extension aliases are mapped
ok 875 - runtime mapped ignorable namespaces are understood and lexical extension aliases are mapped
  ---
  duration_ms: 2.482757
  type: 'test'
  ...
# Subtest: runtime namespaced attached members resolve the specified owner, not its default-namespace homonym
ok 876 - runtime namespaced attached members resolve the specified owner, not its default-namespace homonym
  ---
  duration_ms: 1.795737
  type: 'test'
  ...
# Subtest: runtime namespaced property elements provide the correct actual target property to extensions
ok 877 - runtime namespaced property elements provide the correct actual target property to extensions
  ---
  duration_ms: 1.646074
  type: 'test'
  ...
# Subtest: runtime unknown nonignorable attributes cannot masquerade as local properties or events
ok 878 - runtime unknown nonignorable attributes cannot masquerade as local properties or events
  ---
  duration_ms: 2.111535
  type: 'test'
  ...
# Subtest: runtime namespace mappings survive deferred template construction and binding updates
ok 879 - runtime namespace mappings survive deferred template construction and binding updates
  ---
  duration_ms: 4.926115
  type: 'test'
  ...
# Subtest: runtime XML attribute normalization preserves character references and xml:space text
ok 880 - runtime XML attribute normalization preserves character references and xml:space text
  ---
  duration_ms: 1.34007
  type: 'test'
  ...
# Subtest: runtime ignored content never runs registered constructors or captures names
ok 881 - runtime ignored content never runs registered constructors or captures names
  ---
  duration_ms: 1.947322
  type: 'test'
  ...
# Subtest: AOT Ignorable drops attributes and complete subtrees before extension parsing
ok 882 - AOT Ignorable drops attributes and complete subtrees before extension parsing
  ---
  duration_ms: 13.375512
  type: 'test'
  ...
# Subtest: AOT Ignorable is URI based when a child rebinds the lexical prefix
ok 883 - AOT Ignorable is URI based when a child rebinds the lexical prefix
  ---
  duration_ms: 4.301107
  type: 'test'
  ...
# Subtest: AOT local Ignorable does not leak across empty or nonempty sibling elements
ok 884 - AOT local Ignorable does not leak across empty or nonempty sibling elements
  ---
  duration_ms: 4.440383
  type: 'test'
  ...
# Subtest: AOT mapped ignorable namespaces are understood and lexical extension aliases are mapped
ok 885 - AOT mapped ignorable namespaces are understood and lexical extension aliases are mapped
  ---
  duration_ms: 2.726468
  type: 'test'
  ...
# Subtest: AOT namespaced attached members resolve the specified owner, not its default-namespace homonym
ok 886 - AOT namespaced attached members resolve the specified owner, not its default-namespace homonym
  ---
  duration_ms: 2.501144
  type: 'test'
  ...
# Subtest: AOT namespaced property elements provide the correct actual target property to extensions
ok 887 - AOT namespaced property elements provide the correct actual target property to extensions
  ---
  duration_ms: 2.388767
  type: 'test'
  ...
# Subtest: AOT unknown nonignorable attributes cannot masquerade as local properties or events
ok 888 - AOT unknown nonignorable attributes cannot masquerade as local properties or events
  ---
  duration_ms: 9.956266
  type: 'test'
  ...
# Subtest: AOT namespace mappings survive deferred template construction and binding updates
ok 889 - AOT namespace mappings survive deferred template construction and binding updates
  ---
  duration_ms: 6.609955
  type: 'test'
  ...
# Subtest: AOT XML attribute normalization preserves character references and xml:space text
ok 890 - AOT XML attribute normalization preserves character references and xml:space text
  ---
  duration_ms: 1.937147
  type: 'test'
  ...
# Subtest: AOT ignored content never runs registered constructors or captures names
ok 891 - AOT ignored content never runs registered constructors or captures names
  ---
  duration_ms: 2.288909
  type: 'test'
  ...
# Subtest: XDocumentXamlParser and settings expose upstream-compatible mapping names
ok 892 - XDocumentXamlParser and settings expose upstream-compatible mapping names
  ---
  duration_ms: 0.24296
  type: 'test'
  ...
# Subtest: namespace mapping is a single step, not transitive
ok 893 - namespace mapping is a single step, not transitive
  ---
  duration_ms: 0.077556
  type: 'test'
  ...
# Subtest: mapping to the same expanded attribute name is rejected before construction
ok 894 - mapping to the same expanded attribute name is rejected before construction
  ---
  duration_ms: 0.282049
  type: 'test'
  ...
# Subtest: namespace mappings are snapshotted per parse and do not mutate caller input
ok 895 - namespace mappings are snapshotted per parse and do not mutate caller input
  ---
  duration_ms: 0.10149
  type: 'test'
  ...
# Subtest: XML compatibility rejects undeclared Ignorable
ok 896 - XML compatibility rejects undeclared Ignorable
  ---
  duration_ms: 0.128611
  type: 'test'
  ...
# Subtest: XML compatibility rejects unsupported compatibility directive
ok 897 - XML compatibility rejects unsupported compatibility directive
  ---
  duration_ms: 0.0741
  type: 'test'
  ...
# Subtest: XML compatibility rejects unsupported AlternateContent
ok 898 - XML compatibility rejects unsupported AlternateContent
  ---
  duration_ms: 0.070415
  type: 'test'
  ...
# Subtest: XML compatibility rejects ignored XML remains well-formed
ok 899 - XML compatibility rejects ignored XML remains well-formed
  ---
  duration_ms: 0.071756
  type: 'test'
  ...
# Subtest: XML compatibility rejects ignored references remain valid
ok 900 - XML compatibility rejects ignored references remain valid
  ---
  duration_ms: 0.0806
  type: 'test'
  ...
# Subtest: XML compatibility rejects DTD still rejected
ok 901 - XML compatibility rejects DTD still rejected
  ---
  duration_ms: 0.035573
  type: 'test'
  ...
# Subtest: XML compatibility rejects reserved xml binding
ok 902 - XML compatibility rejects reserved xml binding
  ---
  duration_ms: 0.051827
  type: 'test'
  ...
# Subtest: XML compatibility rejects reserved xmlns binding
ok 903 - XML compatibility rejects reserved xmlns binding
  ---
  duration_ms: 0.046189
  type: 'test'
  ...
# Subtest: XML compatibility rejects XML URI alias
ok 904 - XML compatibility rejects XML URI alias
  ---
  duration_ms: 0.043554
  type: 'test'
  ...
# Subtest: XML compatibility rejects undeclared prefix
ok 905 - XML compatibility rejects undeclared prefix
  ---
  duration_ms: 0.150331
  type: 'test'
  ...
# Subtest: XML compatibility rejects empty prefix mapping
ok 906 - XML compatibility rejects empty prefix mapping
  ---
  duration_ms: 0.088021
  type: 'test'
  ...
# Subtest: XML compatibility rejects multiple colons
ok 907 - XML compatibility rejects multiple colons
  ---
  duration_ms: 0.064786
  type: 'test'
  ...
# Subtest: XML compatibility rejects empty local name
ok 908 - XML compatibility rejects empty local name
  ---
  duration_ms: 0.059228
  type: 'test'
  ...
# Subtest: XML compatibility rejects invalid local name
ok 909 - XML compatibility rejects invalid local name
  ---
  duration_ms: 0.068422
  type: 'test'
  ...
# Subtest: XML compatibility rejects unsafe prefix
ok 910 - XML compatibility rejects unsafe prefix
  ---
  duration_ms: 0.08032
  type: 'test'
  ...
# Subtest: XML compatibility rejects unescaped CDATA terminator
ok 911 - XML compatibility rejects unescaped CDATA terminator
  ---
  duration_ms: 0.075742
  type: 'test'
  ...
# Subtest: XML compatibility rejects invalid xml:space
ok 912 - XML compatibility rejects invalid xml:space
  ---
  duration_ms: 0.094841
  type: 'test'
  ...
# Subtest: XML compatibility rejects literal control character
ok 913 - XML compatibility rejects literal control character
  ---
  duration_ms: 0.047351
  type: 'test'
  ...
# Subtest: XML compatibility rejects literal isolated surrogate
ok 914 - XML compatibility rejects literal isolated surrogate
  ---
  duration_ms: 0.12127
  type: 'test'
  ...
# Subtest: XML compatibility rejects literal U+FFFE
ok 915 - XML compatibility rejects literal U+FFFE
  ---
  duration_ms: 0.07374
  type: 'test'
  ...
# Subtest: XML compatibility rejects invalid referenced U+FFFF
ok 916 - XML compatibility rejects invalid referenced U+FFFF
  ---
  duration_ms: 0.075582
  type: 'test'
  ...
# Subtest: XML compatibility rejects non-XML whitespace outside root
ok 917 - XML compatibility rejects non-XML whitespace outside root
  ---
  duration_ms: 0.043975
  type: 'test'
  ...
# Subtest: skipped descendants count against depth, node and character limits
ok 918 - skipped descendants count against depth, node and character limits
  ---
  duration_ms: 0.281058
  type: 'test'
  ...
# Subtest: XML normalization retains significant Unicode content and nested whitespace modes
ok 919 - XML normalization retains significant Unicode content and nested whitespace modes
  ---
  duration_ms: 0.630466
  type: 'test'
  ...
# Subtest: compatibility diagnostics keep source file and original element positions
ok 920 - compatibility diagnostics keep source file and original element positions
  ---
  duration_ms: 0.229361
  type: 'test'
  ...
# Subtest: invalid namespace mapping tables reject reserved namespaces without following a chain
ok 921 - invalid namespace mapping tables reject reserved namespaces without following a chain
  ---
  duration_ms: 0.20869
  type: 'test'
  ...
# Subtest: XML compatibility rejects adjacent attributes
ok 922 - XML compatibility rejects adjacent attributes
  ---
  duration_ms: 0.092538
  type: 'test'
  ...
# Subtest: XML compatibility rejects hexadecimal marker case
ok 923 - XML compatibility rejects hexadecimal marker case
  ---
  duration_ms: 0.064696
  type: 'test'
  ...
# Subtest: XML compatibility rejects CDATA outside root
ok 924 - XML compatibility rejects CDATA outside root
  ---
  duration_ms: 0.052038
  type: 'test'
  ...
# Subtest: an already ignored subtree does not evaluate inner compatibility directives
ok 925 - an already ignored subtree does not evaluate inner compatibility directives
  ---
  duration_ms: 0.181239
  type: 'test'
  ...
# Subtest: ordinary XAML takes the compatibility allocation fast path without cloning attributes or namespaces
ok 926 - ordinary XAML takes the compatibility allocation fast path without cloning attributes or namespaces
  ---
  duration_ms: 13.122085
  type: 'test'
  ...
# Subtest: runtime mapping preserves x:Type and prefixed attached members in nested lexical scopes
ok 927 - runtime mapping preserves x:Type and prefixed attached members in nested lexical scopes
  ---
  duration_ms: 0.918835
  type: 'test'
  ...
# Subtest: AOT mapping preserves x:Type and prefixed attached members in nested lexical scopes
ok 928 - AOT mapping preserves x:Type and prefixed attached members in nested lexical scopes
  ---
  duration_ms: 2.00705
  type: 'test'
  ...
# Subtest: namespace AOT fixture is the reproducible direct compiler output
ok 929 - namespace AOT fixture is the reproducible direct compiler output
  ---
  duration_ms: 3.820904
  type: 'test'
  ...
# Subtest: runtime custom Design attached property is not silently discarded
ok 930 - runtime custom Design attached property is not silently discarded
  ---
  duration_ms: 1.756989
  type: 'test'
  ...
# Subtest: AOT custom Design attached property is not silently discarded
ok 931 - AOT custom Design attached property is not silently discarded
  ---
  duration_ms: 3.97868
  type: 'test'
  ...
# Subtest: XAML runtime: target property, root, scoped names, URI and type resolver are real services
ok 932 - XAML runtime: target property, root, scoped names, URI and type resolver are real services
  ---
  duration_ms: 8.981226
  type: 'test'
  ...
# Subtest: XAML runtime: nested named extensions see their immediate outer extension and property
ok 933 - XAML runtime: nested named extensions see their immediate outer extension and property
  ---
  duration_ms: 1.763248
  type: 'test'
  ...
# Subtest: XAML runtime: xml:base is nested and restored for siblings; retained service snapshots do not change
ok 934 - XAML runtime: xml:base is nested and restored for siblings; retained service snapshots do not change
  ---
  duration_ms: 2.24223
  type: 'test'
  ...
# Subtest: XAML runtime: unknown services delegate and explicit Map entries preserve false and null
ok 935 - XAML runtime: unknown services delegate and explicit Map entries preserve false and null
  ---
  duration_ms: 1.015318
  type: 'test'
  ...
# Subtest: XAML runtime: object-element extensions get actual attached-property target
ok 936 - XAML runtime: object-element extensions get actual attached-property target
  ---
  duration_ms: 1.343906
  type: 'test'
  ...
# Subtest: XAML runtime: a custom namespace Binding name is not hijacked by built-in binding
ok 937 - XAML runtime: a custom namespace Binding name is not hijacked by built-in binding
  ---
  duration_ms: 1.062338
  type: 'test'
  ...
# Subtest: XAML runtime: inherited CompileBindings honors order, false scopes and explicit ReflectionBinding
ok 938 - XAML runtime: inherited CompileBindings honors order, false scopes and explicit ReflectionBinding
  ---
  duration_ms: 4.446933
  type: 'test'
  ...
# Subtest: XAML runtime: inherited typed compiled binding rejects unknown members instead of silently reflecting
ok 939 - XAML runtime: inherited typed compiled binding rejects unknown members instead of silently reflecting
  ---
  duration_ms: 1.226301
  type: 'test'
  ...
# Subtest: XAML runtime: deferred template distinguishes original file root and intermediate template root
ok 940 - XAML runtime: deferred template distinguishes original file root and intermediate template root
  ---
  duration_ms: 2.24888
  type: 'test'
  ...
# Subtest: XAML runtime: failed extension releases partial constructed graph exactly once
ok 941 - XAML runtime: failed extension releases partial constructed graph exactly once
  ---
  duration_ms: 1.268093
  type: 'test'
  ...
# Subtest: XAML runtime: asynchronous ProvideValue is rejected rather than assigning an unresolved Promise
ok 942 - XAML runtime: asynchronous ProvideValue is rejected rather than assigning an unresolved Promise
  ---
  duration_ms: 0.956049
  type: 'test'
  ...
# Subtest: XAML AOT: target property, root, scoped names, URI and type resolver are real services
ok 943 - XAML AOT: target property, root, scoped names, URI and type resolver are real services
  ---
  duration_ms: 7.927952
  type: 'test'
  ...
# Subtest: XAML AOT: nested named extensions see their immediate outer extension and property
ok 944 - XAML AOT: nested named extensions see their immediate outer extension and property
  ---
  duration_ms: 2.017145
  type: 'test'
  ...
# Subtest: XAML AOT: xml:base is nested and restored for siblings; retained service snapshots do not change
ok 945 - XAML AOT: xml:base is nested and restored for siblings; retained service snapshots do not change
  ---
  duration_ms: 3.432216
  type: 'test'
  ...
# Subtest: XAML AOT: unknown services delegate and explicit Map entries preserve false and null
ok 946 - XAML AOT: unknown services delegate and explicit Map entries preserve false and null
  ---
  duration_ms: 3.285289
  type: 'test'
  ...
# Subtest: XAML AOT: object-element extensions get actual attached-property target
ok 947 - XAML AOT: object-element extensions get actual attached-property target
  ---
  duration_ms: 4.2224
  type: 'test'
  ...
# Subtest: XAML AOT: a custom namespace Binding name is not hijacked by built-in binding
ok 948 - XAML AOT: a custom namespace Binding name is not hijacked by built-in binding
  ---
  duration_ms: 1.746484
  type: 'test'
  ...
# Subtest: XAML AOT: inherited CompileBindings honors order, false scopes and explicit ReflectionBinding
ok 949 - XAML AOT: inherited CompileBindings honors order, false scopes and explicit ReflectionBinding
  ---
  duration_ms: 3.352388
  type: 'test'
  ...
# Subtest: XAML AOT: inherited typed compiled binding rejects unknown members instead of silently reflecting
ok 950 - XAML AOT: inherited typed compiled binding rejects unknown members instead of silently reflecting
  ---
  duration_ms: 1.804991
  type: 'test'
  ...
# Subtest: XAML AOT: deferred template distinguishes original file root and intermediate template root
ok 951 - XAML AOT: deferred template distinguishes original file root and intermediate template root
  ---
  duration_ms: 2.137764
  type: 'test'
  ...
# Subtest: XAML AOT: failed extension releases partial constructed graph exactly once
ok 952 - XAML AOT: failed extension releases partial constructed graph exactly once
  ---
  duration_ms: 1.904968
  type: 'test'
  ...
# Subtest: XAML AOT: asynchronous ProvideValue is rejected rather than assigning an unresolved Promise
ok 953 - XAML AOT: asynchronous ProvideValue is rejected rather than assigning an unresolved Promise
  ---
  duration_ms: 1.922675
  type: 'test'
  ...
# Subtest: successful XAML context drops construction ownership arrays and rejects reuse
ok 954 - successful XAML context drops construction ownership arrays and rejects reuse
  ---
  duration_ms: 1.215255
  type: 'test'
  ...
# Subtest: XAML runtime: inherited DataType resolves at its declaring namespace, not a shadowed child prefix
ok 955 - XAML runtime: inherited DataType resolves at its declaring namespace, not a shadowed child prefix
  ---
  duration_ms: 1.276575
  type: 'test'
  ...
# Subtest: XAML AOT: inherited DataType resolves at its declaring namespace, not a shadowed child prefix
ok 956 - XAML AOT: inherited DataType resolves at its declaring namespace, not a shadowed child prefix
  ---
  duration_ms: 2.422497
  type: 'test'
  ...
# Subtest: XAML runtime: extension-local URI survives EndInit and attribute extension failure releases its instance
ok 957 - XAML runtime: extension-local URI survives EndInit and attribute extension failure releases its instance
  ---
  duration_ms: 1.301172
  type: 'test'
  ...
# Subtest: XAML AOT: extension-local URI survives EndInit and attribute extension failure releases its instance
ok 958 - XAML AOT: extension-local URI survives EndInit and attribute extension failure releases its instance
  ---
  duration_ms: 3.199641
  type: 'test'
  ...
# Subtest: XAML runtime: template-local directives override declaration scope without losing URI or typed context
ok 959 - XAML runtime: template-local directives override declaration scope without losing URI or typed context
  ---
  duration_ms: 1.725532
  type: 'test'
  ...
# Subtest: XAML AOT: template-local directives override declaration scope without losing URI or typed context
ok 960 - XAML AOT: template-local directives override declaration scope without losing URI or typed context
  ---
  duration_ms: 5.669038
  type: 'test'
  ...
# Subtest: XAML runtime: custom namespace DataTemplate is an ordinary registered object, not a deferred template
ok 961 - XAML runtime: custom namespace DataTemplate is an ordinary registered object, not a deferred template
  ---
  duration_ms: 1.051992
  type: 'test'
  ...
# Subtest: XAML AOT: custom namespace DataTemplate is an ordinary registered object, not a deferred template
ok 962 - XAML AOT: custom namespace DataTemplate is an ordinary registered object, not a deferred template
  ---
  duration_ms: 6.499141
  type: 'test'
  ...
# Subtest: XamlX transformer restores parent stack after a nested transformation failure
ok 963 - XamlX transformer restores parent stack after a nested transformation failure
  ---
  duration_ms: 0.669785
  type: 'test'
  ...
1..963
# tests 963
# suites 0
# pass 963
# fail 0
# cancelled 0
# skipped 0
# todo 0
# duration_ms 9170.277277

> avaloniaweb-workspace@0.6.2-alpha.1 build
> node scripts/build.mjs

Built race-free worker ESM entries and source application graph; native WASM is not duplicated.
Compiled 75 XAML modules. Static distribution: dist/

> avaloniaweb-workspace@0.6.2-alpha.1 verify:workers
> node scripts/verify-workers.mjs

{"Passed":true,"Files":564,"SourceFingerprint":"9608886d60f15a5b9fbe15cdcd4ccef1d08ab046caad57ea9c14bb72bb6487bc","NativeWasm":"not duplicated","WorkerImportMaps":false}

> avaloniaweb-workspace@0.6.2-alpha.1 pack:all
> node scripts/pack.mjs

@wieslawsoltes/avalonia-animation: wieslawsoltes-avalonia-animation-0.6.2-alpha.1.tgz (8274 bytes)
@wieslawsoltes/avalonia: wieslawsoltes-avalonia-0.6.2-alpha.1.tgz (2568 bytes)
@wieslawsoltes/avalonia-base: wieslawsoltes-avalonia-base-0.6.2-alpha.1.tgz (19955 bytes)
@wieslawsoltes/avalonia-browser: wieslawsoltes-avalonia-browser-0.6.2-alpha.1.tgz (1467060 bytes)
@wieslawsoltes/avalonia-composition: wieslawsoltes-avalonia-composition-0.6.2-alpha.1.tgz (15449 bytes)
@wieslawsoltes/avalonia-controls: wieslawsoltes-avalonia-controls-0.6.2-alpha.1.tgz (73950 bytes)
@wieslawsoltes/avalonia-data: wieslawsoltes-avalonia-data-0.6.2-alpha.1.tgz (16725 bytes)
@wieslawsoltes/avalonia-diagnostics: wieslawsoltes-avalonia-diagnostics-0.6.2-alpha.1.tgz (2980 bytes)
@wieslawsoltes/avalonia-headless: wieslawsoltes-avalonia-headless-0.6.2-alpha.1.tgz (3107 bytes)
@wieslawsoltes/avalonia-markup-xaml: wieslawsoltes-avalonia-markup-xaml-0.6.2-alpha.1.tgz (13819 bytes)
@wieslawsoltes/avalonia-media: wieslawsoltes-avalonia-media-0.6.2-alpha.1.tgz (40517 bytes)
@wieslawsoltes/avalonia-opengl: wieslawsoltes-avalonia-opengl-0.6.2-alpha.1.tgz (5943 bytes)
@wieslawsoltes/avalonia-reactiveui: wieslawsoltes-avalonia-reactiveui-0.6.2-alpha.1.tgz (3646 bytes)
@wieslawsoltes/avalonia-rendering: wieslawsoltes-avalonia-rendering-0.6.2-alpha.1.tgz (31378 bytes)
@wieslawsoltes/avalonia-skia: wieslawsoltes-avalonia-skia-0.6.2-alpha.1.tgz (26596 bytes)
@wieslawsoltes/avalonia-styling: wieslawsoltes-avalonia-styling-0.6.2-alpha.1.tgz (10364 bytes)
@wieslawsoltes/avalonia-themes-fluent: wieslawsoltes-avalonia-themes-fluent-0.6.2-alpha.1.tgz (2911 bytes)
@wieslawsoltes/xamlx: wieslawsoltes-xamlx-0.6.2-alpha.1.tgz (12205 bytes)
Packed 18 packages; nothing published.

> avaloniaweb-workspace@0.6.2-alpha.1 test:packages
> node scripts/test-packages.mjs

{
  Passed: true,
  MultiBindingApis: true,
  XamlNamespaceApis: true,
  EffectTransitionApis: true,
  GlyphPathApis: true,
  ImplicitAnimationApis: true,
  Packages: 18,
  FacadeExports: 561,
  PublicRegistryInstalled: false,
  StartupSubpaths: true,
  CorePortApis: true,
  Version: '0.6.2-alpha.1',
  SourceFingerprint: '9608886d60f15a5b9fbe15cdcd4ccef1d08ab046caad57ea9c14bb72bb6487bc',
  FinalSourceFingerprint: '9608886d60f15a5b9fbe15cdcd4ccef1d08ab046caad57ea9c14bb72bb6487bc'
}
RUN native Skia catalog startup
PASS native Skia catalog startup
RUN catalog route Buttons
PASS catalog route Buttons
RUN catalog route ButtonSpinner
PASS catalog route ButtonSpinner
RUN catalog route CheckBox
PASS catalog route CheckBox
RUN catalog route ColorPicker
PASS catalog route ColorPicker
RUN catalog route ComboBox
PASS catalog route ComboBox
RUN catalog route NumericUpDown
PASS catalog route NumericUpDown
RUN catalog route RadioButton
PASS catalog route RadioButton
RUN catalog route Slider
PASS catalog route Slider
RUN catalog route ToggleSwitch
PASS catalog route ToggleSwitch
RUN catalog route AutoCompleteBox
PASS catalog route AutoCompleteBox
RUN catalog route Label
PASS catalog route Label
RUN catalog route TextBox
PASS catalog route TextBox
RUN catalog route TextBlock
PASS catalog route TextBlock
RUN catalog route Carousel
PASS catalog route Carousel
RUN catalog route ListBox
PASS catalog route ListBox
RUN catalog route PipsPager
PASS catalog route PipsPager
RUN catalog route RefreshContainer
PASS catalog route RefreshContainer
RUN catalog route TableView
PASS catalog route TableView
RUN catalog route TreeView
PASS catalog route TreeView
RUN catalog route Calendar
PASS catalog route Calendar
RUN catalog route CalendarDatePicker
PASS catalog route CalendarDatePicker
RUN catalog route DateTimePicker
PASS catalog route DateTimePicker
RUN catalog route CommandBar
PASS catalog route CommandBar
RUN catalog route ContextFlyout
PASS catalog route ContextFlyout
RUN catalog route ContextMenu
PASS catalog route ContextMenu
RUN catalog route Flyouts
PASS catalog route Flyouts
RUN catalog route Menu
PASS catalog route Menu
RUN catalog route CarouselPage
PASS catalog route CarouselPage
RUN catalog route ContentPage
PASS catalog route ContentPage
RUN catalog route DrawerPage
PASS catalog route DrawerPage
RUN catalog route NavigationPage
PASS catalog route NavigationPage
RUN catalog route SplitView
PASS catalog route SplitView
RUN catalog route TabbedPage
PASS catalog route TabbedPage
RUN catalog route TabControl
PASS catalog route TabControl
RUN catalog route TabStrip
PASS catalog route TabStrip
RUN catalog route Border
PASS catalog route Border
RUN catalog route Canvas
PASS catalog route Canvas
RUN catalog route ContainerQueries
PASS catalog route ContainerQueries
RUN catalog route Expander
PASS catalog route Expander
RUN catalog route FlexPanel
PASS catalog route FlexPanel
RUN catalog route HeaderedContentControl
PASS catalog route HeaderedContentControl
RUN catalog route LayoutTransformControl
PASS catalog route LayoutTransformControl
RUN catalog route RelativePanel
PASS catalog route RelativePanel
RUN catalog route ScrollViewer
PASS catalog route ScrollViewer
RUN catalog route Viewbox
PASS catalog route Viewbox
RUN catalog route WrapPanel
PASS catalog route WrapPanel
RUN catalog route Acrylic
PASS catalog route Acrylic
RUN catalog route BitmapCache
PASS catalog route BitmapCache
RUN catalog route Composition
PASS catalog route Composition
RUN catalog route CustomDrawing
PASS catalog route CustomDrawing
RUN catalog route Image
PASS catalog route Image
RUN catalog route OpenGL
PASS catalog route OpenGL
RUN catalog route OpenGLLease
PASS catalog route OpenGLLease
RUN catalog route OpenGLInterop
PASS catalog route OpenGLInterop
RUN catalog route TransitioningContentControl
PASS catalog route TransitioningContentControl
RUN catalog route AdornerLayer
PASS catalog route AdornerLayer
RUN catalog route DataValidation
PASS catalog route DataValidation
RUN catalog route Dialogs
PASS catalog route Dialogs
RUN catalog route Notifications
PASS catalog route Notifications
RUN catalog route ProgressBar
PASS catalog route ProgressBar
RUN catalog route ToolTip
PASS catalog route ToolTip
RUN catalog route Accelerator
PASS catalog route Accelerator
RUN catalog route Clipboard
PASS catalog route Clipboard
RUN catalog route Cursor
PASS catalog route Cursor
RUN catalog route DragDrop
PASS catalog route DragDrop
RUN catalog route Focus
PASS catalog route Focus
RUN catalog route Gestures
PASS catalog route Gestures
RUN catalog route Pointers
PASS catalog route Pointers
RUN catalog route NativeEmbed
PASS catalog route NativeEmbed
RUN catalog route PlatformInformation
PASS catalog route PlatformInformation
RUN catalog route PlatformSettings
PASS catalog route PlatformSettings
RUN catalog route Screens
PASS catalog route Screens
RUN catalog route ThemeVariants
PASS catalog route ThemeVariants
RUN catalog route WindowCustomizations
PASS catalog route WindowCustomizations
RUN pointer clicks execute genuine ReactiveWeb commands and update binding
PASS pointer clicks execute genuine ReactiveWeb commands and update binding
RUN browser textarea input, selection and two-way ReactiveWeb binding
PASS browser textarea input, selection and two-way ReactiveWeb binding
RUN pointer slider updates progress and numeric binding
PASS pointer slider updates progress and numeric binding
RUN 10,000-item ListBox keyboard selection and bounded realization
PASS 10,000-item ListBox keyboard selection and bounded realization
RUN retained ComboBox popup selection and dismissal
PASS retained ComboBox popup selection and dismissal
RUN calendar native painting and keyboard date navigation
PASS calendar native painting and keyboard date navigation
RUN TableView header sorting and pointer row selection
PASS TableView header sorting and pointer row selection
RUN flyout light dismissal releases retained popup
PASS flyout light dismissal releases retained popup
RUN theme change propagates dynamic resources
PASS theme change propagates dynamic resources
RUN live XAML compiler produces and instantiates a changed view
PASS live XAML compiler produces and instantiates a changed view
RUN NavigationPage push and pop retain correct stack
PASS NavigationPage push and pop retain correct stack
RUN trusted click opens a real browser window with its own Skia surface
PASS trusted click opens a real browser window with its own Skia surface
RUN browser modal owner disabling and result delivery
PASS browser modal owner disabling and result delivery
RUN RxJS-debounced catalog navigation filter
PASS RxJS-debounced catalog navigation filter
RUN container query style activation and removal through real slider input
PASS container query style activation and removal through real slider input
RUN native visual bitmap cache reuse and geometry invalidation
PASS native visual bitmap cache reuse and geometry invalidation
RUN acrylic native rendering and live material property invalidation
PASS acrylic native rendering and live material property invalidation
RUN composition clocks, expression animation, cancellation and route disposal
PASS composition clocks, expression animation, cancellation and route disposal
RUN native HTML input binding, focus traversal, clipping and deterministic removal
PASS native HTML input binding, focus traversal, clipping and deterministic removal
RUN browser editing preserves emoji ZWJ and combining grapheme boundaries
PASS browser editing preserves emoji ZWJ and combining grapheme boundaries
RUN browser composition-event bridge groups preedit into one undo transaction (synthetic IME)
PASS browser composition-event bridge groups preedit into one undo transaction (synthetic IME)
RUN read-only TableView realizes bounded real row and cell controls
PASS read-only TableView realizes bounded real row and cell controls
RUN CDP two-contact touch input drives pinch scale and releases capture
PASS CDP two-contact touch input drives pinch scale and releases capture
RUN CDP touch drag scrolls real ScrollViewer without clicking child buttons
PASS CDP touch drag scrolls real ScrollViewer without clicking child buttons
RUN CDP simultaneous contacts preserve independent button press and release
PASS CDP simultaneous contacts preserve independent button press and release
RUN CDP touch cancellation clears capture and pressed state without activation
PASS CDP touch cancellation clears capture and pressed state without activation
RUN real WebGL2 shader pixels transfer into native Skia
PASS real WebGL2 shader pixels transfer into native Skia
RUN WebGL leases restore state and reject simultaneous ownership
PASS WebGL leases restore state and reject simultaneous ownership
RUN WebGL context loss, restoration and disposal lifecycle
PASS WebGL context loss, restoration and disposal lifecycle
RUN Chromium accessibility tree exposes table hierarchy and actual grid cells
PASS Chromium accessibility tree exposes table hierarchy and actual grid cells
RUN accessibility activation respects enabled state and disposes old page nodes
PASS accessibility activation respects enabled state and disposes old page nodes
RUN automation password mirrors withhold values and preserve explicit accessible names
PASS automation password mirrors withhold values and preserve explicit accessible names
RUN focused password editing uses a protected native input and clears inactive buffers
PASS focused password editing uses a protected native input and clears inactive buffers
RUN navigation disposes prior page tree and leaves no popups
PASS navigation disposes prior page tree and leaves no popups
RUN no JavaScript page errors
PASS no JavaScript page errors
RUN no missing local assets
PASS no missing local assets
RUN no rendering errors during catalog sweep
PASS no rendering errors during catalog sweep
FINALIZE home
FINALIZE screenshot
FINALIZE dispose
FINALIZE context
FINALIZE browser
{"passed": 112, "failed": 0, "skipped": 0, "elapsedSeconds": 36.23}
PASS fractional origin / italic overhang / 1x 
PASS combining marks and browser shaping / 1x 
PASS letter spacing / 1x 
PASS fractional origin / italic overhang / 1.25x 
PASS combining marks and browser shaping / 1.25x 
PASS letter spacing / 1.25x 
PASS fractional origin / italic overhang / 1.5x 
PASS combining marks and browser shaping / 1.5x 
PASS letter spacing / 1.5x 
PASS fractional origin / italic overhang / 2x 
PASS combining marks and browser shaping / 2x 
PASS letter spacing / 2x 
PASS fractional origin / italic overhang / 3x 
PASS combining marks and browser shaping / 3x 
PASS letter spacing / 3x 
PASS nonuniform device scale preserves separate horizontal and vertical resolution 
PASS long shaped line crosses many independently cached tile boundaries 
PASS deep horizontal scrolling preserves phase and skips offscreen tile planning 
PASS 10000-line document paints only visible lines after deep vertical scrolling 
PASS ink-aware line culling preserves combining marks above their line boxes 
PASS overlapping combining marks retain isolated RGBA composition #335bb5 
PASS overlapping combining marks retain isolated RGBA composition rgba(51,91,181,0.5) 
PASS caret remains pixel-aligned and one nominal DIP / 1x 
PASS caret remains pixel-aligned and one nominal DIP / 1.25x 
PASS caret remains pixel-aligned and one nominal DIP / 1.5x 
PASS caret remains pixel-aligned and one nominal DIP / 2x 
PASS caret remains pixel-aligned and one nominal DIP / 3x 
PASS offscreen portions do not rasterize or upload 
PASS 1000 warm TextBlock redraws do not build layouts, rasterize, upload or measure 
{"Passed": 29, "Failed": 0, "PageErrors": [], "MissingAssets": []}
PASS ScrollViewer thumb receives actual mouse drag without selecting or clicking content
PASS ListBox thumb receives actual mouse drag without selecting or clicking content
PASS TreeView thumb receives actual mouse drag without selecting or clicking content
PASS TableView thumb receives actual mouse drag without selecting or clicking content
PASS TextBox thumb receives actual mouse drag without selecting or clicking content
PASS ScrollViewer horizontal thumb pans content and retains header/editor state
PASS ListBox horizontal thumb pans content and retains header/editor state
PASS TableView horizontal thumb pans content and retains header/editor state
PASS TextBox horizontal thumb pans content and retains header/editor state
PASS capture continues outside viewport and releases at the maximum
PASS track click advances one viewport instead of teleporting the thumb
PASS deferred drag previews only the thumb and commits on release
PASS DOM wheel pixels and Shift-wheel horizontal scrolling retain exact deltas
PASS wheel over either scrollbar uses the same pixel units as its content
PASS mouse scrollbar focus and accessibility range keyboard commands scroll the host
PASS Hidden still scrolls while Disabled rejects wheel input and clears offset
PASS editor content shrink clamps offsets and removes obsolete tracks
PASS disabling the scroll host during drag releases capture safely
PASS compact overlay thumb stays interactive above a full-size Button
PASS browser accessibility projection exposes a live scrollbar range
{"passed": 20, "failed": 0, "pageErrors": [], "missingAssets": [], "completed": true}
PASS ScrollViewer thumb receives actual mouse drag without selecting or clicking content
PASS ListBox thumb receives actual mouse drag without selecting or clicking content
PASS TreeView thumb receives actual mouse drag without selecting or clicking content
PASS TableView thumb receives actual mouse drag without selecting or clicking content
PASS TextBox thumb receives actual mouse drag without selecting or clicking content
PASS ScrollViewer horizontal thumb pans content and retains header/editor state
PASS ListBox horizontal thumb pans content and retains header/editor state
PASS TableView horizontal thumb pans content and retains header/editor state
PASS TextBox horizontal thumb pans content and retains header/editor state
PASS capture continues outside viewport and releases at the maximum
PASS track click advances one viewport instead of teleporting the thumb
PASS deferred drag previews only the thumb and commits on release
PASS DOM wheel pixels and Shift-wheel horizontal scrolling retain exact deltas
PASS wheel over either scrollbar uses the same pixel units as its content
PASS mouse scrollbar focus and accessibility range keyboard commands scroll the host
PASS Hidden still scrolls while Disabled rejects wheel input and clears offset
PASS editor content shrink clamps offsets and removes obsolete tracks
PASS disabling the scroll host during drag releases capture safely
PASS compact overlay thumb stays interactive above a full-size Button
PASS browser accessibility projection exposes a live scrollbar range
{"passed": 20, "failed": 0, "pageErrors": [], "missingAssets": [], "completed": true}
PASS warm paint does not rebuild or mutate accessibility DOM
PASS detached LabeledBy updates its consumer and releases replaced dependencies
PASS transitive and cyclic label relationships converge without stale names
PASS Control-valued content label remains live without replacing the button node
PASS visibility removes and restores complete automation subtrees
PASS raw nodes flatten descendants and preserve reorder identity
PASS command availability and parameter changes update aria-disabled
PASS inherited disabling refreshes descendant semantics
PASS focus projects editor semantics and transfers ownership between parents
PASS password conversion clears mirrored values and native plain-text buffers
PASS recycled table rows retain accessibility nodes with updated content
PASS explicit rendering consumes scheduled callbacks and settled UI stays idle
{"Passed": 12, "Failed": 0, "Completed": true, "PageErrors": [], "MissingAssets": []}
PASS source module startup, nonblank TableView and restart render-worker
PASS source module startup, nonblank TableView and restart full-isolation
PASS dist module startup, nonblank TableView and restart render-worker
PASS dist module startup, nonblank TableView and restart full-isolation
PASS nested module startup, nonblank TableView and restart render-worker
PASS nested module startup, nonblank TableView and restart full-isolation
PASS delayed top-level-await dependency render-worker
PASS automatic backend selection render-worker
PASS fail fast and release workers: render-worker/loader
PASS fail fast and release workers: render-worker/graph
PASS fail fast and release workers: render-worker/pending
PASS delayed top-level-await dependency full-isolation
PASS automatic backend selection full-isolation
PASS fail fast and release workers: full-isolation/loader
PASS fail fast and release workers: full-isolation/graph
PASS fail fast and release workers: full-isolation/pending
PASS invalid isolated application import releases both workers
{
  "Passed": 17,
  "Failed": 0,
  "Errors": [],
  "MissingAssets": [],
  "BlockedByBrowserPolicy": false
}
PASS source HTTP render-worker
PASS source HTTP full-isolation
PASS dist HTTP render-worker
PASS dist HTTP full-isolation
{
  "Passed": 4,
  "Failed": 0,
  "Errors": [],
  "MissingAssets": [],
  "BlockedByBrowserPolicy": false
}
PASS default 
PASS single 
PASS render-worker 
PASS full-isolation 
{"Variant": "optimized", "Trial": 0, "Passed": true, "ReadyMilliseconds": 847.6908299999764, "Requests": 306, "WasmRequests": 1, "AotBuilderRequests": 1, "MainResources": 22, "Browser": "143.0.7499.4", "PngBytes": 253250, "Errors": []}
{"Variant": "optimized", "Trial": 1, "Passed": true, "ReadyMilliseconds": 813.7037150000026, "Requests": 306, "WasmRequests": 1, "AotBuilderRequests": 1, "MainResources": 22, "Browser": "143.0.7499.4", "PngBytes": 253250, "Errors": []}
{"Variant": "optimized", "Trial": 2, "Passed": true, "ReadyMilliseconds": 790.9959560000175, "Requests": 306, "WasmRequests": 1, "AotBuilderRequests": 1, "MainResources": 22, "Browser": "143.0.7499.4", "PngBytes": 253250, "Errors": []}
PASS render-worker actual worker ownership
PASS full-isolation actual worker ownership
PASS single navigate TableView
PASS render-worker navigate TableView
PASS full-isolation navigate TableView
/home/runner/work/Weblonia/Weblonia/tests/threading-browser.py:59: DeprecationWarning: Image.Image.getdata is deprecated and will be removed in Pillow 14 (2027-10-15). Use get_flattened_data instead.
  actual=pixels(pages[mode],mode).crop((0,0,1200,865));diff=ImageChops.difference(reference,actual);maximum=max(v[1]for v in diff.getextrema());changed=sum(1 for px in diff.getdata()if max(px)>2)
PASS render-worker RGBA TableView
PASS full-isolation RGBA TableView
PASS single navigate TextBlock
PASS render-worker navigate TextBlock
PASS full-isolation navigate TextBlock
PASS render-worker RGBA TextBlock
PASS full-isolation RGBA TextBlock
PASS single navigate ScrollViewer
PASS render-worker navigate ScrollViewer
PASS full-isolation navigate ScrollViewer
PASS render-worker RGBA ScrollViewer
PASS full-isolation RGBA ScrollViewer
PASS single navigate Image
PASS render-worker navigate Image
PASS full-isolation navigate Image
PASS render-worker RGBA Image
PASS full-isolation RGBA Image
PASS single navigate Acrylic
PASS render-worker navigate Acrylic
PASS full-isolation navigate Acrylic
PASS render-worker RGBA Acrylic
PASS full-isolation RGBA Acrylic
PASS single navigate Composition
PASS render-worker navigate Composition
PASS full-isolation navigate Composition
PASS render-worker RGBA Composition
PASS full-isolation RGBA Composition
PASS single navigate BitmapCache
PASS render-worker navigate BitmapCache
PASS full-isolation navigate BitmapCache
PASS render-worker RGBA BitmapCache
PASS full-isolation RGBA BitmapCache
PASS three threads: animation continues through UI stall
PASS three threads: control query
{
  "Passed": 39,
  "Failed": 0,
  "Errors": [],
  "Missing": []
}
PASS isolated native text editing and grapheme-safe backward deletion
PASS focused edit switches to password without plaintext semantic exposure
PASS render clock and animation advance during a confirmed UI-worker stall
PASS compositor wheel scrolling continues during UI stall and reconciles exactly once
PASS virtual table fast scrolling respects realized-content coverage
PASS three threads vertical scrollbar routes real mouse capture
PASS three threads horizontal scrollbar routes real mouse capture
PASS registered native DOM module binds to UI-worker model and cleans up
PASS isolated renderer restart replaces canvas and rebuilds identical committed pixels
PASS native editor still works after renderer restart
PASS registered custom visual executes, acknowledges bounded messages and restores durable state
PASS 200 immediate state changes coalesce without losing final values or queuing scene deltas
PASS hidden target explicit flush completes without an idle render loop
PASS host resize reaches UI layout and the worker-owned backing canvas
PASS live browser platform preferences are forwarded into the UI worker
PASS worker-owned Window opens a real browser window with its own render worker
PASS real isolated modal window blocks owner and returns its exact result
PASS repeated native-ready windows release child hosts and independent WASM deliveries
PASS failed secondary bootstrap restores modal owner and leaves the next real window usable
{
  "Passed": 19,
  "Failed": 0,
  "Errors": [],
  "MissingAssets": []
}
/home/runner/work/Weblonia/Weblonia/tests/threading-quality.py:47: DeprecationWarning: Image.Image.getdata is deprecated and will be removed in Pillow 14 (2027-10-15). Use get_flattened_data instead.
  diff=ImageChops.difference(reference,actual);maximum=max(v[1]for v in diff.getextrema());bad=sum(1 for px in diff.getdata()if max(px)>2)
PASS render-worker browser-fonts 1.25x RGBA
PASS full-isolation browser-fonts 1.25x RGBA
PASS render-worker scrolled-editor 1.25x RGBA
PASS full-isolation scrolled-editor 1.25x RGBA
PASS render-worker native-fonts 1.25x RGBA
PASS full-isolation native-fonts 1.25x RGBA
PASS render-worker browser-fonts 2x RGBA
PASS full-isolation browser-fonts 2x RGBA
PASS render-worker scrolled-editor 2x RGBA
PASS full-isolation scrolled-editor 2x RGBA
PASS render-worker native-fonts 2x RGBA
PASS full-isolation native-fonts 2x RGBA
{
  "Passed": 12,
  "Failed": 0,
  "Errors": [],
  "MissingAssets": []
}
PASS render-worker Buttons
PASS render-worker ButtonSpinner
PASS render-worker CheckBox
PASS render-worker ColorPicker
PASS render-worker ComboBox
PASS render-worker NumericUpDown
PASS render-worker RadioButton
PASS render-worker Slider
PASS render-worker ToggleSwitch
PASS render-worker AutoCompleteBox
PASS render-worker Label
PASS render-worker TextBox
PASS render-worker TextBlock
PASS render-worker Carousel
PASS render-worker ListBox
PASS render-worker PipsPager
PASS render-worker RefreshContainer
PASS render-worker TableView
PASS render-worker TreeView
PASS render-worker Calendar
PASS render-worker CalendarDatePicker
PASS render-worker DateTimePicker
PASS render-worker CommandBar
PASS render-worker ContextFlyout
PASS render-worker ContextMenu
PASS render-worker Flyouts
PASS render-worker Menu
PASS render-worker CarouselPage
PASS render-worker ContentPage
PASS render-worker DrawerPage
PASS render-worker NavigationPage
PASS render-worker SplitView
PASS render-worker TabbedPage
PASS render-worker TabControl
PASS render-worker TabStrip
PASS render-worker Border
PASS render-worker Canvas
PASS render-worker ContainerQueries
PASS render-worker Expander
PASS render-worker FlexPanel
PASS render-worker HeaderedContentControl
PASS render-worker LayoutTransformControl
PASS render-worker RelativePanel
PASS render-worker ScrollViewer
PASS render-worker Viewbox
PASS render-worker WrapPanel
PASS render-worker Acrylic
PASS render-worker BitmapCache
PASS render-worker Composition
PASS render-worker CustomDrawing
PASS render-worker Image
PASS render-worker OpenGL
PASS render-worker OpenGLLease
PASS render-worker OpenGLInterop
PASS render-worker TransitioningContentControl
PASS render-worker AdornerLayer
PASS render-worker DataValidation
PASS render-worker Dialogs
PASS render-worker Notifications
PASS render-worker ProgressBar
PASS render-worker ToolTip
PASS render-worker Accelerator
PASS render-worker Clipboard
PASS render-worker Cursor
PASS render-worker DragDrop
PASS render-worker Focus
PASS render-worker Gestures
PASS render-worker Pointers
PASS render-worker NativeEmbed
PASS render-worker PlatformInformation
PASS render-worker PlatformSettings
PASS render-worker Screens
PASS render-worker ThemeVariants
PASS render-worker WindowCustomizations
PASS full-isolation Buttons
PASS full-isolation ButtonSpinner
PASS full-isolation CheckBox
PASS full-isolation ColorPicker
PASS full-isolation ComboBox
PASS full-isolation NumericUpDown
PASS full-isolation RadioButton
PASS full-isolation Slider
PASS full-isolation ToggleSwitch
PASS full-isolation AutoCompleteBox
PASS full-isolation Label
PASS full-isolation TextBox
PASS full-isolation TextBlock
PASS full-isolation Carousel
PASS full-isolation ListBox
PASS full-isolation PipsPager
PASS full-isolation RefreshContainer
PASS full-isolation TableView
PASS full-isolation TreeView
PASS full-isolation Calendar
PASS full-isolation CalendarDatePicker
PASS full-isolation DateTimePicker
PASS full-isolation CommandBar
PASS full-isolation ContextFlyout
PASS full-isolation ContextMenu
PASS full-isolation Flyouts
PASS full-isolation Menu
PASS full-isolation CarouselPage
PASS full-isolation ContentPage
PASS full-isolation DrawerPage
PASS full-isolation NavigationPage
PASS full-isolation SplitView
PASS full-isolation TabbedPage
PASS full-isolation TabControl
PASS full-isolation TabStrip
PASS full-isolation Border
PASS full-isolation Canvas
PASS full-isolation ContainerQueries
PASS full-isolation Expander
PASS full-isolation FlexPanel
PASS full-isolation HeaderedContentControl
PASS full-isolation LayoutTransformControl
PASS full-isolation RelativePanel
PASS full-isolation ScrollViewer
PASS full-isolation Viewbox
PASS full-isolation WrapPanel
PASS full-isolation Acrylic
PASS full-isolation BitmapCache
PASS full-isolation Composition
PASS full-isolation CustomDrawing
PASS full-isolation Image
PASS full-isolation OpenGL
PASS full-isolation OpenGLLease
PASS full-isolation OpenGLInterop
PASS full-isolation TransitioningContentControl
PASS full-isolation AdornerLayer
PASS full-isolation DataValidation
PASS full-isolation Dialogs
PASS full-isolation Notifications
PASS full-isolation ProgressBar
PASS full-isolation ToolTip
PASS full-isolation Accelerator
PASS full-isolation Clipboard
PASS full-isolation Cursor
PASS full-isolation DragDrop
PASS full-isolation Focus
PASS full-isolation Gestures
PASS full-isolation Pointers
PASS full-isolation NativeEmbed
PASS full-isolation PlatformInformation
PASS full-isolation PlatformSettings
PASS full-isolation Screens
PASS full-isolation ThemeVariants
PASS full-isolation WindowCustomizations
{
  "Passed": 148,
  "Failed": 0,
  "Errors": [],
  "MissingAssets": [],
  "OpenGlQualified": [
    {
      "Mode": "render-worker",
      "Route": "OpenGL"
    },
    {
      "Mode": "render-worker",
      "Route": "OpenGLLease"
    },
    {
      "Mode": "render-worker",
      "Route": "OpenGLInterop"
    },
    {
      "Mode": "full-isolation",
      "Route": "OpenGL"
    },
    {
      "Mode": "full-isolation",
      "Route": "OpenGLLease"
    },
    {
      "Mode": "full-isolation",
      "Route": "OpenGLInterop"
    }
  ]
}
single repaint {"Milliseconds": {"Median": 16.7, "P95": 23.7, "Min": 15.3, "Max": 30.9}, "LayoutMilliseconds": {"Median": 0.0, "P95": 0, "Min": 0, "Max": 0}, "RenderOrRecordMilliseconds": {"Median": 16.6, "P95": 23.7, "Min": 15.2, "Max": 30.8}, "AutomationMilliseconds": {"Median": 0.0, "P95": 0, "Min": 0, "Max": 0}, "SubmittedLatencyMilliseconds": {"Median": 16.7, "P95": 23.7, "Min": 15.3, "Max": 30.9}}
single vertical {"Milliseconds": {"Median": 18.9, "P95": 22, "Min": 17.7, "Max": 32.3}, "LayoutMilliseconds": {"Median": 1.3, "P95": 2.8, "Min": 1, "Max": 3.5}, "RenderOrRecordMilliseconds": {"Median": 16.0, "P95": 18.7, "Min": 15.1, "Max": 26.8}, "AutomationMilliseconds": {"Median": 1.0, "P95": 1.5, "Min": 0.9, "Max": 2.9}, "SubmittedLatencyMilliseconds": {"Median": 18.9, "P95": 22, "Min": 17.8, "Max": 32.3}}
single horizontal {"Milliseconds": {"Median": 16.0, "P95": 19, "Min": 14.8, "Max": 19.9}, "LayoutMilliseconds": {"Median": 0.4, "P95": 0.5, "Min": 0, "Max": 0.6}, "RenderOrRecordMilliseconds": {"Median": 15.5, "P95": 18.4, "Min": 14.1, "Max": 19.4}, "AutomationMilliseconds": {"Median": 0.1, "P95": 0.1, "Min": 0, "Max": 0.2}, "SubmittedLatencyMilliseconds": {"Median": 16.1, "P95": 19.2, "Min": 14.9, "Max": 19.9}}
render-worker repaint {"Milliseconds": {"Median": 0.15, "P95": 0.3, "Min": 0, "Max": 0.5}, "LayoutMilliseconds": {"Median": 0.0, "P95": 0, "Min": 0, "Max": 0}, "RenderOrRecordMilliseconds": {"Median": 0.1, "P95": 0.3, "Min": 0, "Max": 0.5}, "AutomationMilliseconds": {"Median": 0.0, "P95": 0, "Min": 0, "Max": 0}, "SubmittedLatencyMilliseconds": {"Median": 0.2, "P95": 0.3, "Min": 0, "Max": 0.5}}
render-worker vertical {"Milliseconds": {"Median": 4.35, "P95": 5.8, "Min": 3.5, "Max": 10}, "LayoutMilliseconds": {"Median": 1.5, "P95": 2.2, "Min": 1.2, "Max": 5.1}, "RenderOrRecordMilliseconds": {"Median": 1.5, "P95": 2.3, "Min": 1.3, "Max": 3.4}, "AutomationMilliseconds": {"Median": 1.1, "P95": 1.5, "Min": 0.8, "Max": 1.6}, "SubmittedLatencyMilliseconds": {"Median": 33.3, "P95": 35.8, "Min": 27.4, "Max": 37.9}}
render-worker horizontal {"Milliseconds": {"Median": 1.75, "P95": 2.1, "Min": 0.4, "Max": 4.4}, "LayoutMilliseconds": {"Median": 0.5, "P95": 0.6, "Min": 0, "Max": 0.7}, "RenderOrRecordMilliseconds": {"Median": 1.1, "P95": 1.4, "Min": 0.4, "Max": 3.7}, "AutomationMilliseconds": {"Median": 0.1, "P95": 0.1, "Min": 0, "Max": 0.1}, "SubmittedLatencyMilliseconds": {"Median": 22.7, "P95": 33.6, "Min": 0.5, "Max": 34.3}}
full-isolation repaint {"Milliseconds": {"Median": 0.1, "P95": 0.3, "Min": 0, "Max": 0.4}, "LayoutMilliseconds": {"Median": 0.0, "P95": 0, "Min": 0, "Max": 0}, "RenderOrRecordMilliseconds": {"Median": 0.1, "P95": 0.3, "Min": 0, "Max": 0.4}, "AutomationMilliseconds": {"Median": 0.0, "P95": 0, "Min": 0, "Max": 0}, "SubmittedLatencyMilliseconds": {"Median": 0.2, "P95": 0.3, "Min": 0, "Max": 0.4}}
full-isolation vertical {"Milliseconds": {"Median": 4.3, "P95": 6.5, "Min": 3.6, "Max": 9.7}, "LayoutMilliseconds": {"Median": 1.7, "P95": 3.1, "Min": 1.2, "Max": 4.9}, "RenderOrRecordMilliseconds": {"Median": 1.6, "P95": 3, "Min": 1.3, "Max": 3.6}, "AutomationMilliseconds": {"Median": 0.9, "P95": 1.3, "Min": 0.7, "Max": 2.4}, "SubmittedLatencyMilliseconds": {"Median": 33.1, "P95": 37.3, "Min": 25.6, "Max": 37.9}}
full-isolation horizontal {"Milliseconds": {"Median": 1.9, "P95": 2.6, "Min": 0.5, "Max": 4.2}, "LayoutMilliseconds": {"Median": 0.6, "P95": 0.8, "Min": 0, "Max": 1.1}, "RenderOrRecordMilliseconds": {"Median": 1.25, "P95": 2, "Min": 0.5, "Max": 3.6}, "AutomationMilliseconds": {"Median": 0.0, "P95": 0.1, "Min": 0, "Max": 0.2}, "SubmittedLatencyMilliseconds": {"Median": 31.3, "P95": 35, "Min": 0.5, "Max": 36.9}}
{
  "Passed": true,
  "Completed": true
}
PASS single timer-driven column width without input
PASS single header-only mouse drag updates all rows
PASS single progress advances naturally and stops without global rerecording
PASS single hidden progress resumes without input
PASS single transition intermediate and final frames without hover
PASS single overlapping transition replacement completes latest content
PASS single reentrant invalidation survives capture
PASS single cached-reentrant invalidation survives capture
PASS render-worker timer-driven column width without input
PASS render-worker header-only mouse drag updates all rows
PASS render-worker progress advances naturally and stops without global rerecording
PASS render-worker hidden progress resumes without input
PASS render-worker transition intermediate and final frames without hover
PASS render-worker overlapping transition replacement completes latest content
PASS render-worker reentrant invalidation survives capture
PASS render-worker cached-reentrant invalidation survives capture
PASS render-worker render-side custom invalidation survives render completion
PASS full-isolation timer-driven column width without input
PASS full-isolation header-only mouse drag updates all rows
PASS full-isolation progress advances naturally and stops without global rerecording
PASS full-isolation hidden progress resumes without input
PASS full-isolation transition intermediate and final frames without hover
PASS full-isolation overlapping transition replacement completes latest content
PASS full-isolation reentrant invalidation survives capture
PASS full-isolation cached-reentrant invalidation survives capture
PASS full-isolation render-side custom invalidation survives render completion
{
  "Passed": 26,
  "Failed": 0,
  "Errors": [],
  "MissingAssets": []
}
PASS vertical completes without render error
PASS horizontal completes without render error
PASS UTF8 references exceed fresh encodes
PASS placement changes use sparse patches
PASS identical text resources are interned
PASS server validation reuses immutable reference summaries
PASS exact identity transforms skip native canvas operations
PASS transport retains one in-flight batch and a bounded transfer pool
PASS 100 warm repaint requests create no new packets or string encodes
{
  "Completed": true,
  "Passed": 9,
  "Failed": 0,
  "Errors": [],
  "MissingAssets": []
}
PASS single 
PASS render-worker 
PASS full-isolation 
PASS single 
PASS render-worker 
PASS full-isolation 
STAGE single False navigation
STAGE single False mount
STAGE single False presented pixels
STAGE single False command
STAGE single False presented pixels
STAGE single False command
STAGE single False dispose
PASS single False 
STAGE single True navigation
STAGE single True mount
STAGE single True presented pixels
STAGE single True command
STAGE single True presented pixels
STAGE single True command
STAGE single True dispose
PASS single True 
STAGE render-worker False navigation
STAGE render-worker False mount
STAGE render-worker False presented pixels
STAGE render-worker False command
STAGE render-worker False presented pixels
STAGE render-worker False command
STAGE render-worker False restart
STAGE render-worker False presented pixels
STAGE render-worker False dispose
PASS render-worker False 
STAGE render-worker True navigation
STAGE render-worker True mount
STAGE render-worker True presented pixels
STAGE render-worker True command
STAGE render-worker True presented pixels
STAGE render-worker True command
STAGE render-worker True restart
STAGE render-worker True presented pixels
STAGE render-worker True dispose
PASS render-worker True 
STAGE full-isolation False navigation
STAGE full-isolation False mount
STAGE full-isolation False presented pixels
STAGE full-isolation False command
STAGE full-isolation False presented pixels
STAGE full-isolation False command
STAGE full-isolation False restart
STAGE full-isolation False presented pixels
STAGE full-isolation False dispose
PASS full-isolation False 
STAGE full-isolation True navigation
STAGE full-isolation True mount
STAGE full-isolation True presented pixels
STAGE full-isolation True command
STAGE full-isolation True presented pixels
STAGE full-isolation True command
STAGE full-isolation True restart
STAGE full-isolation True presented pixels
STAGE full-isolation True dispose
PASS full-isolation True 
STAGE HTTP server shutdown
PASS single False 
PASS single True 
PASS render-worker False 
PASS render-worker True 
PASS full-isolation False 
PASS full-isolation True 
PASS single False 
PASS single True 
PASS render-worker False 
PASS render-worker True 
PASS full-isolation False 
PASS full-isolation True 
PASS single False 
PASS single True 
PASS render-worker False 
PASS render-worker True 
PASS full-isolation False 
PASS full-isolation True 

> avaloniaweb-workspace@0.6.2-alpha.1 verify:release
> node scripts/verify-release.mjs

{"Version":"0.6.2-alpha.1","SourceFingerprint":"9608886d60f15a5b9fbe15cdcd4ccef1d08ab046caad57ea9c14bb72bb6487bc","Node":963,"Browser":112,"Scrollbars":[[1,20],[1.25,20]],"Text":29,"Packages":18,"Threading":{"Browser":39,"Integration":19,"Quality":12,"Catalog":148}}

> avaloniaweb-workspace@0.6.2-alpha.1 benchmark
> node --import ./scripts/register-loader.mjs scripts/benchmark.mjs artifacts/benchmark-current.json

