
> avaloniaweb-workspace@0.6.2-alpha.1 verify:vendor
> node scripts/verify-vendor.mjs

{"Passed":true,"Files":122,"SkiaSharpWebCommit":"d5a9e8573c747804930eb76a81d05d2c5dde2d3a"}

> avaloniaweb-workspace@0.6.2-alpha.1 test:record
> node scripts/validate-node.mjs

TAP version 13
# Subtest: Animatable transitions apply automatically and release clock/value slots on completion
ok 1 - Animatable transitions apply automatically and release clock/value slots on completion
  ---
  duration_ms: 3.30055
  type: 'test'
  ...
# Subtest: masked base updates retarget from current presentation without temporary target notifications
ok 2 - masked base updates retarget from current presentation without temporary target notifications
  ---
  duration_ms: 1.143426
  type: 'test'
  ...
# Subtest: equal underlying writes and unrelated property changes do not restart an active transition
ok 3 - equal underlying writes and unrelated property changes do not restart an active transition
  ---
  duration_ms: 0.54524
  type: 'test'
  ...
# Subtest: base-priority removal transitions to default rather than the currently animated value
ok 4 - base-priority removal transitions to default rather than the currently animated value
  ---
  duration_ms: 0.5669
  type: 'test'
  ...
# Subtest: observable replacement and updates retain the binding while retargeting
ok 5 - observable replacement and updates retain the binding while retargeting
  ---
  duration_ms: 1.537312
  type: 'test'
  ...
# Subtest: disable cancels immediately, updates without animation and enable establishes a fresh baseline
ok 6 - disable cancels immediately, updates without animation and enable establishes a fresh baseline
  ---
  duration_ms: 0.574552
  type: 'test'
  ...
# Subtest: visual attachment enables transitions and detachment cancels owned instances
ok 7 - visual attachment enables transitions and detachment cancels owned instances
  ---
  duration_ms: 3.650766
  type: 'test'
  ...
# Subtest: collection clear cancels only its own animation and keeps an unrelated explicit slot
ok 8 - collection clear cancels only its own animation and keeps an unrelated explicit slot
  ---
  duration_ms: 0.588674
  type: 'test'
  ...
# Subtest: last matching transition wins and reordering changes future selection
ok 9 - last matching transition wins and reordering changes future selection
  ---
  duration_ms: 0.817355
  type: 'test'
  ...
# Subtest: replacement collection preserves a shared running definition and detaches old owner references
ok 10 - replacement collection preserves a shared running definition and detaches old owner references
  ---
  duration_ms: 0.478845
  type: 'test'
  ...
# Subtest: collection mutation validates duplicate, direct and unknown properties before publication
ok 11 - collection mutation validates duplicate, direct and unknown properties before publication
  ---
  duration_ms: 0.641255
  type: 'test'
  ...
# Subtest: changing a definition target cancels its old property and tracks the new target
ok 12 - changing a definition target cancels its old property and tracks the new target
  ---
  duration_ms: 0.245909
  type: 'test'
  ...
# Subtest: shared transition definitions run independently and release per-owner subscriptions
ok 13 - shared transition definitions run independently and release per-owner subscriptions
  ---
  duration_ms: 0.29911
  type: 'test'
  ...
# Subtest: inherited clock drives descendants without a second scheduling loop
ok 14 - inherited clock drives descendants without a second scheduling loop
  ---
  duration_ms: 0.701831
  type: 'test'
  ...
# Subtest: inherited property removal reveals the inherited base, not an animation snapshot
ok 15 - inherited property removal reveals the inherited base, not an animation snapshot
  ---
  duration_ms: 0.558795
  type: 'test'
  ...
# Subtest: delayed and zero-duration transitions keep one finite subscription and release it
ok 16 - delayed and zero-duration transitions keep one finite subscription and release it
  ---
  duration_ms: 0.410928
  type: 'test'
  ...
# Subtest: malformed easing releases its value slot and reports the failure exactly once
ok 17 - malformed easing releases its value slot and reports the failure exactly once
  ---
  duration_ms: 0.55838
  type: 'test'
  ...
# Subtest: legacy awaitable Apply remains usable and obeys AbortSignal cancellation
ok 18 - legacy awaitable Apply remains usable and obeys AbortSignal cancellation
  ---
  duration_ms: 0.267086
  type: 'test'
  ...
# Subtest: synchronously ticking clock completion does not leak its late subscription
ok 19 - synchronously ticking clock completion does not leak its late subscription
  ---
  duration_ms: 0.239808
  type: 'test'
  ...
# Subtest: reentrant disabling from an easing callback cannot resurrect a transition
ok 20 - reentrant disabling from an easing callback cannot resurrect a transition
  ---
  duration_ms: 0.216768
  type: 'test'
  ...
# Subtest: 1000 retarget/completion cycles have bounded owner lifetime and value-store size
ok 21 - 1000 retarget/completion cycles have bounded owner lifetime and value-store size
  ---
  duration_ms: 21.978191
  type: 'test'
  ...
# Subtest: transition metadata is direct, no-argument duration is zero and easing is linear
ok 22 - transition metadata is direct, no-argument duration is zero and easing is linear
  ---
  duration_ms: 0.191894
  type: 'test'
  ...
# Subtest: SetCurrentValue changes the underlying value during a transition, preserving its priority
ok 23 - SetCurrentValue changes the underlying value during a transition, preserving its priority
  ---
  duration_ms: 0.420171
  type: 'test'
  ...
# Subtest: an inherited base change reaches a child even while that child is animating
ok 24 - an inherited base change reaches a child even while that child is animating
  ---
  duration_ms: 3.695404
  type: 'test'
  ...
# Subtest: brush and transform also share the real Animatable transition foundation
ok 25 - brush and transform also share the real Animatable transition foundation
  ---
  duration_ms: 0.842227
  type: 'test'
  ...
# Subtest: completion restores observation of a mutable effect with equal immutable endpoint values
ok 26 - completion restores observation of a mutable effect with equal immutable endpoint values
  ---
  duration_ms: 3.739137
  type: 'test'
  ...
# Subtest: animation-driven mutable effect radius notifies its owner without replacing the Effect
ok 27 - animation-driven mutable effect radius notifies its owner without replacing the Effect
  ---
  duration_ms: 0.655896
  type: 'test'
  ...
# Subtest: out-of-order transition clock provider disposal never resurrects an obsolete service
ok 28 - out-of-order transition clock provider disposal never resurrects an obsolete service
  ---
  duration_ms: 0.463103
  type: 'test'
  ...
# Subtest: Automation peers are cached, dispatch notifications, and release owner subscriptions
ok 29 - Automation peers are cached, dispatch notifications, and release owner subscriptions
  ---
  duration_ms: 9.158335
  type: 'test'
  ...
# Subtest: Automation XAML metadata, labeled-by cycles and custom peer overrides
ok 30 - Automation XAML metadata, labeled-by cycles and custom peer overrides
  ---
  duration_ms: 11.962738
  type: 'test'
  ...
# Subtest: Invoke/toggle/radio providers enforce disabled and mutually exclusive behavior
ok 31 - Invoke/toggle/radio providers enforce disabled and mutually exclusive behavior
  ---
  duration_ms: 4.093679
  type: 'test'
  ...
# Subtest: Value and range providers preserve password privacy and read-only/range contracts
ok 32 - Value and range providers preserve password privacy and read-only/range contracts
  ---
  duration_ms: 4.25169
  type: 'test'
  ...
# Subtest: Selection peers represent offscreen items without allocating the whole list
ok 33 - Selection peers represent offscreen items without allocating the whole list
  ---
  duration_ms: 18.931192
  type: 'test'
  ...
# Subtest: Table automation exposes actual headers, rows, grid cell identity and current row indices
ok 34 - Table automation exposes actual headers, rows, grid cell identity and current row indices
  ---
  duration_ms: 31.076115
  type: 'test'
  ...
# Subtest: Tree expansion peers update underlying hierarchy and report sibling positions
ok 35 - Tree expansion peers update underlying hierarchy and report sibling positions
  ---
  duration_ms: 6.3061
  type: 'test'
  ...
# Subtest: Scroll and clipping automation use measured viewport and enforce unsupported axes
ok 36 - Scroll and clipping automation use measured viewport and enforce unsupported axes
  ---
  duration_ms: 3.445783
  type: 'test'
  ...
# Subtest: Visual adoption rejects a conflicting logical parent without a partial mutation
ok 37 - Visual adoption rejects a conflicting logical parent without a partial mutation
  ---
  duration_ms: 0.417311
  type: 'test'
  ...
# Subtest: Binding: metadata conversion must not write a presentation adjustment back to the source
ok 38 - Binding: metadata conversion must not write a presentation adjustment back to the source
  ---
  duration_ms: 3.49054
  type: 'test'
  ...
# Subtest: CompiledBindingExtension: metadata conversion must not write a presentation adjustment back to the source
ok 39 - CompiledBindingExtension: metadata conversion must not write a presentation adjustment back to the source
  ---
  duration_ms: 1.226491
  type: 'test'
  ...
# Subtest: catalog defaults to full isolation with no override
ok 40 - catalog defaults to full isolation with no override
  ---
  duration_ms: 0.497969
  type: 'test'
  ...
# Subtest: catalog keeps explicit single URL override
ok 41 - catalog keeps explicit single URL override
  ---
  duration_ms: 0.124185
  type: 'test'
  ...
# Subtest: catalog keeps explicit render-worker URL override
ok 42 - catalog keeps explicit render-worker URL override
  ---
  duration_ms: 0.097967
  type: 'test'
  ...
# Subtest: catalog keeps explicit full-isolation URL override
ok 43 - catalog keeps explicit full-isolation URL override
  ---
  duration_ms: 0.051115
  type: 'test'
  ...
# Subtest: catalog legacy override precedes the URL
ok 44 - catalog legacy override precedes the URL
  ---
  duration_ms: 0.060717
  type: 'test'
  ...
# Subtest: catalog boot options precede legacy and URL overrides
ok 45 - catalog boot options precede legacy and URL overrides
  ---
  duration_ms: 0.0545
  type: 'test'
  ...
# Subtest: AOT catalog construction, layout and disposal: MainView
ok 46 - AOT catalog construction, layout and disposal: MainView
  ---
  duration_ms: 71.411979
  type: 'test'
  ...
# Subtest: AOT catalog construction, layout and disposal: Accelerator
ok 47 - AOT catalog construction, layout and disposal: Accelerator
  ---
  duration_ms: 3.972664
  type: 'test'
  ...
# Subtest: AOT catalog construction, layout and disposal: Acrylic
ok 48 - AOT catalog construction, layout and disposal: Acrylic
  ---
  duration_ms: 4.939034
  type: 'test'
  ...
# Subtest: AOT catalog construction, layout and disposal: AdornerLayer
ok 49 - AOT catalog construction, layout and disposal: AdornerLayer
  ---
  duration_ms: 4.702961
  type: 'test'
  ...
# Subtest: AOT catalog construction, layout and disposal: AutoCompleteBox
ok 50 - AOT catalog construction, layout and disposal: AutoCompleteBox
  ---
  duration_ms: 3.039614
  type: 'test'
  ...
# Subtest: AOT catalog construction, layout and disposal: BitmapCache
ok 51 - AOT catalog construction, layout and disposal: BitmapCache
  ---
  duration_ms: 4.45908
  type: 'test'
  ...
# Subtest: AOT catalog construction, layout and disposal: Border
ok 52 - AOT catalog construction, layout and disposal: Border
  ---
  duration_ms: 3.970974
  type: 'test'
  ...
# Subtest: AOT catalog construction, layout and disposal: ButtonSpinner
ok 53 - AOT catalog construction, layout and disposal: ButtonSpinner
  ---
  duration_ms: 2.22825
  type: 'test'
  ...
# Subtest: AOT catalog construction, layout and disposal: Buttons
ok 54 - AOT catalog construction, layout and disposal: Buttons
  ---
  duration_ms: 8.703381
  type: 'test'
  ...
# Subtest: AOT catalog construction, layout and disposal: Calendar
ok 55 - AOT catalog construction, layout and disposal: Calendar
  ---
  duration_ms: 6.067602
  type: 'test'
  ...
# Subtest: AOT catalog construction, layout and disposal: CalendarDatePicker
ok 56 - AOT catalog construction, layout and disposal: CalendarDatePicker
  ---
  duration_ms: 5.316695
  type: 'test'
  ...
# Subtest: AOT catalog construction, layout and disposal: Canvas
ok 57 - AOT catalog construction, layout and disposal: Canvas
  ---
  duration_ms: 4.079363
  type: 'test'
  ...
# Subtest: AOT catalog construction, layout and disposal: Carousel
ok 58 - AOT catalog construction, layout and disposal: Carousel
  ---
  duration_ms: 6.339081
  type: 'test'
  ...
# Subtest: AOT catalog construction, layout and disposal: CarouselPage
ok 59 - AOT catalog construction, layout and disposal: CarouselPage
  ---
  duration_ms: 3.512932
  type: 'test'
  ...
# Subtest: AOT catalog construction, layout and disposal: CheckBox
ok 60 - AOT catalog construction, layout and disposal: CheckBox
  ---
  duration_ms: 4.870254
  type: 'test'
  ...
# Subtest: AOT catalog construction, layout and disposal: Clipboard
ok 61 - AOT catalog construction, layout and disposal: Clipboard
  ---
  duration_ms: 5.072643
  type: 'test'
  ...
# Subtest: AOT catalog construction, layout and disposal: ColorPicker
ok 62 - AOT catalog construction, layout and disposal: ColorPicker
  ---
  duration_ms: 6.490466
  type: 'test'
  ...
# Subtest: AOT catalog construction, layout and disposal: ComboBox
ok 63 - AOT catalog construction, layout and disposal: ComboBox
  ---
  duration_ms: 5.996348
  type: 'test'
  ...
# Subtest: AOT catalog construction, layout and disposal: CommandBar
ok 64 - AOT catalog construction, layout and disposal: CommandBar
  ---
  duration_ms: 5.240192
  type: 'test'
  ...
# Subtest: AOT catalog construction, layout and disposal: Composition
ok 65 - AOT catalog construction, layout and disposal: Composition
  ---
  duration_ms: 14.808028
  type: 'test'
  ...
# Subtest: AOT catalog construction, layout and disposal: ContainerQueries
ok 66 - AOT catalog construction, layout and disposal: ContainerQueries
  ---
  duration_ms: 7.675887
  type: 'test'
  ...
# Subtest: AOT catalog construction, layout and disposal: ContentPage
ok 67 - AOT catalog construction, layout and disposal: ContentPage
  ---
  duration_ms: 4.254418
  type: 'test'
  ...
# Subtest: AOT catalog construction, layout and disposal: ContextFlyout
ok 68 - AOT catalog construction, layout and disposal: ContextFlyout
  ---
  duration_ms: 2.588424
  type: 'test'
  ...
# Subtest: AOT catalog construction, layout and disposal: ContextMenu
ok 69 - AOT catalog construction, layout and disposal: ContextMenu
  ---
  duration_ms: 2.460646
  type: 'test'
  ...
# Subtest: AOT catalog construction, layout and disposal: Cursor
ok 70 - AOT catalog construction, layout and disposal: Cursor
  ---
  duration_ms: 9.916108
  type: 'test'
  ...
# Subtest: AOT catalog construction, layout and disposal: CustomDrawing
ok 71 - AOT catalog construction, layout and disposal: CustomDrawing
  ---
  duration_ms: 7.535567
  type: 'test'
  ...
# Subtest: AOT catalog construction, layout and disposal: DataValidation
ok 72 - AOT catalog construction, layout and disposal: DataValidation
  ---
  duration_ms: 8.748297
  type: 'test'
  ...
# Subtest: AOT catalog construction, layout and disposal: DateTimePicker
ok 73 - AOT catalog construction, layout and disposal: DateTimePicker
  ---
  duration_ms: 4.05721
  type: 'test'
  ...
# Subtest: AOT catalog construction, layout and disposal: Dialogs
ok 74 - AOT catalog construction, layout and disposal: Dialogs
  ---
  duration_ms: 5.633077
  type: 'test'
  ...
# Subtest: AOT catalog construction, layout and disposal: DragDrop
ok 75 - AOT catalog construction, layout and disposal: DragDrop
  ---
  duration_ms: 2.35268
  type: 'test'
  ...
# Subtest: AOT catalog construction, layout and disposal: DrawerPage
ok 76 - AOT catalog construction, layout and disposal: DrawerPage
  ---
  duration_ms: 2.85734
  type: 'test'
  ...
# Subtest: AOT catalog construction, layout and disposal: Expander
ok 77 - AOT catalog construction, layout and disposal: Expander
  ---
  duration_ms: 5.3902
  type: 'test'
  ...
# Subtest: AOT catalog construction, layout and disposal: FlexPanel
ok 78 - AOT catalog construction, layout and disposal: FlexPanel
  ---
  duration_ms: 2.343071
  type: 'test'
  ...
# Subtest: AOT catalog construction, layout and disposal: Flyouts
ok 79 - AOT catalog construction, layout and disposal: Flyouts
  ---
  duration_ms: 5.285112
  type: 'test'
  ...
# Subtest: AOT catalog construction, layout and disposal: Focus
ok 80 - AOT catalog construction, layout and disposal: Focus
  ---
  duration_ms: 4.788929
  type: 'test'
  ...
# Subtest: AOT catalog construction, layout and disposal: Gestures
ok 81 - AOT catalog construction, layout and disposal: Gestures
  ---
  duration_ms: 6.897961
  type: 'test'
  ...
# Subtest: AOT catalog construction, layout and disposal: HeaderedContentControl
ok 82 - AOT catalog construction, layout and disposal: HeaderedContentControl
  ---
  duration_ms: 3.096206
  type: 'test'
  ...
# Subtest: AOT catalog construction, layout and disposal: Image
ok 83 - AOT catalog construction, layout and disposal: Image
  ---
  duration_ms: 2.434585
  type: 'test'
  ...
# Subtest: AOT catalog construction, layout and disposal: Label
ok 84 - AOT catalog construction, layout and disposal: Label
  ---
  duration_ms: 3.686238
  type: 'test'
  ...
# Subtest: AOT catalog construction, layout and disposal: LayoutTransformControl
ok 85 - AOT catalog construction, layout and disposal: LayoutTransformControl
  ---
  duration_ms: 4.189889
  type: 'test'
  ...
# Subtest: AOT catalog construction, layout and disposal: ListBox
ok 86 - AOT catalog construction, layout and disposal: ListBox
  ---
  duration_ms: 9.874449
  type: 'test'
  ...
# Subtest: AOT catalog construction, layout and disposal: Menu
ok 87 - AOT catalog construction, layout and disposal: Menu
  ---
  duration_ms: 3.196008
  type: 'test'
  ...
# Subtest: AOT catalog construction, layout and disposal: NativeEmbed
ok 88 - AOT catalog construction, layout and disposal: NativeEmbed
  ---
  duration_ms: 4.301772
  type: 'test'
  ...
# Subtest: AOT catalog construction, layout and disposal: NavigationPage
ok 89 - AOT catalog construction, layout and disposal: NavigationPage
  ---
  duration_ms: 3.316796
  type: 'test'
  ...
# Subtest: AOT catalog construction, layout and disposal: Notifications
ok 90 - AOT catalog construction, layout and disposal: Notifications
  ---
  duration_ms: 3.981601
  type: 'test'
  ...
# Subtest: AOT catalog construction, layout and disposal: NumericUpDown
ok 91 - AOT catalog construction, layout and disposal: NumericUpDown
  ---
  duration_ms: 8.301314
  type: 'test'
  ...
# Subtest: AOT catalog construction, layout and disposal: OpenGL
ok 92 - AOT catalog construction, layout and disposal: OpenGL
  ---
  duration_ms: 3.900335
  type: 'test'
  ...
# Subtest: AOT catalog construction, layout and disposal: OpenGLInterop
ok 93 - AOT catalog construction, layout and disposal: OpenGLInterop
  ---
  duration_ms: 9.069722
  type: 'test'
  ...
# Subtest: AOT catalog construction, layout and disposal: OpenGLLease
ok 94 - AOT catalog construction, layout and disposal: OpenGLLease
  ---
  duration_ms: 3.812416
  type: 'test'
  ...
# Subtest: AOT catalog construction, layout and disposal: PipsPager
ok 95 - AOT catalog construction, layout and disposal: PipsPager
  ---
  duration_ms: 2.42505
  type: 'test'
  ...
# Subtest: AOT catalog construction, layout and disposal: PlatformInformation
ok 96 - AOT catalog construction, layout and disposal: PlatformInformation
  ---
  duration_ms: 2.693982
  type: 'test'
  ...
# Subtest: AOT catalog construction, layout and disposal: PlatformSettings
ok 97 - AOT catalog construction, layout and disposal: PlatformSettings
  ---
  duration_ms: 2.402524
  type: 'test'
  ...
# Subtest: AOT catalog construction, layout and disposal: Pointers
ok 98 - AOT catalog construction, layout and disposal: Pointers
  ---
  duration_ms: 2.435384
  type: 'test'
  ...
# Subtest: AOT catalog construction, layout and disposal: ProgressBar
ok 99 - AOT catalog construction, layout and disposal: ProgressBar
  ---
  duration_ms: 3.448984
  type: 'test'
  ...
# Subtest: AOT catalog construction, layout and disposal: RadioButton
ok 100 - AOT catalog construction, layout and disposal: RadioButton
  ---
  duration_ms: 2.963209
  type: 'test'
  ...
# Subtest: AOT catalog construction, layout and disposal: RefreshContainer
ok 101 - AOT catalog construction, layout and disposal: RefreshContainer
  ---
  duration_ms: 2.418655
  type: 'test'
  ...
# Subtest: AOT catalog construction, layout and disposal: RelativePanel
ok 102 - AOT catalog construction, layout and disposal: RelativePanel
  ---
  duration_ms: 5.271111
  type: 'test'
  ...
# Subtest: AOT catalog construction, layout and disposal: Screens
ok 103 - AOT catalog construction, layout and disposal: Screens
  ---
  duration_ms: 5.861707
  type: 'test'
  ...
# Subtest: AOT catalog construction, layout and disposal: ScrollViewer
ok 104 - AOT catalog construction, layout and disposal: ScrollViewer
  ---
  duration_ms: 9.068867
  type: 'test'
  ...
# Subtest: AOT catalog construction, layout and disposal: Slider
ok 105 - AOT catalog construction, layout and disposal: Slider
  ---
  duration_ms: 619.923984
  type: 'test'
  ...
# Subtest: AOT catalog construction, layout and disposal: SplitView
ok 106 - AOT catalog construction, layout and disposal: SplitView
  ---
  duration_ms: 3.23936
  type: 'test'
  ...
# Subtest: AOT catalog construction, layout and disposal: TabControl
ok 107 - AOT catalog construction, layout and disposal: TabControl
  ---
  duration_ms: 2.400953
  type: 'test'
  ...
# Subtest: AOT catalog construction, layout and disposal: TabStrip
ok 108 - AOT catalog construction, layout and disposal: TabStrip
  ---
  duration_ms: 2.264324
  type: 'test'
  ...
# Subtest: AOT catalog construction, layout and disposal: TabbedPage
ok 109 - AOT catalog construction, layout and disposal: TabbedPage
  ---
  duration_ms: 2.047135
  type: 'test'
  ...
# Subtest: AOT catalog construction, layout and disposal: TableView
ok 110 - AOT catalog construction, layout and disposal: TableView
  ---
  duration_ms: 4.966715
  type: 'test'
  ...
# Subtest: AOT catalog construction, layout and disposal: TextBlock
ok 111 - AOT catalog construction, layout and disposal: TextBlock
  ---
  duration_ms: 3.763815
  type: 'test'
  ...
# Subtest: AOT catalog construction, layout and disposal: TextBox
ok 112 - AOT catalog construction, layout and disposal: TextBox
  ---
  duration_ms: 9.593635
  type: 'test'
  ...
# Subtest: AOT catalog construction, layout and disposal: ThemeVariants
ok 113 - AOT catalog construction, layout and disposal: ThemeVariants
  ---
  duration_ms: 3.349345
  type: 'test'
  ...
# Subtest: AOT catalog construction, layout and disposal: ToggleSwitch
ok 114 - AOT catalog construction, layout and disposal: ToggleSwitch
  ---
  duration_ms: 3.97397
  type: 'test'
  ...
# Subtest: AOT catalog construction, layout and disposal: ToolTip
ok 115 - AOT catalog construction, layout and disposal: ToolTip
  ---
  duration_ms: 2.721819
  type: 'test'
  ...
# Subtest: AOT catalog construction, layout and disposal: TransitioningContentControl
ok 116 - AOT catalog construction, layout and disposal: TransitioningContentControl
  ---
  duration_ms: 2.463028
  type: 'test'
  ...
# Subtest: AOT catalog construction, layout and disposal: TreeView
ok 117 - AOT catalog construction, layout and disposal: TreeView
  ---
  duration_ms: 6.328836
  type: 'test'
  ...
# Subtest: AOT catalog construction, layout and disposal: Viewbox
ok 118 - AOT catalog construction, layout and disposal: Viewbox
  ---
  duration_ms: 3.40209
  type: 'test'
  ...
# Subtest: AOT catalog construction, layout and disposal: WindowCustomizations
ok 119 - AOT catalog construction, layout and disposal: WindowCustomizations
  ---
  duration_ms: 2.731702
  type: 'test'
  ...
# Subtest: AOT catalog construction, layout and disposal: WrapPanel
ok 120 - AOT catalog construction, layout and disposal: WrapPanel
  ---
  duration_ms: 1.590891
  type: 'test'
  ...
# Subtest: catalog coverage manifest does not claim all upstream subexamples
ok 121 - catalog coverage manifest does not claim all upstream subexamples
  ---
  duration_ms: 0.171332
  type: 'test'
  ...
# Subtest: CompiledBindingExtension creates an executable incremental expression, not the reflection expression
ok 122 - CompiledBindingExtension creates an executable incremental expression, not the reflection expression
  ---
  duration_ms: 6.283251
  type: 'test'
  ...
# Subtest: compiled nested leaf updates do not reread ancestors or recreate subscriptions
ok 123 - compiled nested leaf updates do not reread ancestors or recreate subscriptions
  ---
  duration_ms: 2.286825
  type: 'test'
  ...
# Subtest: compiled branch replacement detaches only the obsolete suffix
ok 124 - compiled branch replacement detaches only the obsolete suffix
  ---
  duration_ms: 2.936221
  type: 'test'
  ...
# Subtest: compiled paths preserve terminal null and TargetNullValue without treating it as missing
ok 125 - compiled paths preserve terminal null and TargetNullValue without treating it as missing
  ---
  duration_ms: 0.929443
  type: 'test'
  ...
# Subtest: null intermediate compiled paths recover when the branch appears
ok 126 - null intermediate compiled paths recover when the branch appears
  ---
  duration_ms: 1.05555
  type: 'test'
  ...
# Subtest: compiled TwoWay setters reread normalized source values after assignment
ok 127 - compiled TwoWay setters reread normalized source values after assignment
  ---
  duration_ms: 1.371009
  type: 'test'
  ...
# Subtest: compiled delegates and declared read-only accessors are enforced
ok 128 - compiled delegates and declared read-only accessors are enforced
  ---
  duration_ms: 1.076518
  type: 'test'
  ...
# Subtest: compiled observable streams switch subscriptions and continue through emitted objects
ok 129 - compiled observable streams switch subscriptions and continue through emitted objects
  ---
  duration_ms: 0.891324
  type: 'test'
  ...
# Subtest: compiled Promise streams ignore stale completions after replacement
ok 130 - compiled Promise streams ignore stale completions after replacement
  ---
  duration_ms: 1.012994
  type: 'test'
  ...
# Subtest: compiled Promise rejection publishes fallback and exposes the binding error
ok 131 - compiled Promise rejection publishes fallback and exposes the binding error
  ---
  duration_ms: 1.810106
  type: 'test'
  ...
# Subtest: compiled stream disposal rejects late results and releases child observers
ok 132 - compiled stream disposal rejects late results and releases child observers
  ---
  duration_ms: 0.779189
  type: 'test'
  ...
# Subtest: compiled OneTime bindings release stream subscriptions after the first real value
ok 133 - compiled OneTime bindings release stream subscriptions after the first real value
  ---
  duration_ms: 0.620508
  type: 'test'
  ...
# Subtest: builder ArrayElement, TypeCast and Not compose executable operations
ok 134 - builder ArrayElement, TypeCast and Not compose executable operations
  ---
  duration_ms: 0.856165
  type: 'test'
  ...
# Subtest: compiled self, templated parent and namescope roots resolve without DataContext
ok 135 - compiled self, templated parent and namescope roots resolve without DataContext
  ---
  duration_ms: 3.416342
  type: 'test'
  ...
# Subtest: compiled command dependencies notify CanExecuteChanged and dispose observers
ok 136 - compiled command dependencies notify CanExecuteChanged and dispose observers
  ---
  duration_ms: 1.013891
  type: 'test'
  ...
# Subtest: compiled paths reject unsafe names and preserve carets inside quoted map keys
ok 137 - compiled paths reject unsafe names and preserve carets inside quoted map keys
  ---
  duration_ms: 0.87887
  type: 'test'
  ...
# Subtest: runtime XAML and emitted AOT modules both execute compiled stream bindings
ok 138 - runtime XAML and emitted AOT modules both execute compiled stream bindings
  ---
  duration_ms: 15.144389
  type: 'test'
  ...
# Subtest: compiled accessor factories observe, set and dispose without retaining obsolete branches
ok 139 - compiled accessor factories observe, set and dispose without retaining obsolete branches
  ---
  duration_ms: 0.829492
  type: 'test'
  ...
# Subtest: compiled accessor errors are cleared by the next successful value
ok 140 - compiled accessor errors are cleared by the next successful value
  ---
  duration_ms: 0.736537
  type: 'test'
  ...
# Subtest: OneWayToSource preserves the initial target and keeps an active source-only priority entry
ok 141 - OneWayToSource preserves the initial target and keeps an active source-only priority entry
  ---
  duration_ms: 1.654839
  type: 'test'
  ...
# Subtest: compiled explicit source updates do not write before UpdateSource is requested
ok 142 - compiled explicit source updates do not write before UpdateSource is requested
  ---
  duration_ms: 0.497224
  type: 'test'
  ...
# Subtest: compiled builder validates casts and can evaluate nullable getter delegates
ok 143 - compiled builder validates casts and can evaluate nullable getter delegates
  ---
  duration_ms: 0.83688
  type: 'test'
  ...
# Subtest: composition Scalar properties distinguish type, copy values and expose status
ok 144 - composition Scalar properties distinguish type, copy values and expose status
  ---
  duration_ms: 8.831867
  type: 'test'
  ...
# Subtest: composition Boolean properties distinguish type, copy values and expose status
ok 145 - composition Boolean properties distinguish type, copy values and expose status
  ---
  duration_ms: 0.513585
  type: 'test'
  ...
# Subtest: composition Color properties distinguish type, copy values and expose status
ok 146 - composition Color properties distinguish type, copy values and expose status
  ---
  duration_ms: 0.378489
  type: 'test'
  ...
# Subtest: composition Vector2 properties distinguish type, copy values and expose status
ok 147 - composition Vector2 properties distinguish type, copy values and expose status
  ---
  duration_ms: 0.165435
  type: 'test'
  ...
# Subtest: composition Vector3 properties distinguish type, copy values and expose status
ok 148 - composition Vector3 properties distinguish type, copy values and expose status
  ---
  duration_ms: 0.269926
  type: 'test'
  ...
# Subtest: composition Vector4 properties distinguish type, copy values and expose status
ok 149 - composition Vector4 properties distinguish type, copy values and expose status
  ---
  duration_ms: 0.209649
  type: 'test'
  ...
# Subtest: composition Quaternion properties distinguish type, copy values and expose status
ok 150 - composition Quaternion properties distinguish type, copy values and expose status
  ---
  duration_ms: 0.159079
  type: 'test'
  ...
# Subtest: composition Matrix3x2 properties distinguish type, copy values and expose status
ok 151 - composition Matrix3x2 properties distinguish type, copy values and expose status
  ---
  duration_ms: 0.260693
  type: 'test'
  ...
# Subtest: composition Matrix4x4 properties distinguish type, copy values and expose status
ok 152 - composition Matrix4x4 properties distinguish type, copy values and expose status
  ---
  duration_ms: 0.358797
  type: 'test'
  ...
# Subtest: composition Quaternion and Vector4 keep distinct declared tags, including overwriting the same key
ok 153 - composition Quaternion and Vector4 keep distinct declared tags, including overwriting the same key
  ---
  duration_ms: 0.639477
  type: 'test'
  ...
# Subtest: composition values reject nonfinite components and invalid keys before changing prior data
ok 154 - composition values reject nonfinite components and invalid keys before changing prior data
  ---
  duration_ms: 0.691717
  type: 'test'
  ...
# Subtest: typed animation parameters are copied, cleared and reject foreign/disposed references
ok 155 - typed animation parameters are copied, cleared and reject foreign/disposed references
  ---
  duration_ms: 1.175773
  type: 'test'
  ...
# Subtest: animation group is a client CompositionObject with Remove/RemoveAll and does not own supplied animations
ok 156 - animation group is a client CompositionObject with Remove/RemoveAll and does not own supplied animations
  ---
  duration_ms: 0.317902
  type: 'test'
  ...
# Subtest: animation group starts every member at the identical clock instant and clones parameter ownership
ok 157 - animation group starts every member at the identical clock instant and clones parameter ownership
  ---
  duration_ms: 1.275846
  type: 'test'
  ...
# Subtest: invalid group target leaves prior running animations unchanged
ok 158 - invalid group target leaves prior running animations unchanged
  ---
  duration_ms: 0.70458
  type: 'test'
  ...
# Subtest: single targeted animation supports StartAnimationGroup and stopping one component preserves another
ok 159 - single targeted animation supports StartAnimationGroup and stopping one component preserves another
  ---
  duration_ms: 0.710959
  type: 'test'
  ...
# Subtest: typed parameters and grouped animations execute on isolated server state through binary transport
ok 160 - typed parameters and grouped animations execute on isolated server state through binary transport
  ---
  duration_ms: 12.966681
  type: 'test'
  ...
# Subtest: composition snapshots publish atomically at commit, not at property assignment
ok 161 - composition snapshots publish atomically at commit, not at property assignment
  ---
  duration_ms: 6.343508
  type: 'test'
  ...
# Subtest: visual collections reject duplicate parents, cycles, and cross-compositor resources
ok 162 - visual collections reject duplicate parents, cycles, and cross-compositor resources
  ---
  duration_ms: 0.773862
  type: 'test'
  ...
# Subtest: scalar keyframes are deterministic and cancellation restores the base property
ok 163 - scalar keyframes are deterministic and cancellation restores the base property
  ---
  duration_ms: 1.200428
  type: 'test'
  ...
# Subtest: keyframe clocks stop after completion and retain final presentation state
ok 164 - keyframe clocks stop after completion and retain final presentation state
  ---
  duration_ms: 0.404327
  type: 'test'
  ...
# Subtest: alternating keyframes and delay use the injected clock
ok 165 - alternating keyframes and delay use the injected clock
  ---
  duration_ms: 0.480476
  type: 'test'
  ...
# Subtest: expression parser supports vectors, arithmetic, functions and lazy conditionals
ok 166 - expression parser supports vectors, arithmetic, functions and lazy conditionals
  ---
  duration_ms: 1.629418
  type: 'test'
  ...
# Subtest: expression references observe committed property-set values
ok 167 - expression references observe committed property-set values
  ---
  duration_ms: 0.890943
  type: 'test'
  ...
# Subtest: custom visuals receive queued messages before rendering
ok 168 - custom visuals receive queued messages before rendering
  ---
  duration_ms: 0.425788
  type: 'test'
  ...
# Subtest: commit failures reject the batch and do not strand subsequent commits
ok 169 - commit failures reject the batch and do not strand subsequent commits
  ---
  duration_ms: 0.517222
  type: 'test'
  ...
# Subtest: disposing a compositor rejects pending batches and disposes its object graph
ok 170 - disposing a compositor rejects pending batches and disposes its object graph
  ---
  duration_ms: 0.294506
  type: 'test'
  ...
# Subtest: compositor disposal clears events and invokes custom handler disposal only once
ok 171 - compositor disposal clears events and invokes custom handler disposal only once
  ---
  duration_ms: 0.190913
  type: 'test'
  ...
# Subtest: container query grammar validates full input, axes, and Boolean precedence
ok 172 - container query grammar validates full input, axes, and Boolean precedence
  ---
  duration_ms: 1.549907
  type: 'test'
  ...
# Subtest: ancestor resize applies and removes query setters without replacing local values
ok 173 - ancestor resize applies and removes query setters without replacing local values
  ---
  duration_ms: 7.028157
  type: 'test'
  ...
# Subtest: XAML Container attached properties and conditional children instantiate
ok 174 - XAML Container attached properties and conditional children instantiate
  ---
  duration_ms: 5.290699
  type: 'test'
  ...
# (node:4812) ExperimentalWarning: The MockTimers API is an experimental feature and might change at any time
# (Use `node --trace-warnings ...` to show where the warning was created)
# Subtest: dispatcher priority values and invalid sentinels match Avalonia
ok 175 - dispatcher priority values and invalid sentinels match Avalonia
  ---
  duration_ms: 1.555071
  type: 'test'
  ...
# Subtest: dispatcher orders active work by priority and stable original FIFO after reprioritization
ok 176 - dispatcher orders active work by priority and stable original FIFO after reprioritization
  ---
  duration_ms: 0.81471
  type: 'test'
  ...
# Subtest: inactive operations remain pending without host wakeups until explicitly promoted
ok 177 - inactive operations remain pending without host wakeups until explicitly promoted
  ---
  duration_ms: 0.183527
  type: 'test'
  ...
# Subtest: InvokeAsync operations expose lazy tasks, statuses, results and one completion event
ok 178 - InvokeAsync operations expose lazy tasks, statuses, results and one completion event
  ---
  duration_ms: 0.219133
  type: 'test'
  ...
# Subtest: queued abortion removes work and callback immediately and settles lazy task exactly once
ok 179 - queued abortion removes work and callback immediately and settles lazy task exactly once
  ---
  duration_ms: 0.269087
  type: 'test'
  ...
# Subtest: cancellation before enqueue and after enqueue preserves reason and never dispatches
ok 180 - cancellation before enqueue and after enqueue preserves reason and never dispatches
  ---
  duration_ms: 0.198568
  type: 'test'
  ...
# Subtest: executing work detaches cancellation without treating a late abort as a pending cancellation
ok 181 - executing work detaches cancellation without treating a late abort as a pending cancellation
  ---
  duration_ms: 0.203209
  type: 'test'
  ...
# Subtest: callback fault completes operation but rejects Task and Result without dispatcher unhandled event
ok 182 - callback fault completes operation but rejects Task and Result without dispatcher unhandled event
  ---
  duration_ms: 0.234253
  type: 'test'
  ...
# Subtest: async result assimilation does not block subsequent dispatcher jobs
ok 183 - async result assimilation does not block subsequent dispatcher jobs
  ---
  duration_ms: 0.184563
  type: 'test'
  ...
# Subtest: self-return and hostile then getter reject without leaving executing operations
ok 184 - self-return and hostile then getter reject without leaving executing operations
  ---
  duration_ms: 0.312101
  type: 'test'
  ...
# Subtest: handled Post exceptions continue draining while unhandled errors leave remaining queue usable
ok 185 - handled Post exceptions continue draining while unhandled errors leave remaining queue usable
  ---
  duration_ms: 0.19771
  type: 'test'
  ...
# Subtest: exception filter can refuse catching a Post error
ok 186 - exception filter can refuse catching a Post error
  ---
  duration_ms: 0.0885
  type: 'test'
  ...
# Subtest: automatic dispatch yields to host by job count without spinning a microtask queue
ok 187 - automatic dispatch yields to host by job count without spinning a microtask queue
  ---
  duration_ms: 0.208934
  type: 'test'
  ...
# Subtest: automatic dispatch also yields on elapsed budget
ok 188 - automatic dispatch also yields on elapsed budget
  ---
  duration_ms: 0.090998
  type: 'test'
  ...
# Subtest: nested processing suspension defers dispatch and re-enables only after last disposal
ok 189 - nested processing suspension defers dispatch and re-enables only after last disposal
  ---
  duration_ms: 0.126854
  type: 'test'
  ...
# Subtest: indexed priority heap agrees with stable reference under 10000 adversarial mutations
ok 190 - indexed priority heap agrees with stable reference under 10000 adversarial mutations
  ---
  duration_ms: 121.172951
  type: 'test'
  ...
# Subtest: shutdown aborts pending and future operations, announces ordered events and tolerates observer failures
ok 191 - shutdown aborts pending and future operations, announces ordered events and tolerates observer failures
  ---
  duration_ms: 0.408357
  type: 'test'
  ...
# Subtest: same-realm Send Invoke is synchronous and unsupported nested-loop priorities fail explicitly
ok 192 - same-realm Send Invoke is synchronous and unsupported nested-loop priorities fail explicitly
  ---
  duration_ms: 0.247677
  type: 'test'
  ...
# Subtest: AwaitWithPriority queues continuation result at the requested priority
ok 193 - AwaitWithPriority queues continuation result at the requested priority
  ---
  duration_ms: 0.250099
  type: 'test'
  ...
# Subtest: timer maintains at most one queued tick while dispatcher delivery is blocked
ok 194 - timer maintains at most one queued tick while dispatcher delivery is blocked
  ---
  duration_ms: 0.820258
  type: 'test'
  ...
# Subtest: timer Stop/Start, interval change and priority promotion cannot revive stale ticks
ok 195 - timer Stop/Start, interval change and priority promotion cannot revive stale ticks
  ---
  duration_ms: 0.313481
  type: 'test'
  ...
# Subtest: timer stops at dispatcher shutdown and RunOnce disposes even on callback failure
ok 196 - timer stops at dispatcher shutdown and RunOnce disposes even on callback failure
  ---
  duration_ms: 0.432871
  type: 'test'
  ...
# Subtest: drawing state tokens reject out-of-order disposal without consuming the token
ok 197 - drawing state tokens reject out-of-order disposal without consuming the token
  ---
  duration_ms: 2.01086
  type: 'test'
  ...
# Subtest: drawing push failure leaves no logical state and invalid matrices fail before backend mutation
ok 198 - drawing push failure leaves no logical state and invalid matrices fail before backend mutation
  ---
  duration_ms: 0.309941
  type: 'test'
  ...
# Subtest: drawing transform scopes compose and restore in the same order as native matrix operations
ok 199 - drawing transform scopes compose and restore in the same order as native matrix operations
  ---
  duration_ms: 4.614542
  type: 'test'
  ...
# Subtest: native failed geometry-clip and unsupported effect push restore save count and all resource stacks
ok 200 - native failed geometry-clip and unsupported effect push restore save count and all resource stacks
  ---
  duration_ms: 2.462507
  type: 'test'
  ...
# Subtest: DrawingGroup restores earlier states when a valid effect fails native allocation
ok 201 - DrawingGroup restores earlier states when a valid effect fails native allocation
  ---
  duration_ms: 3.170243
  type: 'test'
  ...
# Subtest: composition visual restores earlier drawing states when a valid effect fails native allocation
ok 202 - composition visual restores earlier drawing states when a valid effect fails native allocation
  ---
  duration_ms: 2.163094
  type: 'test'
  ...
# Subtest: native opacity-mask draw failure still restores scope and releases paint state
ok 203 - native opacity-mask draw failure still restores scope and releases paint state
  ---
  duration_ms: 0.739161
  type: 'test'
  ...
# Subtest: DrawingGroup bounds include pen and transform but not clip/effect inflation
ok 204 - DrawingGroup bounds include pen and transform but not clip/effect inflation
  ---
  duration_ms: 4.84513
  type: 'test'
  ...
# Subtest: drawing invalidation propagates nested brush, pen, geometry, transform and stops after disposal
ok 205 - drawing invalidation propagates nested brush, pen, geometry, transform and stops after disposal
  ---
  duration_ms: 1.099302
  type: 'test'
  ...
# Subtest: drawing group batches, sharing, reparented collections and removed child subscriptions remain correct
ok 206 - drawing group batches, sharing, reparented collections and removed child subscriptions remain correct
  ---
  duration_ms: 0.787068
  type: 'test'
  ...
# Subtest: drawing graph cycles reject atomically including cross-image edges while shared DAGs work
ok 207 - drawing graph cycles reject atomically including cross-image edges while shared DAGs work
  ---
  duration_ms: 0.465265
  type: 'test'
  ...
# Subtest: DrawingImage source crop and nonzero destination map to the exact device rectangle
ok 208 - DrawingImage source crop and nonzero destination map to the exact device rectangle
  ---
  duration_ms: 4.706491
  type: 'test'
  ...
# Subtest: DrawingImage explicit Viewbox introduces padding and clips content without shifting destination
ok 209 - DrawingImage explicit Viewbox introduces padding and clips content without shifting destination
  ---
  duration_ms: 2.289568
  type: 'test'
  ...
# Subtest: DrawingImage empty and null content no-ops without allocating drawing states
ok 210 - DrawingImage empty and null content no-ops without allocating drawing states
  ---
  duration_ms: 0.211793
  type: 'test'
  ...
# Subtest: DrawingGroup.Open replaces atomically at disposal, automatically balances scopes and aborts without publishing
ok 211 - DrawingGroup.Open replaces atomically at disposal, automatically balances scopes and aborts without publishing
  ---
  duration_ms: 1.30577
  type: 'test'
  ...
# Subtest: DrawingGroup.Open keeps an existing owned drawing live when it is borrowed into replacement
ok 212 - DrawingGroup.Open keeps an existing owned drawing live when it is borrowed into replacement
  ---
  duration_ms: 0.444236
  type: 'test'
  ...
# Subtest: retained rounded rectangles and ellipse/line records produce actual native geometry
ok 213 - retained rounded rectangles and ellipse/line records produce actual native geometry
  ---
  duration_ms: 4.583395
  type: 'test'
  ...
# Subtest: retained text owns an independent shaping layout and releases it on replacement
ok 214 - retained text owns an independent shaping layout and releases it on replacement
  ---
  duration_ms: 1.328081
  type: 'test'
  ...
# Subtest: StreamGeometry mutation and Open completion invalidate drawing owners once and update bounds
ok 215 - StreamGeometry mutation and Open completion invalidate drawing owners once and update bounds
  ---
  duration_ms: 1.017007
  type: 'test'
  ...
# Subtest: WriteableBitmap Lock is idempotent and invalidates a previously uploaded native image
ok 216 - WriteableBitmap Lock is idempotent and invalidates a previously uploaded native image
  ---
  duration_ms: 2.51363
  type: 'test'
  ...
# Subtest: DrawingImage portable primitives survive binary transport, retain exact native pixels and update without hover
ok 217 - DrawingImage portable primitives survive binary transport, retain exact native pixels and update without hover
  ---
  duration_ms: 16.631931
  type: 'test'
  ...
# Subtest: XAML runtime constructs native drawing graph properties, groups and DrawingImage content
ok 218 - XAML runtime constructs native drawing graph properties, groups and DrawingImage content
  ---
  duration_ms: 6.695271
  type: 'test'
  ...
# Subtest: XAML AOT constructs native drawing graph properties, groups and DrawingImage content
ok 219 - XAML AOT constructs native drawing graph properties, groups and DrawingImage content
  ---
  duration_ms: 15.802892
  type: 'test'
  ...
# Subtest: dash-style mutations invalidate borrowed pen drawings without retaining replaced collections
ok 220 - dash-style mutations invalidate borrowed pen drawings without retaining replaced collections
  ---
  duration_ms: 0.854036
  type: 'test'
  ...
# Subtest: drawing group and image restore all previous scopes even when a later pop fails
ok 221 - drawing group and image restore all previous scopes even when a later pop fails
  ---
  duration_ms: 0.71801
  type: 'test'
  ...
# Subtest: StreamGeometry.Open publishes fallback bounds before notification and rejects recording after disposal
ok 222 - StreamGeometry.Open publishes fallback bounds before notification and rejects recording after disposal
  ---
  duration_ms: 0.417248
  type: 'test'
  ...
# Subtest: retained text keeps warm layout identity but reshapes after borrowed foreground changes
ok 223 - retained text keeps warm layout identity but reshapes after borrowed foreground changes
  ---
  duration_ms: 1.031427
  type: 'test'
  ...
# Subtest: native blur matches independent Skia filter at 1x
ok 224 - native blur matches independent Skia filter at 1x
  ---
  duration_ms: 16.218065
  type: 'test'
  ...
# Subtest: native directional shadow matches independent Skia filter at 1x
ok 225 - native directional shadow matches independent Skia filter at 1x
  ---
  duration_ms: 7.998556
  type: 'test'
  ...
# Subtest: native blur matches independent Skia filter at 1.25x
ok 226 - native blur matches independent Skia filter at 1.25x
  ---
  duration_ms: 5.581202
  type: 'test'
  ...
# Subtest: native directional shadow matches independent Skia filter at 1.25x
ok 227 - native directional shadow matches independent Skia filter at 1.25x
  ---
  duration_ms: 8.500534
  type: 'test'
  ...
# Subtest: native blur matches independent Skia filter at 1.5x
ok 228 - native blur matches independent Skia filter at 1.5x
  ---
  duration_ms: 7.618942
  type: 'test'
  ...
# Subtest: native directional shadow matches independent Skia filter at 1.5x
ok 229 - native directional shadow matches independent Skia filter at 1.5x
  ---
  duration_ms: 12.267262
  type: 'test'
  ...
# Subtest: native blur matches independent Skia filter at 2x
ok 230 - native blur matches independent Skia filter at 2x
  ---
  duration_ms: 11.658542
  type: 'test'
  ...
# Subtest: native directional shadow matches independent Skia filter at 2x
ok 231 - native directional shadow matches independent Skia filter at 2x
  ---
  duration_ms: 18.069603
  type: 'test'
  ...
# Subtest: native blur matches independent Skia filter at 3x
ok 232 - native blur matches independent Skia filter at 3x
  ---
  duration_ms: 27.994932
  type: 'test'
  ...
# Subtest: native directional shadow matches independent Skia filter at 3x
ok 233 - native directional shadow matches independent Skia filter at 3x
  ---
  duration_ms: 39.410594
  type: 'test'
  ...
# Subtest: native blur conversion uses the upstream float32 radius/sigma rule and nonpositive no-op
ok 234 - native blur conversion uses the upstream float32 radius/sigma rule and nonpositive no-op
  ---
  duration_ms: 0.146332
  type: 'test'
  ...
# Subtest: 1000 warm native effect pushes reuse one filter without accumulating active leases
ok 235 - 1000 warm native effect pushes reuse one filter without accumulating active leases
  ---
  duration_ms: 750.105191
  type: 'test'
  ...
# Subtest: LRU eviction and cache disposal retain active filters until their final layer lease closes
ok 236 - LRU eviction and cache disposal retain active filters until their final layer lease closes
  ---
  duration_ms: 0.671744
  type: 'test'
  ...
# Subtest: disabled native effect cache keeps no entries and zero-radius effects allocate no filter
ok 237 - disabled native effect cache keeps no entries and zero-radius effects allocate no filter
  ---
  duration_ms: 0.272685
  type: 'test'
  ...
# Subtest: native effect filter remains valid through a cache clear inside a live drawing scope
ok 238 - native effect filter remains valid through a cache clear inside a live drawing scope
  ---
  duration_ms: 4.136293
  type: 'test'
  ...
# Subtest: partial native SaveLayer failure restores both canvas state and filter ownership
ok 239 - partial native SaveLayer failure restores both canvas state and filter ownership
  ---
  duration_ms: 2.100458
  type: 'test'
  ...
# Subtest: control effect allocation failure unwinds its earlier transform and opacity scopes
ok 240 - control effect allocation failure unwinds its earlier transform and opacity scopes
  ---
  duration_ms: 3.470561
  type: 'test'
  ...
# Subtest: mutable effects publish value snapshots and restored worker scenes reproduce native pixels
ok 241 - mutable effects publish value snapshots and restored worker scenes reproduce native pixels
  ---
  duration_ms: 19.38655
  type: 'test'
  ...
# Subtest: malformed effect scalar cannot replace committed worker pixels
ok 242 - malformed effect scalar cannot replace committed worker pixels
  ---
  duration_ms: 6.517789
  type: 'test'
  ...
# Subtest: malformed effect color cannot replace committed worker pixels
ok 243 - malformed effect color cannot replace committed worker pixels
  ---
  duration_ms: 6.652851
  type: 'test'
  ...
# Subtest: malformed effect field cannot replace committed worker pixels
ok 244 - malformed effect field cannot replace committed worker pixels
  ---
  duration_ms: 6.955317
  type: 'test'
  ...
# Subtest: worker render failure unwinds existing visual scopes without modifying committed descriptors
ok 245 - worker render failure unwinds existing visual scopes without modifying committed descriptors
  ---
  duration_ms: 3.237988
  type: 'test'
  ...
# Subtest: composition effect assignment copies mutable values and preserves immutable type identity
ok 246 - composition effect assignment copies mutable values and preserves immutable type identity
  ---
  duration_ms: 1.392634
  type: 'test'
  ...
# Subtest: effect family inherits Animatable and preserves pinned default values
ok 247 - effect family inherits Animatable and preserves pinned default values
  ---
  duration_ms: 1.735869
  type: 'test'
  ...
# Subtest: immutable effect snapshots copy colors, preserve direction and cache unchanged values
ok 248 - immutable effect snapshots copy colors, preserve direction and cache unchanged values
  ---
  duration_ms: 3.531434
  type: 'test'
  ...
# Subtest: SetValue and bound effect colors cannot alias caller-owned structs
ok 249 - SetValue and bound effect colors cannot alias caller-owned structs
  ---
  duration_ms: 0.312946
  type: 'test'
  ...
# Subtest: mutable effect invalidation raises once, unchanged assignments are quiet and disposal releases handlers
ok 250 - mutable effect invalidation raises once, unchanged assignments are quiet and disposal releases handlers
  ---
  duration_ms: 0.964264
  type: 'test'
  ...
# Subtest: effect equality supports mutable and immutable offset/directional values
ok 251 - effect equality supports mutable and immutable offset/directional values
  ---
  duration_ms: 0.39661
  type: 'test'
  ...
# Subtest: effect grammar parses "blur(4.5)"
ok 252 - effect grammar parses "blur(4.5)"
  ---
  duration_ms: 0.303807
  type: 'test'
  ...
# Subtest: effect grammar parses " blur ( -2e0 ) "
ok 253 - effect grammar parses " blur ( -2e0 ) "
  ---
  duration_ms: 0.221284
  type: 'test'
  ...
# Subtest: effect grammar parses "drop-shadow(2 -3)"
ok 254 - effect grammar parses "drop-shadow(2 -3)"
  ---
  duration_ms: 0.306039
  type: 'test'
  ...
# Subtest: effect grammar parses "drop-shadow(2 -3 4)"
ok 255 - effect grammar parses "drop-shadow(2 -3 4)"
  ---
  duration_ms: 0.287277
  type: 'test'
  ...
# Subtest: effect grammar parses "drop-shadow(2 -3 4 \#80112233)"
ok 256 - effect grammar parses "drop-shadow(2 -3 4 \#80112233)"
  ---
  duration_ms: 0.427225
  type: 'test'
  ...
# Subtest: effect grammar parses "drop-shadow(.5 2e1 0 rgba(20, 40, 80, 0.5))"
ok 257 - effect grammar parses "drop-shadow(.5 2e1 0 rgba(20, 40, 80, 0.5))"
  ---
  duration_ms: 0.465344
  type: 'test'
  ...
# Subtest: malformed effect is rejected: none
ok 258 - malformed effect is rejected: none
  ---
  duration_ms: 0.112686
  type: 'test'
  ...
# Subtest: malformed effect is rejected: blur(2px)
ok 259 - malformed effect is rejected: blur(2px)
  ---
  duration_ms: 0.080856
  type: 'test'
  ...
# Subtest: malformed effect is rejected: blur(3) trailing
ok 260 - malformed effect is rejected: blur(3) trailing
  ---
  duration_ms: 0.052021
  type: 'test'
  ...
# Subtest: malformed effect is rejected: blur(Infinity)
ok 261 - malformed effect is rejected: blur(Infinity)
  ---
  duration_ms: 0.048551
  type: 'test'
  ...
# Subtest: malformed effect is rejected: blur(1e300)
ok 262 - malformed effect is rejected: blur(1e300)
  ---
  duration_ms: 0.057913
  type: 'test'
  ...
# Subtest: malformed effect is rejected: blur(1 2)
ok 263 - malformed effect is rejected: blur(1 2)
  ---
  duration_ms: 0.047356
  type: 'test'
  ...
# Subtest: malformed effect is rejected: drop-shadow(2)
ok 264 - malformed effect is rejected: drop-shadow(2)
  ---
  duration_ms: 0.101345
  type: 'test'
  ...
# Subtest: malformed effect is rejected: drop-shadow(2 3 blue)
ok 265 - malformed effect is rejected: drop-shadow(2 3 blue)
  ---
  duration_ms: 0.075846
  type: 'test'
  ...
# Subtest: malformed effect is rejected: drop-shadow(2 3 -1)
ok 266 - malformed effect is rejected: drop-shadow(2 3 -1)
  ---
  duration_ms: 0.047856
  type: 'test'
  ...
# Subtest: malformed effect is rejected: drop-shadow(2 3 1 rgb(NaN,0,0))
ok 267 - malformed effect is rejected: drop-shadow(2 3 1 rgb(NaN,0,0))
  ---
  duration_ms: 0.099871
  type: 'test'
  ...
# Subtest: malformed effect is rejected: drop-shadow(2 3 1 rgb(1,2,3,4,5))
ok 268 - malformed effect is rejected: drop-shadow(2 3 1 rgb(1,2,3,4,5))
  ---
  duration_ms: 0.062794
  type: 'test'
  ...
# Subtest: malformed effect is rejected: blur(1) blur(2)
ok 269 - malformed effect is rejected: blur(1) blur(2)
  ---
  duration_ms: 0.049565
  type: 'test'
  ...
# Subtest: invalid effect scalar writes leave the prior value and snapshot unchanged
ok 270 - invalid effect scalar writes leave the prior value and snapshot unchanged
  ---
  duration_ms: 0.433879
  type: 'test'
  ...
# Subtest: effect output padding follows separate blur and signed shadow extents
ok 271 - effect output padding follows separate blur and signed shadow extents
  ---
  duration_ms: 0.405322
  type: 'test'
  ...
# Subtest: effect transition blends null blur, directional depth and gamma-correct shadow color
ok 272 - effect transition blends null blur, directional depth and gamma-correct shadow color
  ---
  duration_ms: 1.172341
  type: 'test'
  ...
# Subtest: incompatible effects and null keyframes use a midpoint switch, not an end jump
ok 273 - incompatible effects and null keyframes use a midpoint switch, not an end jump
  ---
  duration_ms: 0.296063
  type: 'test'
  ...
# Subtest: runtime XAML effect strings, polar resources and transition collections
ok 274 - runtime XAML effect strings, polar resources and transition collections
  ---
  duration_ms: 8.001726
  type: 'test'
  ...
# Subtest: AOT XAML effect strings, polar resources and transition collections
ok 275 - AOT XAML effect strings, polar resources and transition collections
  ---
  duration_ms: 24.932376
  type: 'test'
  ...
# Subtest: effect interface tokens are nonconstructible contracts
ok 276 - effect interface tokens are nonconstructible contracts
  ---
  duration_ms: 0.274619
  type: 'test'
  ...
# Subtest: effect colors reject nonfinite or malformed RGB components before generic color clamping
ok 277 - effect colors reject nonfinite or malformed RGB components before generic color clamping
  ---
  duration_ms: 0.234014
  type: 'test'
  ...
# Subtest: runtime XAML RectangleGeometry has typed Rect bounds and renders inside Image
ok 278 - runtime XAML RectangleGeometry has typed Rect bounds and renders inside Image
  ---
  duration_ms: 22.794663
  type: 'test'
  ...
# Subtest: runtime XAML EllipseGeometry has typed Rect bounds and renders inside Image
ok 279 - runtime XAML EllipseGeometry has typed Rect bounds and renders inside Image
  ---
  duration_ms: 2.886293
  type: 'test'
  ...
# Subtest: runtime XAML LineGeometry parses Point literals
ok 280 - runtime XAML LineGeometry parses Point literals
  ---
  duration_ms: 0.756576
  type: 'test'
  ...
# Subtest: runtime XAML rejects malformed geometry value literals
ok 281 - runtime XAML rejects malformed geometry value literals
  ---
  duration_ms: 0.965172
  type: 'test'
  ...
# Subtest: AOT XAML RectangleGeometry has typed Rect bounds and renders inside Image
ok 282 - AOT XAML RectangleGeometry has typed Rect bounds and renders inside Image
  ---
  duration_ms: 9.188253
  type: 'test'
  ...
# Subtest: AOT XAML EllipseGeometry has typed Rect bounds and renders inside Image
ok 283 - AOT XAML EllipseGeometry has typed Rect bounds and renders inside Image
  ---
  duration_ms: 5.293358
  type: 'test'
  ...
# Subtest: AOT XAML LineGeometry parses Point literals
ok 284 - AOT XAML LineGeometry parses Point literals
  ---
  duration_ms: 1.684079
  type: 'test'
  ...
# Subtest: AOT XAML rejects malformed geometry value literals
ok 285 - AOT XAML rejects malformed geometry value literals
  ---
  duration_ms: 3.059982
  type: 'test'
  ...
# Subtest: geometry literal conversion rejects before replacing an existing typed property value
ok 286 - geometry literal conversion rejects before replacing an existing typed property value
  ---
  duration_ms: 0.471498
  type: 'test'
  ...
# Subtest: gesture collections enforce single ownership, duplicate rejection and immediate batched ownership
ok 287 - gesture collections enforce single ownership, duplicate rejection and immediate batched ownership
  ---
  duration_ms: 8.190302
  type: 'test'
  ...
# Subtest: gesture collection replacement and owner disposal detach contacts without sharing lifetimes
ok 288 - gesture collection replacement and owner disposal detach contacts without sharing lifetimes
  ---
  duration_ms: 0.555709
  type: 'test'
  ...
# Subtest: scroll threshold subtracts its dead zone and captures separately from element capture
ok 289 - scroll threshold subtracts its dead zone and captures separately from element capture
  ---
  duration_ms: 1.710147
  type: 'test'
  ...
# Subtest: Mouse contacts are never converted into touch scrolling
ok 290 - Mouse contacts are never converted into touch scrolling
  ---
  duration_ms: 0.561498
  type: 'test'
  ...
# Subtest: Pen contacts use the same threshold and release contracts as touch
ok 291 - Pen contacts use the same threshold and release contracts as touch
  ---
  duration_ms: 0.568799
  type: 'test'
  ...
# Subtest: unhandled scroll does not steal element capture
ok 292 - unhandled scroll does not steal element capture
  ---
  duration_ms: 1.107783
  type: 'test'
  ...
# Subtest: ScrollViewer cancels a pressed button before dragging can invoke Click
ok 293 - ScrollViewer cancels a pressed button before dragging can invoke Click
  ---
  duration_ms: 13.615525
  type: 'test'
  ...
# Subtest: a normal touch tap still invokes Button.Click once
ok 294 - a normal touch tap still invokes Button.Click once
  ---
  duration_ms: 2.10682
  type: 'test'
  ...
# Subtest: nested boundary-aware scroll recognizers yield to an ancestor that can consume movement
ok 295 - nested boundary-aware scroll recognizers yield to an ancestor that can consume movement
  ---
  duration_ms: 1.294405
  type: 'test'
  ...
# Subtest: pinch reports finite scale, midpoint, angle and exactly one end event
ok 296 - pinch reports finite scale, midpoint, angle and exactly one end event
  ---
  duration_ms: 1.048181
  type: 'test'
  ...
# Subtest: coincident pinch contacts and an extra third contact do not produce NaN or extra captures
ok 297 - coincident pinch contacts and an extra third contact do not produce NaN or extra captures
  ---
  duration_ms: 0.45172
  type: 'test'
  ...
# Subtest: cancel and collection removal release both pinch capture and pending contacts
ok 298 - cancel and collection removal release both pinch capture and pending contacts
  ---
  duration_ms: 0.348044
  type: 'test'
  ...
# Subtest: a second contact upgrades a running scroll to a pinch without leaving scroll state active
ok 299 - a second contact upgrades a running scroll to a pinch without leaving scroll state active
  ---
  duration_ms: 0.510586
  type: 'test'
  ...
# Subtest: PreventGestureRecognition in a tunnel handler suppresses recognizers without suppressing ordinary input
ok 300 - PreventGestureRecognition in a tunnel handler suppresses recognizers without suppressing ordinary input
  ---
  duration_ms: 1.431282
  type: 'test'
  ...
# Subtest: velocity estimator is bounded, rejects reversed time, tolerates duplicate timestamps and stale release
ok 301 - velocity estimator is bounded, rejects reversed time, tolerates duplicate timestamps and stale release
  ---
  duration_ms: 4.4029
  type: 'test'
  ...
# Subtest: inertial displacement is frame-rate independent using analytic integration
ok 302 - inertial displacement is frame-rate independent using analytic integration
  ---
  duration_ms: 1.977099
  type: 'test'
  ...
# Subtest: new press, disabled target, explicit cancellation and disposal stop inertia callbacks
ok 303 - new press, disabled target, explicit cancellation and disposal stop inertia callbacks
  ---
  duration_ms: 0.835453
  type: 'test'
  ...
# Subtest: capture-lost reentrancy preserves the latest capturer
ok 304 - capture-lost reentrancy preserves the latest capturer
  ---
  duration_ms: 0.343865
  type: 'test'
  ...
# Subtest: XAML builds recognizer collections and validates scalar options
ok 305 - XAML builds recognizer collections and validates scalar options
  ---
  duration_ms: 5.670641
  type: 'test'
  ...
# Subtest: cancellation cannot be defeated by a capture-lost handler recapturing
ok 306 - cancellation cannot be defeated by a capture-lost handler recapturing
  ---
  duration_ms: 0.217575
  type: 'test'
  ...
# Subtest: detaching a visual subtree cancels active scroll and releases every contact
ok 307 - detaching a visual subtree cancels active scroll and releases every contact
  ---
  duration_ms: 0.936046
  type: 'test'
  ...
# Subtest: a disposed recognizer stops scheduled inertia, unsubscribes and can never be re-added
ok 308 - a disposed recognizer stops scheduled inertia, unsubscribes and can never be re-added
  ---
  duration_ms: 0.516535
  type: 'test'
  ...
# Subtest: scroll gesture end requests cancel before a subsequent movement is emitted
ok 309 - scroll gesture end requests cancel before a subsequent movement is emitted
  ---
  duration_ms: 0.302079
  type: 'test'
  ...
# Subtest: binary worker transport publishes explicit glyph indices and independent fill/stroke roles
ok 310 - binary worker transport publishes explicit glyph indices and independent fill/stroke roles
  ---
  duration_ms: 62.576225
  type: 'test'
  ...
# Subtest: glyph/path mutations generate immutable resource deltas and preserve font/native reuse
ok 311 - glyph/path mutations generate immutable resource deltas and preserve font/native reuse
  ---
  duration_ms: 38.615004
  type: 'test'
  ...
# Subtest: warm scene capture shares native glyph blob, font descriptor and structured geometry across repaints
ok 312 - warm scene capture shares native glyph blob, font descriptor and structured geometry across repaints
  ---
  duration_ms: 243.494034
  type: 'test'
  ...
# Subtest: a second run with the same cloned face reuses exactly one immutable font resource
ok 313 - a second run with the same cloned face reuses exactly one immutable font resource
  ---
  duration_ms: 12.153033
  type: 'test'
  ...
# Subtest: malformed unknown-glyph rejects before replacing committed render state
ok 314 - malformed unknown-glyph rejects before replacing committed render state
  ---
  duration_ms: 27.945088
  type: 'test'
  ...
# Subtest: malformed invalid-baseline rejects before replacing committed render state
ok 315 - malformed invalid-baseline rejects before replacing committed render state
  ---
  duration_ms: 26.106662
  type: 'test'
  ...
# Subtest: malformed wrong-font-kind rejects before replacing committed render state
ok 316 - malformed wrong-font-kind rejects before replacing committed render state
  ---
  duration_ms: 27.229125
  type: 'test'
  ...
# Subtest: malformed malformed-path rejects before replacing committed render state
ok 317 - malformed malformed-path rejects before replacing committed render state
  ---
  duration_ms: 29.735254
  type: 'test'
  ...
# Subtest: a forged cyclic geometry description fails bounded validation without poisoning native caches
ok 318 - a forged cyclic geometry description fails bounded validation without poisoning native caches
  ---
  duration_ms: 23.490353
  type: 'test'
  ...
# Subtest: removed glyph sources release their server font and run references
ok 319 - removed glyph sources release their server font and run references
  ---
  duration_ms: 22.516179
  type: 'test'
  ...
# Subtest: full worker scene replay reconstructs paths and native glyphs without any UI native handles
ok 320 - full worker scene replay reconstructs paths and native glyphs without any UI native handles
  ---
  duration_ms: 35.435057
  type: 'test'
  ...
# Subtest: positioned glyph transport renders in an actually independent WASM heap
ok 321 - positioned glyph transport renders in an actually independent WASM heap
  ---
  duration_ms: 104.575382
  type: 'test'
  ...
# Subtest: glyph typeface exposes native font metrics and independently owned data/table copies
ok 322 - glyph typeface exposes native font metrics and independently owned data/table copies
  ---
  duration_ms: 17.426268
  type: 'test'
  ...
# Subtest: glyph typeface design advances and metrics agree with native unhinted font
ok 323 - glyph typeface design advances and metrics agree with native unhinted font
  ---
  duration_ms: 21.320723
  type: 'test'
  ...
# Subtest: glyph typeface and immutable run survive disposal of caller-owned original handles
ok 324 - glyph typeface and immutable run survive disposal of caller-owned original handles
  ---
  duration_ms: 24.698384
  type: 'test'
  ...
# Subtest: glyph input records and offsets are immutable snapshots, not caller-owned buffers
ok 325 - glyph input records and offsets are immutable snapshots, not caller-owned buffers
  ---
  duration_ms: 10.427103
  type: 'test'
  ...
# Subtest: glyph run size mutation invalidates immutable descriptors/native state once
ok 326 - glyph run size mutation invalidates immutable descriptors/native state once
  ---
  duration_ms: 11.784571
  type: 'test'
  ...
# Subtest: glyph run baseline mutation invalidates immutable descriptors/native state once
ok 327 - glyph run baseline mutation invalidates immutable descriptors/native state once
  ---
  duration_ms: 9.895872
  type: 'test'
  ...
# Subtest: glyph run characters mutation invalidates immutable descriptors/native state once
ok 328 - glyph run characters mutation invalidates immutable descriptors/native state once
  ---
  duration_ms: 10.353321
  type: 'test'
  ...
# Subtest: glyph run glyphs mutation invalidates immutable descriptors/native state once
ok 329 - glyph run glyphs mutation invalidates immutable descriptors/native state once
  ---
  duration_ms: 10.697295
  type: 'test'
  ...
# Subtest: glyph run bidi mutation invalidates immutable descriptors/native state once
ok 330 - glyph run bidi mutation invalidates immutable descriptors/native state once
  ---
  duration_ms: 10.851151
  type: 'test'
  ...
# Subtest: unchanged native glyph redraws and equivalent baseline assignments retain the same blob
ok 331 - unchanged native glyph redraws and equivalent baseline assignments retain the same blob
  ---
  duration_ms: 11.80667
  type: 'test'
  ...
# Subtest: invalid glyph fields and malformed replacement leave original run intact
ok 332 - invalid glyph fields and malformed replacement leave original run intact
  ---
  duration_ms: 10.591451
  type: 'test'
  ...
# Subtest: glyph-less text has finite baseline metrics and native empty ink
ok 333 - glyph-less text has finite baseline metrics and native empty ink
  ---
  duration_ms: 10.799388
  type: 'test'
  ...
# Subtest: glyph run excludes trailing whitespace without dropping Unicode UTF-16 cluster lengths
ok 334 - glyph run excludes trailing whitespace without dropping Unicode UTF-16 cluster lengths
  ---
  duration_ms: 10.69683
  type: 'test'
  ...
# Subtest: glyph caret cluster navigation in LTR visual order
ok 335 - glyph caret cluster navigation in LTR visual order
  ---
  duration_ms: 14.265351
  type: 'test'
  ...
# Subtest: glyph caret cluster navigation in RTL visual order
ok 336 - glyph caret cluster navigation in RTL visual order
  ---
  duration_ms: 9.722
  type: 'test'
  ...
# Subtest: glyph navigation handles nonzero source clusters and negative-advance fallback
ok 337 - glyph navigation handles nonzero source clusters and negative-advance fallback
  ---
  duration_ms: 11.465799
  type: 'test'
  ...
# Subtest: native positioned glyph IDs and offsets preserve all RGBA at 1x
ok 338 - native positioned glyph IDs and offsets preserve all RGBA at 1x
  ---
  duration_ms: 39.185436
  type: 'test'
  ...
# Subtest: native positioned glyph IDs and offsets preserve all RGBA at 1.25x
ok 339 - native positioned glyph IDs and offsets preserve all RGBA at 1.25x
  ---
  duration_ms: 35.844043
  type: 'test'
  ...
# Subtest: native positioned glyph IDs and offsets preserve all RGBA at 1.5x
ok 340 - native positioned glyph IDs and offsets preserve all RGBA at 1.5x
  ---
  duration_ms: 26.958512
  type: 'test'
  ...
# Subtest: native positioned glyph IDs and offsets preserve all RGBA at 2x
ok 341 - native positioned glyph IDs and offsets preserve all RGBA at 2x
  ---
  duration_ms: 20.717786
  type: 'test'
  ...
# Subtest: native positioned glyph IDs and offsets preserve all RGBA at 3x
ok 342 - native positioned glyph IDs and offsets preserve all RGBA at 3x
  ---
  duration_ms: 26.694245
  type: 'test'
  ...
# Subtest: glyph run BuildGeometry includes explicit offsets and baseline; overlapping outlines remain filled
ok 343 - glyph run BuildGeometry includes explicit offsets and baseline; overlapping outlines remain filled
  ---
  duration_ms: 14.575338
  type: 'test'
  ...
# Subtest: GlyphRunDrawing tracks mutable runs while DrawingGroup.Open owns an immutable snapshot
ok 344 - GlyphRunDrawing tracks mutable runs while DrawingGroup.Open owns an immutable snapshot
  ---
  duration_ms: 19.081082
  type: 'test'
  ...
# Subtest: runtime XAML GlyphRunDrawing uses actual extension resource and native rendering
ok 345 - runtime XAML GlyphRunDrawing uses actual extension resource and native rendering
  ---
  duration_ms: 17.230227
  type: 'test'
  ...
# Subtest: AOT XAML GlyphRunDrawing uses actual extension resource and native rendering
ok 346 - AOT XAML GlyphRunDrawing uses actual extension resource and native rendering
  ---
  duration_ms: 28.545244
  type: 'test'
  ...
# Subtest: glyph backend registration unwinds out of order and never loads a fallback font silently
ok 347 - glyph backend registration unwinds out of order and never loads a fallback font silently
  ---
  duration_ms: 8.27788
  type: 'test'
  ...
# Subtest: native glyph validation rejects unknown IDs and invalid or oversized font bytes
ok 348 - native glyph validation rejects unknown IDs and invalid or oversized font bytes
  ---
  duration_ms: 7.454786
  type: 'test'
  ...
# Subtest: implicit collection has dictionary and UWP contracts, immutable snapshot and duplicate rejection
ok 349 - implicit collection has dictionary and UWP contracts, immutable snapshot and duplicate rejection
  ---
  duration_ms: 3.662167
  type: 'test'
  ...
# Subtest: implicit ownership accepts shared collections but rejects cross-compositor and disposed resources
ok 350 - implicit ownership accepts shared collections but rejects cross-compositor and disposed resources
  ---
  duration_ms: 0.483333
  type: 'test'
  ...
# Subtest: implicit FinalValue changes base immediately while holding presentation until commit/tick
ok 351 - implicit FinalValue changes base immediately while holding presentation until commit/tick
  ---
  duration_ms: 1.73995
  type: 'test'
  ...
# Subtest: equal values and defensive struct snapshots do not retrigger or change the desired state
ok 352 - equal values and defensive struct snapshots do not retrigger or change the desired state
  ---
  duration_ms: 0.511757
  type: 'test'
  ...
# Subtest: implicit retarget samples the interrupted presentation at setter time without waiting for a frame
ok 353 - implicit retarget samples the interrupted presentation at setter time without waiting for a frame
  ---
  duration_ms: 0.419516
  type: 'test'
  ...
# Subtest: same-clock triggers have distinct identities and captured FinalValue snapshots
ok 354 - same-clock triggers have distinct identities and captured FinalValue snapshots
  ---
  duration_ms: 0.424366
  type: 'test'
  ...
# Subtest: implicit grouped triggers share a clock and pass FinalValue only to the exactly matching target
ok 355 - implicit grouped triggers share a clock and pass FinalValue only to the exactly matching target
  ---
  duration_ms: 0.602327
  type: 'test'
  ...
# Subtest: invalid grouped triggers leave both desired value and running instances untouched
ok 356 - invalid grouped triggers leave both desired value and running instances untouched
  ---
  duration_ms: 0.591427
  type: 'test'
  ...
# Subtest: failed clone releases earlier prepared instances without disposing caller animations
ok 357 - failed clone releases earlier prepared instances without disposing caller animations
  ---
  duration_ms: 0.464466
  type: 'test'
  ...
# Subtest: replacing/removing an implicit collection changes future triggers, not borrowed running snapshots
ok 358 - replacing/removing an implicit collection changes future triggers, not borrowed running snapshots
  ---
  duration_ms: 0.502287
  type: 'test'
  ...
# Subtest: StopAnimation releases its clone and reveals the new implicit base value
ok 359 - StopAnimation releases its clone and reveals the new implicit base value
  ---
  duration_ms: 0.232129
  type: 'test'
  ...
# Subtest: expression StartingValue, CurrentValue and FinalValue are independent inputs
ok 360 - expression StartingValue, CurrentValue and FinalValue are independent inputs
  ---
  duration_ms: 0.299584
  type: 'test'
  ...
# Subtest: implicit SetInitialValueBeforeDelay preserves delay and FinalValue
ok 361 - implicit SetInitialValueBeforeDelay preserves delay and FinalValue
  ---
  duration_ms: 0.256898
  type: 'test'
  ...
# Subtest: implicit SetInitialValueAfterDelay preserves delay and FinalValue
ok 362 - implicit SetInitialValueAfterDelay preserves delay and FinalValue
  ---
  duration_ms: 0.130672
  type: 'test'
  ...
# Subtest: implicit rejects invalid Duration=Infinity atomically
ok 363 - implicit rejects invalid Duration=Infinity atomically
  ---
  duration_ms: 0.162202
  type: 'test'
  ...
# Subtest: implicit rejects invalid DelayTime=NaN atomically
ok 364 - implicit rejects invalid DelayTime=NaN atomically
  ---
  duration_ms: 0.122353
  type: 'test'
  ...
# Subtest: implicit rejects invalid DelayTime=Infinity atomically
ok 365 - implicit rejects invalid DelayTime=Infinity atomically
  ---
  duration_ms: 0.087858
  type: 'test'
  ...
# Subtest: implicit rejects invalid IterationCount=1.5 atomically
ok 366 - implicit rejects invalid IterationCount=1.5 atomically
  ---
  duration_ms: 0.089781
  type: 'test'
  ...
# Subtest: implicit rejects invalid IterationBehavior=invalid atomically
ok 367 - implicit rejects invalid IterationBehavior=invalid atomically
  ---
  duration_ms: 0.11752
  type: 'test'
  ...
# Subtest: implicit rejects invalid Direction=invalid atomically
ok 368 - implicit rejects invalid Direction=invalid atomically
  ---
  duration_ms: 0.07514
  type: 'test'
  ...
# Subtest: implicit rejects invalid DelayBehavior=invalid atomically
ok 369 - implicit rejects invalid DelayBehavior=invalid atomically
  ---
  duration_ms: 0.070233
  type: 'test'
  ...
# Subtest: implicit rejects invalid StopBehavior=invalid atomically
ok 370 - implicit rejects invalid StopBehavior=invalid atomically
  ---
  duration_ms: 0.070916
  type: 'test'
  ...
# Subtest: implicit keyframe type must match its actual property/component
ok 371 - implicit keyframe type must match its actual property/component
  ---
  duration_ms: 0.167143
  type: 'test'
  ...
# Subtest: whole-vector replacement removes conflicting component animations but not sibling properties
ok 372 - whole-vector replacement removes conflicting component animations but not sibling properties
  ---
  duration_ms: 0.256195
  type: 'test'
  ...
# Subtest: implicit runtime XAML layout Offset is absolute, compensated in rendering and hit testing
ok 373 - implicit runtime XAML layout Offset is absolute, compensated in rendering and hit testing
  ---
  duration_ms: 10.003793
  type: 'test'
  ...
# Subtest: implicit AOT XAML layout Offset is absolute, compensated in rendering and hit testing
ok 374 - implicit AOT XAML layout Offset is absolute, compensated in rendering and hit testing
  ---
  duration_ms: 16.318977
  type: 'test'
  ...
# Subtest: stopping one locally completed component preserves a different completed component
ok 375 - stopping one locally completed component preserves a different completed component
  ---
  duration_ms: 0.309653
  type: 'test'
  ...
# Subtest: animation easing and keyframe values are copied for each implicit instance
ok 376 - animation easing and keyframe values are copied for each implicit instance
  ---
  duration_ms: 0.32476
  type: 'test'
  ...
# Subtest: SplineEasing has exact endpoints so an implicit final value does not retain bisection error
ok 377 - SplineEasing has exact endpoints so an implicit final value does not retain bisection error
  ---
  duration_ms: 0.067485
  type: 'test'
  ...
# Subtest: binary implicit trigger carries immutable FinalValue and excludes the client-only collection
ok 378 - binary implicit trigger carries immutable FinalValue and excludes the client-only collection
  ---
  duration_ms: 28.051517
  type: 'test'
  ...
# Subtest: unrelated commits preserve active server presentation and do not replay completed instances
ok 379 - unrelated commits preserve active server presentation and do not replay completed instances
  ---
  duration_ms: 5.504209
  type: 'test'
  ...
# Subtest: retarget derives starting value from render-worker presentation, not a stale client acknowledgement
ok 380 - retarget derives starting value from render-worker presentation, not a stale client acknowledgement
  ---
  duration_ms: 4.369822
  type: 'test'
  ...
# Subtest: same-clock replacements do not collide in binary server identity
ok 381 - same-clock replacements do not collide in binary server identity
  ---
  duration_ms: 2.723713
  type: 'test'
  ...
# Subtest: a new trigger after completion starts from the retained server endpoint without replay
ok 382 - a new trigger after completion starts from the retained server endpoint without replay
  ---
  duration_ms: 2.515831
  type: 'test'
  ...
# Subtest: clearing implicit definitions and assigning a value releases server metadata and final presentation
ok 383 - clearing implicit definitions and assigning a value releases server metadata and final presentation
  ---
  duration_ms: 2.802295
  type: 'test'
  ...
# Subtest: binary SetInitialValueBeforeDelay retains delay semantics
ok 384 - binary SetInitialValueBeforeDelay retains delay semantics
  ---
  duration_ms: 2.761625
  type: 'test'
  ...
# Subtest: binary SetInitialValueAfterDelay retains delay semantics
ok 385 - binary SetInitialValueAfterDelay retains delay semantics
  ---
  duration_ms: 4.064209
  type: 'test'
  ...
# Subtest: reused instance identity with a changed descriptor is rejected without changing live server state
ok 386 - reused instance identity with a changed descriptor is rejected without changing live server state
  ---
  duration_ms: 10.171302
  type: 'test'
  ...
# Subtest: invalid second animation rolls back new clones and preserves the entire server scene
ok 387 - invalid second animation rolls back new clones and preserves the entire server scene
  ---
  duration_ms: 4.884768
  type: 'test'
  ...
# Subtest: component completion, unrelated commits and component stop preserve another completed component
ok 388 - component completion, unrelated commits and component stop preserve another completed component
  ---
  duration_ms: 4.7355
  type: 'test'
  ...
# Subtest: thousands of repeated implicit triggers keep instance ownership bounded and release clocks
ok 389 - thousands of repeated implicit triggers keep instance ownership bounded and release clocks
  ---
  duration_ms: 349.407467
  type: 'test'
  ...
# Subtest: native binary runtime XAML layout animation avoids doubled translation and stale retained pixels
ok 390 - native binary runtime XAML layout animation avoids doubled translation and stale retained pixels
  ---
  duration_ms: 23.528383
  type: 'test'
  ...
# Subtest: native binary AOT XAML layout animation avoids doubled translation and stale retained pixels
ok 391 - native binary AOT XAML layout animation avoids doubled translation and stale retained pixels
  ---
  duration_ms: 21.413813
  type: 'test'
  ...
# Subtest: binary implicit property-set expression preserves Vector4 declared type and FinalValue
ok 392 - binary implicit property-set expression preserves Vector4 declared type and FinalValue
  ---
  duration_ms: 2.159232
  type: 'test'
  ...
# Subtest: binary implicit property-set expression preserves Quaternion declared type and FinalValue
ok 393 - binary implicit property-set expression preserves Quaternion declared type and FinalValue
  ---
  duration_ms: 1.433967
  type: 'test'
  ...
# Subtest: binary implicit property-set expression preserves Matrix4x4 declared type and FinalValue
ok 394 - binary implicit property-set expression preserves Matrix4x4 declared type and FinalValue
  ---
  duration_ms: 1.770146
  type: 'test'
  ...
# Subtest: acknowledged render-worker starting values survive a full renderer recovery snapshot
ok 395 - acknowledged render-worker starting values survive a full renderer recovery snapshot
  ---
  duration_ms: 5.01699
  type: 'test'
  ...
# Subtest: native invalidation: a visual cache never consumes invalidation raised while rendering its snapshot
ok 396 - native invalidation: a visual cache never consumes invalidation raised while rendering its snapshot
  ---
  duration_ms: 12.186485
  type: 'test'
  ...
# Subtest: native invalidation: cached worker visual retains the final composition animation frame
ok 397 - native invalidation: cached worker visual retains the final composition animation frame
  ---
  duration_ms: 18.293423
  type: 'test'
  ...
# Subtest: invalidation: all realized cells and headers follow pixel column resize without hover
ok 398 - invalidation: all realized cells and headers follow pixel column resize without hover
  ---
  duration_ms: 82.845379
  type: 'test'
  ...
# Subtest: invalidation: one control invalidating itself during recording is redrawn on the next capture
ok 399 - invalidation: one control invalidating itself during recording is redrawn on the next capture
  ---
  duration_ms: 3.259456
  type: 'test'
  ...
# Subtest: invalidation: later sibling invalidating an already recorded sibling survives clean-parent reuse
ok 400 - invalidation: later sibling invalidating an already recorded sibling survives clean-parent reuse
  ---
  duration_ms: 2.749109
  type: 'test'
  ...
# Subtest: invalidation: RenderAfter requests do not mark newer content revisions as already recorded
ok 401 - invalidation: RenderAfter requests do not mark newer content revisions as already recorded
  ---
  duration_ms: 3.840918
  type: 'test'
  ...
# Subtest: invalidation: indeterminate progress records changing content without input and stops when disabled
ok 402 - invalidation: indeterminate progress records changing content without input and stops when disabled
  ---
  duration_ms: 35.473078
  type: 'test'
  ...
# Subtest: invalidation: transition from transparent content reaches the worker scene without mouse input
ok 403 - invalidation: transition from transparent content reaches the worker scene without mouse input
  ---
  duration_ms: 5.791631
  type: 'test'
  ...
# Subtest: invalidation: property keyframes generate worker deltas through their final frame
ok 404 - invalidation: property keyframes generate worker deltas through their final frame
  ---
  duration_ms: 2.067592
  type: 'test'
  ...
# Subtest: invalidation: progress resumes after a hidden ancestor is shown without hover
ok 405 - invalidation: progress resumes after a hidden ancestor is shown without hover
  ---
  duration_ms: 3.03704
  type: 'test'
  ...
# Subtest: invalidation: transparent ancestor stops frame requests and showing it resumes progress
ok 406 - invalidation: transparent ancestor stops frame requests and showing it resumes progress
  ---
  duration_ms: 2.782589
  type: 'test'
  ...
# Subtest: invalidation: detached/disposed animation requests do not keep the old root active
ok 407 - invalidation: detached/disposed animation requests do not keep the old root active
  ---
  duration_ms: 1.372741
  type: 'test'
  ...
# Subtest: invalidation: next-frame requests coalesce by owner and preserve unrelated retained drawing
ok 408 - invalidation: next-frame requests coalesce by owner and preserve unrelated retained drawing
  ---
  duration_ms: 6.666885
  type: 'test'
  ...
# Subtest: invalidation: column resize preserves existing binding subscriptions and recycled content presenters
ok 409 - invalidation: column resize preserves existing binding subscriptions and recycled content presenters
  ---
  duration_ms: 26.440731
  type: 'test'
  ...
# Subtest: invalidation: column constraints and star redistribution update cell arrangement in the same pass
ok 410 - invalidation: column constraints and star redistribution update cell arrangement in the same pass
  ---
  duration_ms: 24.505604
  type: 'test'
  ...
# Subtest: invalidation: column hiding and showing update both control layout and retained scene membership
ok 411 - invalidation: column hiding and showing update both control layout and retained scene membership
  ---
  duration_ms: 47.03644
  type: 'test'
  ...
# Subtest: invalidation: backpressure does not consume a render-time invalidation before the next transaction
ok 412 - invalidation: backpressure does not consume a render-time invalidation before the next transaction
  ---
  duration_ms: 1.376035
  type: 'test'
  ...
# Subtest: invalidation: replacing content during an active transition reaches the latest content and final opacity
ok 413 - invalidation: replacing content during an active transition reaches the latest content and final opacity
  ---
  duration_ms: 5.338846
  type: 'test'
  ...
# Subtest: invalidation: animation clock falls back when a worker RAF exists but has no owner window
ok 414 - invalidation: animation clock falls back when a worker RAF exists but has no owner window
  ---
  duration_ms: 47.319783
  type: 'test'
  ...
# Subtest: MultiBinding runtime drives retained and binary-server Skia geometry at 1x
ok 415 - MultiBinding runtime drives retained and binary-server Skia geometry at 1x
  ---
  duration_ms: 66.646508
  type: 'test'
  ...
# Subtest: MultiBinding runtime drives retained and binary-server Skia geometry at 1.25x
ok 416 - MultiBinding runtime drives retained and binary-server Skia geometry at 1.25x
  ---
  duration_ms: 30.971215
  type: 'test'
  ...
# Subtest: MultiBinding runtime drives retained and binary-server Skia geometry at 1.5x
ok 417 - MultiBinding runtime drives retained and binary-server Skia geometry at 1.5x
  ---
  duration_ms: 35.837974
  type: 'test'
  ...
# Subtest: MultiBinding runtime drives retained and binary-server Skia geometry at 2x
ok 418 - MultiBinding runtime drives retained and binary-server Skia geometry at 2x
  ---
  duration_ms: 28.132414
  type: 'test'
  ...
# Subtest: MultiBinding runtime drives retained and binary-server Skia geometry at 3x
ok 419 - MultiBinding runtime drives retained and binary-server Skia geometry at 3x
  ---
  duration_ms: 37.535055
  type: 'test'
  ...
# Subtest: MultiBinding AOT drives retained and binary-server Skia geometry at 1x
ok 420 - MultiBinding AOT drives retained and binary-server Skia geometry at 1x
  ---
  duration_ms: 18.615008
  type: 'test'
  ...
# Subtest: MultiBinding AOT drives retained and binary-server Skia geometry at 1.25x
ok 421 - MultiBinding AOT drives retained and binary-server Skia geometry at 1.25x
  ---
  duration_ms: 24.318008
  type: 'test'
  ...
# Subtest: MultiBinding AOT drives retained and binary-server Skia geometry at 1.5x
ok 422 - MultiBinding AOT drives retained and binary-server Skia geometry at 1.5x
  ---
  duration_ms: 15.009075
  type: 'test'
  ...
# Subtest: MultiBinding AOT drives retained and binary-server Skia geometry at 2x
ok 423 - MultiBinding AOT drives retained and binary-server Skia geometry at 2x
  ---
  duration_ms: 21.392281
  type: 'test'
  ...
# Subtest: MultiBinding AOT drives retained and binary-server Skia geometry at 3x
ok 424 - MultiBinding AOT drives retained and binary-server Skia geometry at 3x
  ---
  duration_ms: 43.458079
  type: 'test'
  ...
# Subtest: MultiBinding initializes once after every synchronous child and publishes a frozen value array
ok 425 - MultiBinding initializes once after every synchronous child and publishes a frozen value array
  ---
  duration_ms: 3.81614
  type: 'test'
  ...
# Subtest: MultiBinding treats an initial UnsetValue as initialized and passes it to the converter
ok 426 - MultiBinding treats an initial UnsetValue as initialized and passes it to the converter
  ---
  duration_ms: 1.511439
  type: 'test'
  ...
# Subtest: MultiBinding waits for a child that initially returns DoNothing instead of formatting a phantom default
ok 427 - MultiBinding waits for a child that initially returns DoNothing instead of formatting a phantom default
  ---
  duration_ms: 1.027414
  type: 'test'
  ...
# Subtest: nested MultiBinding resolves every DataContext path against the real outer target
ok 428 - nested MultiBinding resolves every DataContext path against the real outer target
  ---
  duration_ms: 1.041526
  type: 'test'
  ...
# Subtest: nested compiled self and templated-parent roots do not resolve to internal sink objects
ok 429 - nested compiled self and templated-parent roots do not resolve to internal sink objects
  ---
  duration_ms: 7.186112
  type: 'test'
  ...
# Subtest: nested element-name binding uses the declaration namescope
ok 430 - nested element-name binding uses the declaration namescope
  ---
  duration_ms: 1.396911
  type: 'test'
  ...
# Subtest: MultiBinding ConverterCulture, target type and parameter reach object and function converters
ok 431 - MultiBinding ConverterCulture, target type and parameter reach object and function converters
  ---
  duration_ms: 0.478569
  type: 'test'
  ...
# Subtest: MultiBinding applies actual target metadata conversion
ok 432 - MultiBinding applies actual target metadata conversion
  ---
  duration_ms: 0.251975
  type: 'test'
  ...
# Subtest: MultiBinding skips StringFormat for a known numeric target
ok 433 - MultiBinding skips StringFormat for a known numeric target
  ---
  duration_ms: 0.40083
  type: 'test'
  ...
# Subtest: MultiBinding StringFormat formats converter output, not original inputs
ok 434 - MultiBinding StringFormat formats converter output, not original inputs
  ---
  duration_ms: 3.88956
  type: 'test'
  ...
# Subtest: MultiBinding StringFormat supports indexed arguments, alignment, numeric culture and escaped braces
ok 435 - MultiBinding StringFormat supports indexed arguments, alignment, numeric culture and escaped braces
  ---
  duration_ms: 0.484203
  type: 'test'
  ...
# Subtest: MultiBinding DoNothing preserves both an existing value and StringFormat suppression
ok 436 - MultiBinding DoNothing preserves both an existing value and StringFormat suppression
  ---
  duration_ms: 0.346854
  type: 'test'
  ...
# Subtest: MultiBinding applies TargetNullValue and FallbackValue to distinct converter results
ok 437 - MultiBinding applies TargetNullValue and FallbackValue to distinct converter results
  ---
  duration_ms: 0.254639
  type: 'test'
  ...
# Subtest: MultiBinding BindingNotification errors publish their value and clear on recovery
ok 438 - MultiBinding BindingNotification errors publish their value and clear on recovery
  ---
  duration_ms: 0.28226
  type: 'test'
  ...
# Subtest: MultiBinding converter failure publishes fallback, remains subscribed and recovers
ok 439 - MultiBinding converter failure publishes fallback, remains subscribed and recovers
  ---
  duration_ms: 0.283732
  type: 'test'
  ...
# Subtest: MultiBinding invalid format publishes fallback and reports a recoverable error
ok 440 - MultiBinding invalid format publishes fallback and reports a recoverable error
  ---
  duration_ms: 0.225626
  type: 'test'
  ...
# Subtest: MultiBinding without converter returns immutable snapshots that never mutate a retained previous output
ok 441 - MultiBinding without converter returns immutable snapshots that never mutate a retained previous output
  ---
  duration_ms: 0.602387
  type: 'test'
  ...
# Subtest: MultiBinding active definitions do not change when a caller edits the shared binding graph
ok 442 - MultiBinding active definitions do not change when a caller edits the shared binding graph
  ---
  duration_ms: 0.345055
  type: 'test'
  ...
# Subtest: shared MultiBinding definitions have independent targets and disposal ownership
ok 443 - shared MultiBinding definitions have independent targets and disposal ownership
  ---
  duration_ms: 0.258127
  type: 'test'
  ...
# Subtest: MultiBinding OneTime detaches child observers after the first successful aggregate
ok 444 - MultiBinding OneTime detaches child observers after the first successful aggregate
  ---
  duration_ms: 0.218315
  type: 'test'
  ...
# Subtest: MultiBinding OneTime does not freeze converter fallback or DoNothing
ok 445 - MultiBinding OneTime does not freeze converter fallback or DoNothing
  ---
  duration_ms: 0.193164
  type: 'test'
  ...
# Subtest: MultiBinding child TwoWay definitions never write converted aggregate values back to sources
ok 446 - MultiBinding child TwoWay definitions never write converted aggregate values back to sources
  ---
  duration_ms: 0.285053
  type: 'test'
  ...
# Subtest: MultiBinding cycles and invalid child definitions leave the prior target binding intact
ok 447 - MultiBinding cycles and invalid child definitions leave the prior target binding intact
  ---
  duration_ms: 0.58863
  type: 'test'
  ...
# Subtest: MultiBinding rejects excessive graph depth and child count before subscribing
ok 448 - MultiBinding rejects excessive graph depth and child count before subscribing
  ---
  duration_ms: 3.56271
  type: 'test'
  ...
# Subtest: MultiBinding supports repeated child definitions without treating a shared DAG as a cycle
ok 449 - MultiBinding supports repeated child definitions without treating a shared DAG as a cycle
  ---
  duration_ms: 0.328117
  type: 'test'
  ...
# Subtest: MultiBinding can be replaced from inside its own converter without stale publication
ok 450 - MultiBinding can be replaced from inside its own converter without stale publication
  ---
  duration_ms: 0.851817
  type: 'test'
  ...
# Subtest: MultiBinding converter reentrant source changes converge without recursive converter calls
ok 451 - MultiBinding converter reentrant source changes converge without recursive converter calls
  ---
  duration_ms: 0.482064
  type: 'test'
  ...
# Subtest: MultiBinding nonconvergent reentrant converter is bounded and reports failure
ok 452 - MultiBinding nonconvergent reentrant converter is bounded and reports failure
  ---
  duration_ms: 1.040383
  type: 'test'
  ...
# Subtest: 1000 MultiBinding attach/dispose cycles leave no target lifetime entries or source subscriptions
ok 453 - 1000 MultiBinding attach/dispose cycles leave no target lifetime entries or source subscriptions
  ---
  duration_ms: 32.152625
  type: 'test'
  ...
# Subtest: MultiBinding priority removal reveals a lower-priority binding without disposing it
ok 454 - MultiBinding priority removal reveals a lower-priority binding without disposing it
  ---
  duration_ms: 0.379471
  type: 'test'
  ...
# Subtest: nested compiled observable streams retain null, reject stale streams and release subscriptions
ok 455 - nested compiled observable streams retain null, reject stale streams and release subscriptions
  ---
  duration_ms: 0.860728
  type: 'test'
  ...
# Subtest: MultiBinding deferred compiled Promise values ignore completion after disposal
ok 456 - MultiBinding deferred compiled Promise values ignore completion after disposal
  ---
  duration_ms: 21.698275
  type: 'test'
  ...
# Subtest: MultiBinding direct properties execute their real setter
ok 457 - MultiBinding direct properties execute their real setter
  ---
  duration_ms: 0.575054
  type: 'test'
  ...
# Subtest: composite formatting {0,5:D3} preserves its value contract
ok 458 - composite formatting {0,5:D3} preserves its value contract
  ---
  duration_ms: 0.134494
  type: 'test'
  ...
# Subtest: composite formatting {0:X4} preserves its value contract
ok 459 - composite formatting {0:X4} preserves its value contract
  ---
  duration_ms: 0.059248
  type: 'test'
  ...
# Subtest: composite formatting {0:D20} preserves its value contract
ok 460 - composite formatting {0:D20} preserves its value contract
  ---
  duration_ms: 0.060192
  type: 'test'
  ...
# Subtest: composite formatting {{{0}}} preserves its value contract
ok 461 - composite formatting {{{0}}} preserves its value contract
  ---
  duration_ms: 0.04687
  type: 'test'
  ...
# Subtest: composite formatting {0}/{1} preserves its value contract
ok 462 - composite formatting {0}/{1} preserves its value contract
  ---
  duration_ms: 0.041032
  type: 'test'
  ...
# Subtest: composite formatting {0:F2} preserves its value contract
ok 463 - composite formatting {0:F2} preserves its value contract
  ---
  duration_ms: 0.130206
  type: 'test'
  ...
# Subtest: composite formatting {0:P0} preserves its value contract
ok 464 - composite formatting {0:P0} preserves its value contract
  ---
  duration_ms: 0.119772
  type: 'test'
  ...
# Subtest: composite formatting malformed, unsupported or oversized requests fail explicitly
ok 465 - composite formatting malformed, unsupported or oversized requests fail explicitly
  ---
  duration_ms: 0.312734
  type: 'test'
  ...
# Subtest: public format converters preserve inner converter output and cannot convert back
ok 466 - public format converters preserve inner converter output and cannot convert back
  ---
  duration_ms: 0.454042
  type: 'test'
  ...
# Subtest: composite numeric formatter cache reuses warm culture/precision and evicts past its bound
ok 467 - composite numeric formatter cache reuses warm culture/precision and evicts past its bound
  ---
  duration_ms: 10.751645
  type: 'test'
  ...
# Subtest: child fallback values are initialized converter inputs rather than aggregate errors
ok 468 - child fallback values are initialized converter inputs rather than aggregate errors
  ---
  duration_ms: 1.023152
  type: 'test'
  ...
# Subtest: MultiBinding runtime: nesting shares the actual target and supports forward named-element references
ok 469 - MultiBinding runtime: nesting shares the actual target and supports forward named-element references
  ---
  duration_ms: 18.001015
  type: 'test'
  ...
# Subtest: MultiBinding runtime: object-element Binding honors inherited CompileBindings and lexical DataType
ok 470 - MultiBinding runtime: object-element Binding honors inherited CompileBindings and lexical DataType
  ---
  duration_ms: 4.091817
  type: 'test'
  ...
# Subtest: MultiBinding runtime: invalid nested compiled member fails before subscribing any child
ok 471 - MultiBinding runtime: invalid nested compiled member fails before subscribing any child
  ---
  duration_ms: 2.119404
  type: 'test'
  ...
# Subtest: MultiBinding runtime: explicit ReflectionBinding opts out of an inherited compiled schema
ok 472 - MultiBinding runtime: explicit ReflectionBinding opts out of an inherited compiled schema
  ---
  duration_ms: 1.440353
  type: 'test'
  ...
# Subtest: MultiBinding runtime: explicit Self/Source roots are not checked against the DataContext schema
ok 473 - MultiBinding runtime: explicit Self/Source roots are not checked against the DataContext schema
  ---
  duration_ms: 1.953033
  type: 'test'
  ...
# Subtest: MultiBinding runtime: custom reusable graph resolves nested x:Reference per construction without mutation
ok 474 - MultiBinding runtime: custom reusable graph resolves nested x:Reference per construction without mutation
  ---
  duration_ms: 3.514082
  type: 'test'
  ...
# Subtest: MultiBinding runtime: converter resource, parameter and culture retain declared values
ok 475 - MultiBinding runtime: converter resource, parameter and culture retain declared values
  ---
  duration_ms: 8.616857
  type: 'test'
  ...
# Subtest: MultiBinding runtime: template child streams and bindings have per-instance lifetime
ok 476 - MultiBinding runtime: template child streams and bindings have per-instance lifetime
  ---
  duration_ms: 3.156308
  type: 'test'
  ...
# Subtest: MultiBinding AOT: nesting shares the actual target and supports forward named-element references
ok 477 - MultiBinding AOT: nesting shares the actual target and supports forward named-element references
  ---
  duration_ms: 15.346661
  type: 'test'
  ...
# Subtest: MultiBinding AOT: object-element Binding honors inherited CompileBindings and lexical DataType
ok 478 - MultiBinding AOT: object-element Binding honors inherited CompileBindings and lexical DataType
  ---
  duration_ms: 3.977333
  type: 'test'
  ...
# Subtest: MultiBinding AOT: invalid nested compiled member fails before subscribing any child
ok 479 - MultiBinding AOT: invalid nested compiled member fails before subscribing any child
  ---
  duration_ms: 6.277203
  type: 'test'
  ...
# Subtest: MultiBinding AOT: explicit ReflectionBinding opts out of an inherited compiled schema
ok 480 - MultiBinding AOT: explicit ReflectionBinding opts out of an inherited compiled schema
  ---
  duration_ms: 3.71001
  type: 'test'
  ...
# Subtest: MultiBinding AOT: explicit Self/Source roots are not checked against the DataContext schema
ok 481 - MultiBinding AOT: explicit Self/Source roots are not checked against the DataContext schema
  ---
  duration_ms: 4.327037
  type: 'test'
  ...
# Subtest: MultiBinding AOT: custom reusable graph resolves nested x:Reference per construction without mutation
ok 482 - MultiBinding AOT: custom reusable graph resolves nested x:Reference per construction without mutation
  ---
  duration_ms: 11.127741
  type: 'test'
  ...
# Subtest: MultiBinding AOT: converter resource, parameter and culture retain declared values
ok 483 - MultiBinding AOT: converter resource, parameter and culture retain declared values
  ---
  duration_ms: 3.541847
  type: 'test'
  ...
# Subtest: MultiBinding AOT: template child streams and bindings have per-instance lifetime
ok 484 - MultiBinding AOT: template child streams and bindings have per-instance lifetime
  ---
  duration_ms: 6.768718
  type: 'test'
  ...
# Subtest: actual native Skia surface draws pixels and encodes PNG
ok 485 - actual native Skia surface draws pixels and encodes PNG
  ---
  duration_ms: 18.040759
  type: 'test'
  ...
# Subtest: native SVG path geometry has accurate bounds and fill hit testing
ok 486 - native SVG path geometry has accurate bounds and fill hit testing
  ---
  duration_ms: 3.3855
  type: 'test'
  ...
# Subtest: native path boolean intersection produces actual geometry
ok 487 - native path boolean intersection produces actual geometry
  ---
  duration_ms: 1.630287
  type: 'test'
  ...
# Subtest: multiple registered faces in one family retain independent native ownership
ok 488 - multiple registered faces in one family retain independent native ownership
  ---
  duration_ms: 101.912329
  type: 'test'
  ...
# Subtest: retained native paragraph keys are serialized once across repeated shaping queries
ok 489 - retained native paragraph keys are serialized once across repeated shaping queries
  ---
  duration_ms: 50.957414
  type: 'test'
  ...
# Subtest: font handles remain safe when disposed after their owning platform
ok 490 - font handles remain safe when disposed after their owning platform
  ---
  duration_ms: 22.66627
  type: 'test'
  ...
# Subtest: solid native paints are reused without changing the rendered color after eviction
ok 491 - solid native paints are reused without changing the rendered color after eviction
  ---
  duration_ms: 7.89993
  type: 'test'
  ...
# Subtest: GL DOM owner records RGBA without a Skia API and flips rows once
ok 492 - GL DOM owner records RGBA without a Skia API and flips rows once
  ---
  duration_ms: 6.440781
  type: 'test'
  ...
# Subtest: GL worker owner records RGBA without a Skia API and flips rows once
ok 493 - GL worker owner records RGBA without a Skia API and flips rows once
  ---
  duration_ms: 1.158766
  type: 'test'
  ...
# Subtest: GL warm captures reuse the bitmap descriptor and never read pixels again
ok 494 - GL warm captures reuse the bitmap descriptor and never read pixels again
  ---
  duration_ms: 1.198231
  type: 'test'
  ...
# Subtest: GL requested frame replaces immutable descriptor bytes without mutating an in-flight snapshot
ok 495 - GL requested frame replaces immutable descriptor bytes without mutating an in-flight snapshot
  ---
  duration_ms: 1.627769
  type: 'test'
  ...
# Subtest: GL resize releases old bitmap and publishes fresh dimensions
ok 496 - GL resize releases old bitmap and publishes fresh dimensions
  ---
  duration_ms: 1.185371
  type: 'test'
  ...
# Subtest: GL buffer limits fail before native context creation or allocation
ok 497 - GL buffer limits fail before native context creation or allocation
  ---
  duration_ms: 0.887534
  type: 'test'
  ...
# Subtest: GL context loss drops cached pixels and restoration reinitializes once
ok 498 - GL context loss drops cached pixels and restoration reinitializes once
  ---
  duration_ms: 1.236753
  type: 'test'
  ...
# Subtest: GL teardown always releases native context and bitmap even when deinit throws
ok 499 - GL teardown always releases native context and bitmap even when deinit throws
  ---
  duration_ms: 1.652548
  type: 'test'
  ...
# Subtest: GL direct native upload refreshes pixels after a requested frame
ok 500 - GL direct native upload refreshes pixels after a requested frame
  ---
  duration_ms: 124.091972
  type: 'test'
  ...
# Subtest: PathGeometry is a StreamGeometry with upstream figure and segment defaults
ok 501 - PathGeometry is a StreamGeometry with upstream figure and segment defaults
  ---
  duration_ms: 3.777045
  type: 'test'
  ...
# Subtest: unfilled figures contribute stroke but never fill, including geometry hit testing
ok 502 - unfilled figures contribute stroke but never fill, including geometry hit testing
  ---
  duration_ms: 15.702015
  type: 'test'
  ...
# Subtest: non-stroked segments still fill and closed broken contours return to original start
ok 503 - non-stroked segments still fill and closed broken contours return to original start
  ---
  duration_ms: 3.515276
  type: 'test'
  ...
# Subtest: StreamGeometry writer retains independent fill/stroke flags and rejects a concurrent writer
ok 504 - StreamGeometry writer retains independent fill/stroke flags and rejects a concurrent writer
  ---
  duration_ms: 0.952989
  type: 'test'
  ...
# Subtest: StreamGeometry writer abort preserves old path, rule and cache descriptor
ok 505 - StreamGeometry writer abort preserves old path, rule and cache descriptor
  ---
  duration_ms: 0.84737
  type: 'test'
  ...
# Subtest: stream writer publishes path and fill rule as one observable geometry revision
ok 506 - stream writer publishes path and fill rule as one observable geometry revision
  ---
  duration_ms: 0.369093
  type: 'test'
  ...
# Subtest: path geometry writer builds real figures and segment objects with transactional abort
ok 507 - path geometry writer builds real figures and segment objects with transactional abort
  ---
  duration_ms: 1.348262
  type: 'test'
  ...
# Subtest: path markup normalizes complete command stream: m10 20 5 5 h10 v-5 z
ok 508 - path markup normalizes complete command stream: m10 20 5 5 h10 v-5 z
  ---
  duration_ms: 0.826489
  type: 'test'
  ...
# Subtest: path markup normalizes complete command stream: M0 0C1 2 3 4 5 6s2 3 4 5
ok 509 - path markup normalizes complete command stream: M0 0C1 2 3 4 5 6s2 3 4 5
  ---
  duration_ms: 0.659564
  type: 'test'
  ...
# Subtest: path markup normalizes complete command stream: M0 0Q10 20 30 0t30 0
ok 510 - path markup normalizes complete command stream: M0 0Q10 20 30 0t30 0
  ---
  duration_ms: 0.618034
  type: 'test'
  ...
# Subtest: path markup normalizes complete command stream: M.1 -.2 L1e1 +2.5e+1
ok 511 - path markup normalizes complete command stream: M.1 -.2 L1e1 +2.5e+1
  ---
  duration_ms: 0.415528
  type: 'test'
  ...
# Subtest: path markup normalizes complete command stream: F1 M10 20 A30 40 45 0110 60
ok 512 - path markup normalizes complete command stream: F1 M10 20 A30 40 45 0110 60
  ---
  duration_ms: 0.545213
  type: 'test'
  ...
# Subtest: path markup normalizes complete command stream: M1 2L3 4Z m10 10l2 2
ok 513 - path markup normalizes complete command stream: M1 2L3 4Z m10 10l2 2
  ---
  duration_ms: 0.548791
  type: 'test'
  ...
# Subtest: path parser rejects malformed or ambiguous input: L10 20
ok 514 - path parser rejects malformed or ambiguous input: L10 20
  ---
  duration_ms: 0.316024
  type: 'test'
  ...
# Subtest: path parser rejects malformed or ambiguous input: M0
ok 515 - path parser rejects malformed or ambiguous input: M0
  ---
  duration_ms: 0.161707
  type: 'test'
  ...
# Subtest: path parser rejects malformed or ambiguous input: M0 0L
ok 516 - path parser rejects malformed or ambiguous input: M0 0L
  ---
  duration_ms: 0.240629
  type: 'test'
  ...
# Subtest: path parser rejects malformed or ambiguous input: M0 0 X1 2
ok 517 - path parser rejects malformed or ambiguous input: M0 0 X1 2
  ---
  duration_ms: 0.17922
  type: 'test'
  ...
# Subtest: path parser rejects malformed or ambiguous input: M0 0L1e999 2
ok 518 - path parser rejects malformed or ambiguous input: M0 0L1e999 2
  ---
  duration_ms: 0.238948
  type: 'test'
  ...
# Subtest: path parser rejects malformed or ambiguous input: M0 0,
ok 519 - path parser rejects malformed or ambiguous input: M0 0,
  ---
  duration_ms: 0.305452
  type: 'test'
  ...
# Subtest: path parser rejects malformed or ambiguous input: M0 0,,1 2
ok 520 - path parser rejects malformed or ambiguous input: M0 0,,1 2
  ---
  duration_ms: 0.222721
  type: 'test'
  ...
# Subtest: path parser rejects malformed or ambiguous input: M0 0A1 2 3 2 0 5 6
ok 521 - path parser rejects malformed or ambiguous input: M0 0A1 2 3 2 0 5 6
  ---
  duration_ms: 0.203672
  type: 'test'
  ...
# Subtest: path parser rejects malformed or ambiguous input: M0 0A-1 2 3 0 0 5 6
ok 522 - path parser rejects malformed or ambiguous input: M0 0A-1 2 3 0 0 5 6
  ---
  duration_ms: 0.198137
  type: 'test'
  ...
# Subtest: path parser rejects malformed or ambiguous input: Z
ok 523 - path parser rejects malformed or ambiguous input: Z
  ---
  duration_ms: 0.127514
  type: 'test'
  ...
# Subtest: path parser rejects malformed or ambiguous input: M0 0Z Z
ok 524 - path parser rejects malformed or ambiguous input: M0 0Z Z
  ---
  duration_ms: 0.181258
  type: 'test'
  ...
# Subtest: nested geometry changes propagate once and unchanged signatures do not recompile paths
ok 525 - nested geometry changes propagate once and unchanged signatures do not recompile paths
  ---
  duration_ms: 2.609114
  type: 'test'
  ...
# Subtest: path collections enforce typed mutations and reject geometry DAG cycles before mutation
ok 526 - path collections enforce typed mutations and reject geometry DAG cycles before mutation
  ---
  duration_ms: 0.793553
  type: 'test'
  ...
# Subtest: group and child affine transforms participate in native fill/hit/bounds rather than concatenated SVG text
ok 527 - group and child affine transforms participate in native fill/hit/bounds rather than concatenated SVG text
  ---
  duration_ms: 3.260139
  type: 'test'
  ...
# Subtest: geometry Boolean operations retain nested transforms and do not borrow an evicted native input
ok 528 - geometry Boolean operations retain nested transforms and do not borrow an evicted native input
  ---
  duration_ms: 2.642461
  type: 'test'
  ...
# Subtest: geometry backend leases restore prior native provider after a temporary platform is disposed
ok 529 - geometry backend leases restore prior native provider after a temporary platform is disposed
  ---
  duration_ms: 0.34758
  type: 'test'
  ...
# Subtest: native stroked geometry bounds, cap, dash hit testing and widening use actual path outline
ok 530 - native stroked geometry bounds, cap, dash hit testing and widening use actual path outline
  ---
  duration_ms: 9.338283
  type: 'test'
  ...
# Subtest: contour position/tangent and extraction operate on actual native curve
ok 531 - contour position/tangent and extraction operate on actual native curve
  ---
  duration_ms: 2.737196
  type: 'test'
  ...
# Subtest: PolyLineSegment collections notify, clone deeply, and record valid native commands
ok 532 - PolyLineSegment collections notify, clone deeply, and record valid native commands
  ---
  duration_ms: 0.98651
  type: 'test'
  ...
# Subtest: PolyBezierSegment collections notify, clone deeply, and record valid native commands
ok 533 - PolyBezierSegment collections notify, clone deeply, and record valid native commands
  ---
  duration_ms: 0.616094
  type: 'test'
  ...
# Subtest: PolyQuadraticBezierSegment collections notify, clone deeply, and record valid native commands
ok 534 - PolyQuadraticBezierSegment collections notify, clone deeply, and record valid native commands
  ---
  duration_ms: 0.750399
  type: 'test'
  ...
# Subtest: runtime XAML constructs all path segments and string Figures with typed values
ok 535 - runtime XAML constructs all path segments and string Figures with typed values
  ---
  duration_ms: 9.939326
  type: 'test'
  ...
# Subtest: AOT XAML constructs all path segments and string Figures with typed values
ok 536 - AOT XAML constructs all path segments and string Figures with typed values
  ---
  duration_ms: 27.474435
  type: 'test'
  ...
# Subtest: malformed nested geometry descriptions do not allocate partial owned child graphs
ok 537 - malformed nested geometry descriptions do not allocate partial owned child graphs
  ---
  duration_ms: 0.663872
  type: 'test'
  ...
# Subtest: ImageBrush uses native image shader with transparent uniform letterboxing
ok 538 - ImageBrush uses native image shader with transparent uniform letterboxing
  ---
  duration_ms: 10.467088
  type: 'test'
  ...
# Subtest: VisualBrush snapshots actual retained content and refreshes mutable brushes
ok 539 - VisualBrush snapshots actual retained content and refreshes mutable brushes
  ---
  duration_ms: 8.700809
  type: 'test'
  ...
# Subtest: BitmapCache reuses unchanged content, refreshes descendants, and releases on dispose
ok 540 - BitmapCache reuses unchanged content, refreshes descendants, and releases on dispose
  ---
  duration_ms: 5.678609
  type: 'test'
  ...
# Subtest: native blur and drop shadow affect pixels outside original geometry
ok 541 - native blur and drop shadow affect pixels outside original geometry
  ---
  duration_ms: 8.705709
  type: 'test'
  ...
# Subtest: inset shadows are clipped to the border and darken interior edge
ok 542 - inset shadows are clipped to the border and darken interior edge
  ---
  duration_ms: 6.306681
  type: 'test'
  ...
# Subtest: acrylic filters the existing native surface before applying material tint
ok 543 - acrylic filters the existing native surface before applying material tint
  ---
  duration_ms: 2.618039
  type: 'test'
  ...
# Subtest: value priorities expose lower priorities when disposed
ok 544 - value priorities expose lower priorities when disposed
  ---
  duration_ms: 1.525428
  type: 'test'
  ...
# Subtest: later same-priority value wins and removal reveals prior
ok 545 - later same-priority value wins and removal reveals prior
  ---
  duration_ms: 0.198491
  type: 'test'
  ...
# Subtest: inheritance notifications and local overrides
ok 546 - inheritance notifications and local overrides
  ---
  duration_ms: 1.852434
  type: 'test'
  ...
# Subtest: inheritance cycles are rejected
ok 547 - inheritance cycles are rejected
  ---
  duration_ms: 0.643239
  type: 'test'
  ...
# Subtest: RxJS observable binding lifecycle and SetCurrentValue
ok 548 - RxJS observable binding lifecycle and SetCurrentValue
  ---
  duration_ms: 0.52565
  type: 'test'
  ...
# Subtest: style observable does not replace local observable binding
ok 549 - style observable does not replace local observable binding
  ---
  duration_ms: 0.316945
  type: 'test'
  ...
# Subtest: direct properties call setter and publish once
ok 550 - direct properties call setter and publish once
  ---
  duration_ms: 0.336574
  type: 'test'
  ...
# Subtest: ReactiveWeb nested source replacement rebinds path
ok 551 - ReactiveWeb nested source replacement rebinds path
  ---
  duration_ms: 4.829302
  type: 'test'
  ...
# Subtest: ReactiveWeb two-way textbox binding
ok 552 - ReactiveWeb two-way textbox binding
  ---
  duration_ms: 6.445418
  type: 'test'
  ...
# Subtest: OneTime binding takes initial source only
ok 553 - OneTime binding takes initial source only
  ---
  duration_ms: 0.767367
  type: 'test'
  ...
# Subtest: binding fallback applies to missing source path
ok 554 - binding fallback applies to missing source path
  ---
  duration_ms: 0.469871
  type: 'test'
  ...
# Subtest: binding target-null replacement preserves null semantics
ok 555 - binding target-null replacement preserves null semantics
  ---
  duration_ms: 0.282465
  type: 'test'
  ...
# Subtest: unsafe binding path rejected: __proto__.polluted
ok 556 - unsafe binding path rejected: __proto__.polluted
  ---
  duration_ms: 0.136165
  type: 'test'
  ...
# Subtest: unsafe binding path rejected: constructor.name
ok 557 - unsafe binding path rejected: constructor.name
  ---
  duration_ms: 0.108557
  type: 'test'
  ...
# Subtest: unsafe binding path rejected: Value["__proto__"]
ok 558 - unsafe binding path rejected: Value["__proto__"]
  ---
  duration_ms: 0.148676
  type: 'test'
  ...
# Subtest: binding path parses array and dictionary indexers
ok 559 - binding path parses array and dictionary indexers
  ---
  duration_ms: 0.181248
  type: 'test'
  ...
# Subtest: dynamic resource updates existing target
ok 560 - dynamic resource updates existing target
  ---
  duration_ms: 1.904124
  type: 'test'
  ...
# Subtest: conditional styles activate and deactivate without defeating local values
ok 561 - conditional styles activate and deactivate without defeating local values
  ---
  duration_ms: 5.994536
  type: 'test'
  ...
# Subtest: attached properties are supported in style setters
ok 562 - attached properties are supported in style setters
  ---
  duration_ms: 0.499565
  type: 'test'
  ...
# Subtest: measure/arrange applies margin and alignment
ok 563 - measure/arrange applies margin and alignment
  ---
  duration_ms: 0.843482
  type: 'test'
  ...
# Subtest: Grid resolves pixel and weighted star columns
ok 564 - Grid resolves pixel and weighted star columns
  ---
  duration_ms: 2.809621
  type: 'test'
  ...
# Subtest: Grid star row behaves as auto under infinite measure
ok 565 - Grid star row behaves as auto under infinite measure
  ---
  duration_ms: 0.688618
  type: 'test'
  ...
# Subtest: Grid layout invalidates after definition changes
ok 566 - Grid layout invalidates after definition changes
  ---
  duration_ms: 2.011033
  type: 'test'
  ...
# Subtest: StackPanel sums children and spacing
ok 567 - StackPanel sums children and spacing
  ---
  duration_ms: 0.887821
  type: 'test'
  ...
# Subtest: WrapPanel starts a new line when width is exceeded
ok 568 - WrapPanel starts a new line when width is exceeded
  ---
  duration_ms: 0.952123
  type: 'test'
  ...
# Subtest: RelativePanel detects circular sibling references
ok 569 - RelativePanel detects circular sibling references
  ---
  duration_ms: 2.224404
  type: 'test'
  ...
# Subtest: visual ownership rejects duplicates and cycles
ok 570 - visual ownership rejects duplicates and cycles
  ---
  duration_ms: 1.173179
  type: 'test'
  ...
# Subtest: headless mouse click invokes a genuine ReactiveCommand
ok 571 - headless mouse click invokes a genuine ReactiveCommand
  ---
  duration_ms: 6.551692
  type: 'test'
  ...
# Subtest: button keyboard activation and disabled state
ok 572 - button keyboard activation and disabled state
  ---
  duration_ms: 2.239278
  type: 'test'
  ...
# Subtest: routed event tunnels before bubbling
ok 573 - routed event tunnels before bubbling
  ---
  duration_ms: 0.482844
  type: 'test'
  ...
# Subtest: virtual ListBox realizes a bounded viewport for 10,000 items
ok 574 - virtual ListBox realizes a bounded viewport for 10,000 items
  ---
  duration_ms: 17.548653
  type: 'test'
  ...
# Subtest: virtual ListBox nested in unconstrained Grid converges
ok 575 - virtual ListBox nested in unconstrained Grid converges
  ---
  duration_ms: 10.70441
  type: 'test'
  ...
# Subtest: Menu rebuild preserves caller-owned MenuItem instances
ok 576 - Menu rebuild preserves caller-owned MenuItem instances
  ---
  duration_ms: 2.772732
  type: 'test'
  ...
# Subtest: scalar XAML resources, attached properties and namescope
ok 577 - scalar XAML resources, attached properties and namescope
  ---
  duration_ms: 9.083292
  type: 'test'
  ...
# Subtest: XAML two-way bindings integrate ReactiveWeb
ok 578 - XAML two-way bindings integrate ReactiveWeb
  ---
  duration_ms: 3.758506
  type: 'test'
  ...
# Subtest: AOT emitter produces executable ESM without eval
ok 579 - AOT emitter produces executable ESM without eval
  ---
  duration_ms: 50.451959
  type: 'test'
  ...
# Subtest: ControlTemplate and TemplateBinding propagate content
ok 580 - ControlTemplate and TemplateBinding propagate content
  ---
  duration_ms: 4.180885
  type: 'test'
  ...
# Subtest: XML parser rejects DOCTYPE
ok 581 - XML parser rejects DOCTYPE
  ---
  duration_ms: 0.188714
  type: 'test'
  ...
# Subtest: XML parser rejects external entity
ok 582 - XML parser rejects external entity
  ---
  duration_ms: 0.171826
  type: 'test'
  ...
# Subtest: XML parser rejects bare ampersand
ok 583 - XML parser rejects bare ampersand
  ---
  duration_ms: 0.094433
  type: 'test'
  ...
# Subtest: XML parser rejects duplicate attribute
ok 584 - XML parser rejects duplicate attribute
  ---
  duration_ms: 0.051086
  type: 'test'
  ...
# Subtest: XML parser rejects mismatched close
ok 585 - XML parser rejects mismatched close
  ---
  duration_ms: 0.038991
  type: 'test'
  ...
# Subtest: XML parser rejects undeclared namespace
ok 586 - XML parser rejects undeclared namespace
  ---
  duration_ms: 0.040674
  type: 'test'
  ...
# Subtest: XML parser rejects multiple roots
ok 587 - XML parser rejects multiple roots
  ---
  duration_ms: 0.042721
  type: 'test'
  ...
# Subtest: XML parser rejects invalid codepoint
ok 588 - XML parser rejects invalid codepoint
  ---
  duration_ms: 0.068892
  type: 'test'
  ...
# Subtest: XML parser enforces nesting limit
ok 589 - XML parser enforces nesting limit
  ---
  duration_ms: 0.092494
  type: 'test'
  ...
# Subtest: XML parser handles namespaced attributes and escaped text
ok 590 - XML parser handles namespaced attributes and escaped text
  ---
  duration_ms: 0.106637
  type: 'test'
  ...
# Subtest: markup extension parser preserves nested expressions and quoted commas
ok 591 - markup extension parser preserves nested expressions and quoted commas
  ---
  duration_ms: 0.082828
  type: 'test'
  ...
# Subtest: unknown XAML types and properties fail rather than being ignored
ok 592 - unknown XAML types and properties fail rather than being ignored
  ---
  duration_ms: 0.941865
  type: 'test'
  ...
# Subtest: XAML property assignment cannot pollute prototypes
ok 593 - XAML property assignment cannot pollute prototypes
  ---
  duration_ms: 0.523072
  type: 'test'
  ...
# Subtest: animation samples keyframes and restores base value
ok 594 - animation samples keyframes and restores base value
  ---
  duration_ms: 1.050237
  type: 'test'
  ...
# Subtest: animation abort releases priority values and subscription
ok 595 - animation abort releases priority values and subscription
  ---
  duration_ms: 0.26005
  type: 'test'
  ...
# Subtest: LRU cache eviction disposes native resources
ok 596 - LRU cache eviction disposes native resources
  ---
  duration_ms: 0.235832
  type: 'test'
  ...
# Subtest: affine matrix inverse restores transformed coordinates
ok 597 - affine matrix inverse restores transformed coordinates
  ---
  duration_ms: 0.081222
  type: 'test'
  ...
# Subtest: Color uses Avalonia ARGB hexadecimal ordering
ok 598 - Color uses Avalonia ARGB hexadecimal ordering
  ---
  duration_ms: 0.143493
  type: 'test'
  ...
# Subtest: Calendar selected date updates the selected-date collection
ok 599 - Calendar selected date updates the selected-date collection
  ---
  duration_ms: 0.526363
  type: 'test'
  ...
# Subtest: ScrollBar derives from RangeBase rather than inheriting reversed Slider behavior
ok 600 - ScrollBar derives from RangeBase rather than inheriting reversed Slider behavior
  ---
  duration_ms: 2.948453
  type: 'test'
  ...
# Subtest: ScrollBar Vertical: proportional drag without jump and release event
ok 601 - ScrollBar Vertical: proportional drag without jump and release event
  ---
  duration_ms: 6.651948
  type: 'test'
  ...
# Subtest: ScrollBar Horizontal: proportional drag without jump and release event
ok 602 - ScrollBar Horizontal: proportional drag without jump and release event
  ---
  duration_ms: 3.86519
  type: 'test'
  ...
# Subtest: ScrollBar tiny viewport bounds never create oversized thumbs or divide by zero
ok 603 - ScrollBar tiny viewport bounds never create oversized thumbs or divide by zero
  ---
  duration_ms: 1.554909
  type: 'test'
  ...
# Subtest: ScrollBar reverse direction is geometry-consistent and keyboard increments follow its orientation
ok 604 - ScrollBar reverse direction is geometry-consistent and keyboard increments follow its orientation
  ---
  duration_ms: 2.920876
  type: 'test'
  ...
# Subtest: ScrollBar track press pages rather than jumps and releases repeat timers
ok 605 - ScrollBar track press pages rather than jumps and releases repeat timers
  ---
  duration_ms: 1.767556
  type: 'test'
  ...
# Subtest: ScrollBar page-repeat progresses while held and stops on capture loss
ok 606 - ScrollBar page-repeat progresses while held and stops on capture loss
  ---
  duration_ms: 87.300279
  type: 'test'
  ...
# Subtest: ScrollBar ignores right clicks and additional pointers during a drag
ok 607 - ScrollBar ignores right clicks and additional pointers during a drag
  ---
  duration_ms: 1.011954
  type: 'test'
  ...
# Subtest: ScrollBar visibility, zero range and explicit values remain coherent
ok 608 - ScrollBar visibility, zero range and explicit values remain coherent
  ---
  duration_ms: 4.442566
  type: 'test'
  ...
# Subtest: ScrollViewer scrollbar hits win over a child Button occupying the complete content
ok 609 - ScrollViewer scrollbar hits win over a child Button occupying the complete content
  ---
  duration_ms: 12.537085
  type: 'test'
  ...
# Subtest: ScrollViewer horizontal and vertical thumbs can independently reach both ends
ok 610 - ScrollViewer horizontal and vertical thumbs can independently reach both ends
  ---
  duration_ms: 4.980092
  type: 'test'
  ...
# Subtest: ScrollViewer deferred scrolling previews the thumb without moving content until release
ok 611 - ScrollViewer deferred scrolling previews the thumb without moving content until release
  ---
  duration_ms: 4.142215
  type: 'test'
  ...
# Subtest: ScrollViewer Hidden permits scrolling but Disabled does not
ok 612 - ScrollViewer Hidden permits scrolling but Disabled does not
  ---
  duration_ms: 2.712423
  type: 'test'
  ...
# Subtest: non-overlay ScrollViewer tracks reserve space and solve cross-axis overflow
ok 613 - non-overlay ScrollViewer tracks reserve space and solve cross-axis overflow
  ---
  duration_ms: 1.928435
  type: 'test'
  ...
# Subtest: ScrollViewer viewport clip prevents content hits and rendering in reserved chrome
ok 614 - ScrollViewer viewport clip prevents content hits and rendering in reserved chrome
  ---
  duration_ms: 2.358999
  type: 'test'
  ...
# Subtest: ScrollViewer resize and content replacement clamp stale offsets and notify extent deltas
ok 615 - ScrollViewer resize and content replacement clamp stale offsets and notify extent deltas
  ---
  duration_ms: 1.867422
  type: 'test'
  ...
# Subtest: ScrollViewer BringIntoView handles both axes, padding and partially visible large targets
ok 616 - ScrollViewer BringIntoView handles both axes, padding and partially visible large targets
  ---
  duration_ms: 3.421143
  type: 'test'
  ...
# Subtest: wheel deltaMode=0 respects CSS pixels, lines or viewport pages
ok 617 - wheel deltaMode=0 respects CSS pixels, lines or viewport pages
  ---
  duration_ms: 3.767862
  type: 'test'
  ...
# Subtest: wheel deltaMode=1 respects CSS pixels, lines or viewport pages
ok 618 - wheel deltaMode=1 respects CSS pixels, lines or viewport pages
  ---
  duration_ms: 1.645448
  type: 'test'
  ...
# Subtest: wheel deltaMode=2 respects CSS pixels, lines or viewport pages
ok 619 - wheel deltaMode=2 respects CSS pixels, lines or viewport pages
  ---
  duration_ms: 3.230978
  type: 'test'
  ...
# Subtest: Shift-wheel scrolls horizontally and disabled chaining consumes boundary input
ok 620 - Shift-wheel scrolls horizontally and disabled chaining consumes boundary input
  ---
  duration_ms: 1.925348
  type: 'test'
  ...
# Subtest: ListBox has an interactive scrollbar without changing selection
ok 621 - ListBox has an interactive scrollbar without changing selection
  ---
  duration_ms: 15.418401
  type: 'test'
  ...
# Subtest: TreeView has an interactive scrollbar without changing selection
ok 622 - TreeView has an interactive scrollbar without changing selection
  ---
  duration_ms: 27.354759
  type: 'test'
  ...
# Subtest: ListBox recycles row controls rather than allocating new containers on every scroll
ok 623 - ListBox recycles row controls rather than allocating new containers on every scroll
  ---
  duration_ms: 70.08662
  type: 'test'
  ...
# Subtest: ListBox horizontal chrome pans wide items without scrolling or selecting rows
ok 624 - ListBox horizontal chrome pans wide items without scrolling or selecting rows
  ---
  duration_ms: 6.182087
  type: 'test'
  ...
# Subtest: TableView both-axis scrollbars exclude headers and preserve header alignment
ok 625 - TableView both-axis scrollbars exclude headers and preserve header alignment
  ---
  duration_ms: 23.98836
  type: 'test'
  ...
# Subtest: multiline TextBox supports vertical drag, wheel, and horizontal pan without changing text or selection
ok 626 - multiline TextBox supports vertical drag, wheel, and horizontal pan without changing text or selection
  ---
  duration_ms: 13.116692
  type: 'test'
  ...
# Subtest: wrapped TextBox disables horizontal chrome and remaps viewport when resizing
ok 627 - wrapped TextBox disables horizontal chrome and remaps viewport when resizing
  ---
  duration_ms: 9.564131
  type: 'test'
  ...
# Subtest: TextBox measurement layouts are retained and disposed with their owner
ok 628 - TextBox measurement layouts are retained and disposed with their owner
  ---
  duration_ms: 2.893441
  type: 'test'
  ...
# Subtest: scroll chrome still works with runtime XAML attached scrollbar options
ok 629 - scroll chrome still works with runtime XAML attached scrollbar options
  ---
  duration_ms: 7.024267
  type: 'test'
  ...
# Subtest: reserved horizontal chrome does not oscillate realization at an item-height boundary
ok 630 - reserved horizontal chrome does not oscillate realization at an item-height boundary
  ---
  duration_ms: 13.394159
  type: 'test'
  ...
# Subtest: TableView header and reserved horizontal track share a stable realization viewport
ok 631 - TableView header and reserved horizontal track share a stable realization viewport
  ---
  duration_ms: 21.12492
  type: 'test'
  ...
# Subtest: ScrollBarMaximum and LargeChange notify bindings for extent-only and viewport-only changes
ok 632 - ScrollBarMaximum and LargeChange notify bindings for extent-only and viewport-only changes
  ---
  duration_ms: 2.853042
  type: 'test'
  ...
# Subtest: RangeBase matches the templated hierarchy and retains finite values on invalid assignments
ok 633 - RangeBase matches the templated hierarchy and retains finite values on invalid assignments
  ---
  duration_ms: 0.542054
  type: 'test'
  ...
# Subtest: RangeBase raises typed ValueChanged events and ScrollBar custom templates have layout and lifetime
ok 634 - RangeBase raises typed ValueChanged events and ScrollBar custom templates have layout and lifetime
  ---
  duration_ms: 1.072165
  type: 'test'
  ...
# Subtest: disjoint virtual scrolling retargets attached scalar presenters without tree churn
ok 635 - disjoint virtual scrolling retargets attached scalar presenters without tree churn
  ---
  duration_ms: 12.192135
  type: 'test'
  ...
# Subtest: surplus recycled scalar rows release prior item data and their empty presenter is owned
ok 636 - surplus recycled scalar rows release prior item data and their empty presenter is owned
  ---
  duration_ms: 4.819019
  type: 'test'
  ...
# Subtest: secondary document waits for load, then releases all lifecycle listeners
ok 637 - secondary document waits for load, then releases all lifecycle listeners
  ---
  duration_ms: 8.156041
  type: 'test'
  ...
# Subtest: secondary already-complete document needs no timer or listener after completion
ok 638 - secondary already-complete document needs no timer or listener after completion
  ---
  duration_ms: 0.322401
  type: 'test'
  ...
# Subtest: secondary document replacement and closed-window startup reject
ok 639 - secondary document replacement and closed-window startup reject
  ---
  duration_ms: 2.12345
  type: 'test'
  ...
# Subtest: secondary document cancellation propagates the exact reason and removes listeners
ok 640 - secondary document cancellation propagates the exact reason and removes listeners
  ---
  duration_ms: 0.453452
  type: 'test'
  ...
# Subtest: secondary document timeout is bounded and removes its lifecycle listeners
ok 641 - secondary document timeout is bounded and removes its lifecycle listeners
  ---
  duration_ms: 5.109724
  type: 'test'
  ...
# Subtest: secondary renderer starts with listeners already installed and accepts only native-ready render role
ok 642 - secondary renderer starts with listeners already installed and accepts only native-ready render role
  ---
  duration_ms: 1.10914
  type: 'test'
  ...
# Subtest: secondary throw failure settles before publishing channels
ok 643 - secondary throw failure settles before publishing channels
  ---
  duration_ms: 0.528419
  type: 'test'
  ...
# Subtest: secondary error failure settles before publishing channels
ok 644 - secondary error failure settles before publishing channels
  ---
  duration_ms: 0.547586
  type: 'test'
  ...
# Subtest: secondary messageerror failure settles before publishing channels
ok 645 - secondary messageerror failure settles before publishing channels
  ---
  duration_ms: 0.365119
  type: 'test'
  ...
# Subtest: secondary bootstrap failure settles before publishing channels
ok 646 - secondary bootstrap failure settles before publishing channels
  ---
  duration_ms: 0.437877
  type: 'test'
  ...
# Subtest: secondary renderer abort before start allocates no worker delivery or listener
ok 647 - secondary renderer abort before start allocates no worker delivery or listener
  ---
  duration_ms: 0.3029
  type: 'test'
  ...
# Subtest: one canceled native-module delivery does not dispose the shared source or affect its sibling
ok 648 - one canceled native-module delivery does not dispose the shared source or affect its sibling
  ---
  duration_ms: 24.694411
  type: 'test'
  ...
# Subtest: pre-aborted delivery never creates a MessageChannel and successful delivery removes its abort listener
ok 649 - pre-aborted delivery never creates a MessageChannel and successful delivery removes its abort listener
  ---
  duration_ms: 2.085175
  type: 'test'
  ...
# Subtest: secondary OpenWindow waits for the popup document and native bootstrap before transferring UI endpoints
ok 650 - secondary OpenWindow waits for the popup document and native bootstrap before transferring UI endpoints
  ---
  duration_ms: 3.733348
  type: 'test'
  ...
# Subtest: secondary constructor failure rolls back popup, channels, host registration and only its own WASM lease
ok 651 - secondary constructor failure rolls back popup, channels, host registration and only its own WASM lease
  ---
  duration_ms: 0.810248
  type: 'test'
  ...
# Subtest: secondary post failure rolls back popup, channels, host registration and only its own WASM lease
ok 652 - secondary post failure rolls back popup, channels, host registration and only its own WASM lease
  ---
  duration_ms: 0.630338
  type: 'test'
  ...
# Subtest: secondary entry failure rolls back popup, channels, host registration and only its own WASM lease
ok 653 - secondary entry failure rolls back popup, channels, host registration and only its own WASM lease
  ---
  duration_ms: 0.750462
  type: 'test'
  ...
# Subtest: secondary disposal during native initialization cancels the pending open instead of awaiting a dead channel
ok 654 - secondary disposal during native initialization cancels the pending open instead of awaiting a dead channel
  ---
  duration_ms: 3.485735
  type: 'test'
  ...
# Subtest: secondary parent disposal during document loading closes the unpublished popup
ok 655 - secondary parent disposal during document loading closes the unpublished popup
  ---
  duration_ms: 0.652043
  type: 'test'
  ...
# Subtest: failed secondary bootstrap rejects actual ShowDialog and WhenOpened, restores owner and disposes the unshown Window
ok 656 - failed secondary bootstrap rejects actual ShowDialog and WhenOpened, restores owner and disposes the unshown Window
  ---
  duration_ms: 6.089666
  type: 'test'
  ...
# Subtest: closing a pending worker Window is safe and rejects late host attachment while releasing its returned ports
ok 657 - closing a pending worker Window is safe and rejects late host attachment while releasing its returned ports
  ---
  duration_ms: 1.561565
  type: 'test'
  ...
# Subtest: secondary committed document requires source, origin, token, final URL and ready state
ok 658 - secondary committed document requires source, origin, token, final URL and ready state
  ---
  duration_ms: 1.171628
  type: 'test'
  ...
# Subtest: secondary acknowledged url mismatch rejects and closes only that popup
ok 659 - secondary acknowledged url mismatch rejects and closes only that popup
  ---
  duration_ms: 0.303865
  type: 'test'
  ...
# Subtest: secondary acknowledged loading mismatch rejects and closes only that popup
ok 660 - secondary acknowledged loading mismatch rejects and closes only that popup
  ---
  duration_ms: 0.220316
  type: 'test'
  ...
# Subtest: secondary acknowledged closed mismatch rejects and closes only that popup
ok 661 - secondary acknowledged closed mismatch rejects and closes only that popup
  ---
  duration_ms: 0.162283
  type: 'test'
  ...
# Subtest: secondary document blocked popup, timeout, cancellation and pre-abort leave no owner listener
ok 662 - secondary document blocked popup, timeout, cancellation and pre-abort leave no owner listener
  ---
  duration_ms: 10.865862
  type: 'test'
  ...
# Subtest: secondary host rejects cross-origin and non-HTTP documents before opening
ok 663 - secondary host rejects cross-origin and non-HTTP documents before opening
  ---
  duration_ms: 0.417374
  type: 'test'
  ...
# Subtest: single reflection: shorthand numeric format and aligned escaped composite text
ok 664 - single reflection: shorthand numeric format and aligned escaped composite text
  ---
  duration_ms: 7.714766
  type: 'test'
  ...
# Subtest: single reflection: fallback bypasses converter, null substitution and formatting
ok 665 - single reflection: fallback bypasses converter, null substitution and formatting
  ---
  duration_ms: 0.28376
  type: 'test'
  ...
# Subtest: single reflection: converter UnsetValue selects literal fallback after conversion
ok 666 - single reflection: converter UnsetValue selects literal fallback after conversion
  ---
  duration_ms: 0.45469
  type: 'test'
  ...
# Subtest: single reflection: TargetNullValue bypasses StringFormat but is target-converted
ok 667 - single reflection: TargetNullValue bypasses StringFormat but is target-converted
  ---
  duration_ms: 0.77866
  type: 'test'
  ...
# Subtest: single reflection: incompatible target ignores even malformed StringFormat
ok 668 - single reflection: incompatible target ignores even malformed StringFormat
  ---
  duration_ms: 0.400373
  type: 'test'
  ...
# Subtest: single reflection: metadata converter UnsetValue selects converted fallback without a transient default
ok 669 - single reflection: metadata converter UnsetValue selects converted fallback without a transient default
  ---
  duration_ms: 1.339559
  type: 'test'
  ...
# Subtest: single reflection: source BindingNotification unwraps before conversion and retains its error
ok 670 - single reflection: source BindingNotification unwraps before conversion and retains its error
  ---
  duration_ms: 0.702432
  type: 'test'
  ...
# Subtest: single reflection: DoNothing leaves value and validation error untouched
ok 671 - single reflection: DoNothing leaves value and validation error untouched
  ---
  duration_ms: 0.330587
  type: 'test'
  ...
# Subtest: single reflection: formatting failure uses literal fallback and recovers
ok 672 - single reflection: formatting failure uses literal fallback and recovers
  ---
  duration_ms: 0.57747
  type: 'test'
  ...
# Subtest: single reflection: OneTime retries converter and target conversion failures
ok 673 - single reflection: OneTime retries converter and target conversion failures
  ---
  duration_ms: 0.52799
  type: 'test'
  ...
# Subtest: single reflection: OneTime waits after DoNothing and releases anchor subscriptions on success
ok 674 - single reflection: OneTime waits after DoNothing and releases anchor subscriptions on success
  ---
  duration_ms: 2.390394
  type: 'test'
  ...
# Subtest: single reflection: converter replacing its binding cannot write or clear successor errors
ok 675 - single reflection: converter replacing its binding cannot write or clear successor errors
  ---
  duration_ms: 0.448072
  type: 'test'
  ...
# Subtest: single reflection: converter can dispose target without resurrecting a value slot
ok 676 - single reflection: converter can dispose target without resurrecting a value slot
  ---
  duration_ms: 0.250251
  type: 'test'
  ...
# Subtest: single reflection: explicit disposal does not accumulate target lifetime entries
ok 677 - single reflection: explicit disposal does not accumulate target lifetime entries
  ---
  duration_ms: 32.367847
  type: 'test'
  ...
# Subtest: single reflection: invalid fallback is reported without an escaping disposal/conversion exception
ok 678 - single reflection: invalid fallback is reported without an escaping disposal/conversion exception
  ---
  duration_ms: 0.491212
  type: 'test'
  ...
# Subtest: single reflection: explicit TwoWay reverse conversion is not sent through the display format
ok 679 - single reflection: explicit TwoWay reverse conversion is not sent through the display format
  ---
  duration_ms: 1.301101
  type: 'test'
  ...
# Subtest: single compiled: shorthand numeric format and aligned escaped composite text
ok 680 - single compiled: shorthand numeric format and aligned escaped composite text
  ---
  duration_ms: 1.597737
  type: 'test'
  ...
# Subtest: single compiled: fallback bypasses converter, null substitution and formatting
ok 681 - single compiled: fallback bypasses converter, null substitution and formatting
  ---
  duration_ms: 0.261296
  type: 'test'
  ...
# Subtest: single compiled: converter UnsetValue selects literal fallback after conversion
ok 682 - single compiled: converter UnsetValue selects literal fallback after conversion
  ---
  duration_ms: 0.166433
  type: 'test'
  ...
# Subtest: single compiled: TargetNullValue bypasses StringFormat but is target-converted
ok 683 - single compiled: TargetNullValue bypasses StringFormat but is target-converted
  ---
  duration_ms: 0.328163
  type: 'test'
  ...
# Subtest: single compiled: incompatible target ignores even malformed StringFormat
ok 684 - single compiled: incompatible target ignores even malformed StringFormat
  ---
  duration_ms: 0.364876
  type: 'test'
  ...
# Subtest: single compiled: metadata converter UnsetValue selects converted fallback without a transient default
ok 685 - single compiled: metadata converter UnsetValue selects converted fallback without a transient default
  ---
  duration_ms: 0.673372
  type: 'test'
  ...
# Subtest: single compiled: source BindingNotification unwraps before conversion and retains its error
ok 686 - single compiled: source BindingNotification unwraps before conversion and retains its error
  ---
  duration_ms: 0.354716
  type: 'test'
  ...
# Subtest: single compiled: DoNothing leaves value and validation error untouched
ok 687 - single compiled: DoNothing leaves value and validation error untouched
  ---
  duration_ms: 0.225556
  type: 'test'
  ...
# Subtest: single compiled: formatting failure uses literal fallback and recovers
ok 688 - single compiled: formatting failure uses literal fallback and recovers
  ---
  duration_ms: 0.316003
  type: 'test'
  ...
# Subtest: single compiled: OneTime retries converter and target conversion failures
ok 689 - single compiled: OneTime retries converter and target conversion failures
  ---
  duration_ms: 0.305024
  type: 'test'
  ...
# Subtest: single compiled: OneTime waits after DoNothing and releases anchor subscriptions on success
ok 690 - single compiled: OneTime waits after DoNothing and releases anchor subscriptions on success
  ---
  duration_ms: 0.263575
  type: 'test'
  ...
# Subtest: single compiled: converter replacing its binding cannot write or clear successor errors
ok 691 - single compiled: converter replacing its binding cannot write or clear successor errors
  ---
  duration_ms: 0.427365
  type: 'test'
  ...
# Subtest: single compiled: converter can dispose target without resurrecting a value slot
ok 692 - single compiled: converter can dispose target without resurrecting a value slot
  ---
  duration_ms: 0.282067
  type: 'test'
  ...
# Subtest: single compiled: explicit disposal does not accumulate target lifetime entries
ok 693 - single compiled: explicit disposal does not accumulate target lifetime entries
  ---
  duration_ms: 32.131033
  type: 'test'
  ...
# Subtest: single compiled: invalid fallback is reported without an escaping disposal/conversion exception
ok 694 - single compiled: invalid fallback is reported without an escaping disposal/conversion exception
  ---
  duration_ms: 1.508243
  type: 'test'
  ...
# Subtest: single compiled: explicit TwoWay reverse conversion is not sent through the display format
ok 695 - single compiled: explicit TwoWay reverse conversion is not sent through the display format
  ---
  duration_ms: 0.666055
  type: 'test'
  ...
# Subtest: single compiled: stream DoNothing keeps OneTime pending until the first successful result
ok 696 - single compiled: stream DoNothing keeps OneTime pending until the first successful result
  ---
  duration_ms: 0.569394
  type: 'test'
  ...
# Subtest: single binding warm numeric formatting reuses the MultiBinding Intl cache
ok 697 - single binding warm numeric formatting reuses the MultiBinding Intl cache
  ---
  duration_ms: 10.338241
  type: 'test'
  ...
# Subtest: single reflection: bounded converter reentrancy does not recurse or strand a subscription
ok 698 - single reflection: bounded converter reentrancy does not recurse or strand a subscription
  ---
  duration_ms: 4.420414
  type: 'test'
  ...
# Subtest: single reflection: OneTime errors with usable notification values do not count as success
ok 699 - single reflection: OneTime errors with usable notification values do not count as success
  ---
  duration_ms: 0.363899
  type: 'test'
  ...
# Subtest: single reflection: metadata conversion can replace its binding without a late write
ok 700 - single reflection: metadata conversion can replace its binding without a late write
  ---
  duration_ms: 3.073006
  type: 'test'
  ...
# Subtest: single reflection: a throwing subscription disposer still releases target ownership
ok 701 - single reflection: a throwing subscription disposer still releases target ownership
  ---
  duration_ms: 0.697613
  type: 'test'
  ...
# Subtest: single compiled: bounded converter reentrancy does not recurse or strand a subscription
ok 702 - single compiled: bounded converter reentrancy does not recurse or strand a subscription
  ---
  duration_ms: 0.925607
  type: 'test'
  ...
# Subtest: single compiled: OneTime errors with usable notification values do not count as success
ok 703 - single compiled: OneTime errors with usable notification values do not count as success
  ---
  duration_ms: 1.32575
  type: 'test'
  ...
# Subtest: single compiled: metadata conversion can replace its binding without a late write
ok 704 - single compiled: metadata conversion can replace its binding without a late write
  ---
  duration_ms: 0.462689
  type: 'test'
  ...
# Subtest: single compiled: a throwing subscription disposer still releases target ownership
ok 705 - single compiled: a throwing subscription disposer still releases target ownership
  ---
  duration_ms: 0.252093
  type: 'test'
  ...
# Subtest: single reflection: invalid Path is rejected before replacing a live binding
ok 706 - single reflection: invalid Path is rejected before replacing a live binding
  ---
  duration_ms: 2.211601
  type: 'test'
  ...
# Subtest: single reflection: invalid Mode is rejected before replacing a live binding
ok 707 - single reflection: invalid Mode is rejected before replacing a live binding
  ---
  duration_ms: 0.276502
  type: 'test'
  ...
# Subtest: single reflection: invalid Converter is rejected before replacing a live binding
ok 708 - single reflection: invalid Converter is rejected before replacing a live binding
  ---
  duration_ms: 0.154621
  type: 'test'
  ...
# Subtest: single reflection: invalid Format is rejected before replacing a live binding
ok 709 - single reflection: invalid Format is rejected before replacing a live binding
  ---
  duration_ms: 0.127435
  type: 'test'
  ...
# Subtest: single reflection: invalid Trigger is rejected before replacing a live binding
ok 710 - single reflection: invalid Trigger is rejected before replacing a live binding
  ---
  duration_ms: 0.138911
  type: 'test'
  ...
# Subtest: single reflection: disposed targets reject binding without retaining source subscriptions
ok 711 - single reflection: disposed targets reject binding without retaining source subscriptions
  ---
  duration_ms: 0.192095
  type: 'test'
  ...
# Subtest: single compiled: invalid Path is rejected before replacing a live binding
ok 712 - single compiled: invalid Path is rejected before replacing a live binding
  ---
  duration_ms: 0.338864
  type: 'test'
  ...
# Subtest: single compiled: invalid Mode is rejected before replacing a live binding
ok 713 - single compiled: invalid Mode is rejected before replacing a live binding
  ---
  duration_ms: 0.223855
  type: 'test'
  ...
# Subtest: single compiled: invalid Converter is rejected before replacing a live binding
ok 714 - single compiled: invalid Converter is rejected before replacing a live binding
  ---
  duration_ms: 0.212935
  type: 'test'
  ...
# Subtest: single compiled: invalid Format is rejected before replacing a live binding
ok 715 - single compiled: invalid Format is rejected before replacing a live binding
  ---
  duration_ms: 0.243702
  type: 'test'
  ...
# Subtest: single compiled: invalid Trigger is rejected before replacing a live binding
ok 716 - single compiled: invalid Trigger is rejected before replacing a live binding
  ---
  duration_ms: 0.234486
  type: 'test'
  ...
# Subtest: single compiled: disposed targets reject binding without retaining source subscriptions
ok 717 - single compiled: disposed targets reject binding without retaining source subscriptions
  ---
  duration_ms: 0.084476
  type: 'test'
  ...
# Subtest: startup: two workers receive one compilation over distinct original ports
ok 718 - startup: two workers receive one compilation over distinct original ports
  ---
  duration_ms: 42.95846
  type: 'test'
  ...
# Subtest: startup: a renderer restart gets a fresh port without downloading again
ok 719 - startup: a renderer restart gets a fresh port without downloading again
  ---
  duration_ms: 5.298599
  type: 'test'
  ...
# Subtest: startup: module readiness before the request does not drop the delivery
ok 720 - startup: module readiness before the request does not drop the delivery
  ---
  duration_ms: 4.593095
  type: 'test'
  ...
# Subtest: startup: pending compilation is delivered after an early request
ok 721 - startup: pending compilation is delivered after an early request
  ---
  duration_ms: 4.723421
  type: 'test'
  ...
# Subtest: startup: compilation failures reject every waiting worker and permit a retry
ok 722 - startup: compilation failures reject every waiting worker and permit a retry
  ---
  duration_ms: 3.500974
  type: 'test'
  ...
# Subtest: startup: disposal settles waiters, closes ports, and ignores late compilation
ok 723 - startup: disposal settles waiters, closes ports, and ignores late compilation
  ---
  duration_ms: 6.494444
  type: 'test'
  ...
# Subtest: startup: invalid prepared modules reject through the protocol without stranded source ports
ok 724 - startup: invalid prepared modules reject through the protocol without stranded source ports
  ---
  duration_ms: 0.829025
  type: 'test'
  ...
# Subtest: startup: caller timeout bounds both request and preparation lifetimes
ok 725 - startup: caller timeout bounds both request and preparation lifetimes
  ---
  duration_ms: 21.457204
  type: 'test'
  ...
# Subtest: startup: explicit clone fallback acknowledges local compilation
ok 726 - startup: explicit clone fallback acknowledges local compilation
  ---
  duration_ms: 0.852221
  type: 'test'
  ...
# Subtest: startup: agent-cluster messageerror falls back without sharing native state
ok 727 - startup: agent-cluster messageerror falls back without sharing native state
  ---
  duration_ms: 0.472804
  type: 'test'
  ...
# Subtest: startup: malformed protocol, missing port and invalid timeouts reject
ok 728 - startup: malformed protocol, missing port and invalid timeouts reject
  ---
  duration_ms: 1.009718
  type: 'test'
  ...
# Subtest: startup: duplicate worker requests never produce duplicate module deliveries
ok 729 - startup: duplicate worker requests never produce duplicate module deliveries
  ---
  duration_ms: 5.224052
  type: 'test'
  ...
# Subtest: startup: moved browser service classes preserve public constructor identity
ok 730 - startup: moved browser service classes preserve public constructor identity
  ---
  duration_ms: 390.738164
  type: 'test'
  ...
# Subtest: startup: default catalog entry has no eager application or graphics import
ok 731 - startup: default catalog entry has no eager application or graphics import
  ---
  duration_ms: 2.599857
  type: 'test'
  ...
# Subtest: startup: lazy AOT inventory loads only MainView eagerly and preserves all original builders
ok 732 - startup: lazy AOT inventory loads only MainView eagerly and preserves all original builders
  ---
  duration_ms: 102.740055
  type: 'test'
  ...
# Subtest: startup: newer navigation wins even when an earlier AOT module resolves last
ok 733 - startup: newer navigation wins even when an earlier AOT module resolves last
  ---
  duration_ms: 237.611006
  type: 'test'
  ...
# Subtest: startup: Home invalidates a pending route and suppresses its late import failure
ok 734 - startup: Home invalidates a pending route and suppresses its late import failure
  ---
  duration_ms: 131.117144
  type: 'test'
  ...
# Subtest: submission fence resolves its captured frame while a newer animation batch is in flight
ok 735 - submission fence resolves its captured frame while a newer animation batch is in flight
  ---
  duration_ms: 9.887031
  type: 'test'
  ...
# Subtest: submission fence includes backpressured work but never chases later revisions
ok 736 - submission fence includes backpressured work but never chases later revisions
  ---
  duration_ms: 2.012332
  type: 'test'
  ...
# Subtest: submission fences retain independent targets across multiple callers
ok 737 - submission fences retain independent targets across multiple callers
  ---
  duration_ms: 1.753648
  type: 'test'
  ...
# Subtest: semantic no-op capture waits for submission of the acknowledged transaction, not another frame
ok 738 - semantic no-op capture waits for submission of the acknowledged transaction, not another frame
  ---
  duration_ms: 9.145769
  type: 'test'
  ...
# Subtest: submission notification before processed acknowledgement can complete a prepared fence
ok 739 - submission notification before processed acknowledgement can complete a prepared fence
  ---
  duration_ms: 1.495456
  type: 'test'
  ...
# Subtest: hidden submission is requested only for processed work and coalesces outstanding fences
ok 740 - hidden submission is requested only for processed work and coalesces outstanding fences
  ---
  duration_ms: 1.595517
  type: 'test'
  ...
# Subtest: stale generation submissions cannot satisfy current fences
ok 741 - stale generation submissions cannot satisfy current fences
  ---
  duration_ms: 1.176769
  type: 'test'
  ...
# Subtest: renderer failure rejects all pending fences and releases their queue slots
ok 742 - renderer failure rejects all pending fences and releases their queue slots
  ---
  duration_ms: 1.970274
  type: 'test'
  ...
# Subtest: submission fence timeout releases its queue slot
ok 743 - submission fence timeout releases its queue slot
  ---
  duration_ms: 10.379869
  type: 'test'
  ...
# Subtest: submission fence queue remains bounded without abandoning its existing caller
ok 744 - submission fence queue remains bounded without abandoning its existing caller
  ---
  duration_ms: 0.96425
  type: 'test'
  ...
# Subtest: restart during initialization rejects a flush of the previous generation
ok 745 - restart during initialization rejects a flush of the previous generation
  ---
  duration_ms: 0.37741
  type: 'test'
  ...
# Subtest: old hidden-render rejection cannot poison or unlock a restarted renderer
ok 746 - old hidden-render rejection cannot poison or unlock a restarted renderer
  ---
  duration_ms: 1.061406
  type: 'test'
  ...
# Subtest: TableView is a ListBox with live read-only Binding definitions and actual cell controls
ok 747 - TableView is a ListBox with live read-only Binding definitions and actual cell controls
  ---
  duration_ms: 26.307934
  type: 'test'
  ...
# Subtest: TableView XAML assigns Binding rather than evaluating on the column DataContext
ok 748 - TableView XAML assigns Binding rather than evaluating on the column DataContext
  ---
  duration_ms: 13.690767
  type: 'test'
  ...
# Subtest: TableView CellTemplate receives row data and takes precedence over Binding
ok 749 - TableView CellTemplate receives row data and takes precedence over Binding
  ---
  duration_ms: 6.355602
  type: 'test'
  ...
# Subtest: TableView rejects duplicate or cross-owned columns before mutating collections
ok 750 - TableView rejects duplicate or cross-owned columns before mutating collections
  ---
  duration_ms: 4.771084
  type: 'test'
  ...
# Subtest: TableView star, auto, pixel and constrained column widths share one row/header layout
ok 751 - TableView star, auto, pixel and constrained column widths share one row/header layout
  ---
  duration_ms: 10.688712
  type: 'test'
  ...
# Subtest: TableView 10,000 rows recycle real cell containers and release stale bindings
ok 752 - TableView 10,000 rows recycle real cell containers and release stale bindings
  ---
  duration_ms: 102.609343
  type: 'test'
  ...
# Subtest: TableView checkbox cell subscriptions and controls are disposed when recycled
ok 753 - TableView checkbox cell subscriptions and controls are disposed when recycled
  ---
  duration_ms: 3.703962
  type: 'test'
  ...
# Subtest: TableView header click sorting preserves selection identity and can be cancelled
ok 754 - TableView header click sorting preserves selection identity and can be cancelled
  ---
  duration_ms: 24.649037
  type: 'test'
  ...
# Subtest: TableView nullable resize override respects owning table changes
ok 755 - TableView nullable resize override respects owning table changes
  ---
  duration_ms: 5.414631
  type: 'test'
  ...
# Subtest: grapheme boundaries preserve emoji ZWJ, combining marks, flags and CRLF
ok 756 - grapheme boundaries preserve emoji ZWJ, combining marks, flags and CRLF
  ---
  duration_ms: 1.88249
  type: 'test'
  ...
# Subtest: TextBox deletes complete graphemes and enforces MaxLength without lone surrogates
ok 757 - TextBox deletes complete graphemes and enforces MaxLength without lone surrogates
  ---
  duration_ms: 6.274163
  type: 'test'
  ...
# Subtest: a native IME composition is a single undo/redo transaction
ok 758 - a native IME composition is a single undo/redo transaction
  ---
  duration_ms: 1.528625
  type: 'test'
  ...
# Subtest: password masking maps visual caret positions to original UTF-16 boundaries and supports reveal
ok 759 - password masking maps visual caret positions to original UTF-16 boundaries and supports reveal
  ---
  duration_ms: 3.238501
  type: 'test'
  ...
# Subtest: fallback line breaking retains source indices across CRLF and never truncates a grapheme
ok 760 - fallback line breaking retains source indices across CRLF and never truncates a grapheme
  ---
  duration_ms: 2.581495
  type: 'test'
  ...
# Subtest: rich inline ownership, inheritance, dynamic invalidation and XAML loading are functional
ok 761 - rich inline ownership, inheritance, dynamic invalidation and XAML loading are functional
  ---
  duration_ms: 13.088825
  type: 'test'
  ...
# Subtest: native SkParagraph shapes ligatures, Arabic and mixed-direction text with cluster hit testing
ok 762 - native SkParagraph shapes ligatures, Arabic and mixed-direction text with cluster hit testing
  ---
  duration_ms: 58.92671
  type: 'test'
  ...
# Subtest: native rich paragraph rendering uses per-run sizes, colors, wrapping and source indices
ok 763 - native rich paragraph rendering uses per-run sizes, colors, wrapping and source indices
  ---
  duration_ms: 26.261114
  type: 'test'
  ...
# Subtest: native paragraph cache eviction cannot invalidate a retained TextLayout
ok 764 - native paragraph cache eviction cannot invalidate a retained TextLayout
  ---
  duration_ms: 12.209898
  type: 'test'
  ...
# Subtest: inline UI containers participate in native text layout, visual arrangement and hit testing
ok 765 - inline UI containers participate in native text layout, visual arrangement and hit testing
  ---
  duration_ms: 6.758228
  type: 'test'
  ...
# Subtest: TextFormatter consumes source runs, preserves CRLF indices, and returns line-break continuations
ok 766 - TextFormatter consumes source runs, preserves CRLF indices, and returns line-break continuations
  ---
  duration_ms: 8.158035
  type: 'test'
  ...
# Subtest: wrapped formatter lines reuse a paragraph rather than rereading and reshaping the source
ok 767 - wrapped formatter lines reuse a paragraph rather than rereading and reshaping the source
  ---
  duration_ms: 1.199221
  type: 'test'
  ...
# Subtest: source run styles survive formatting and drawing records
ok 768 - source run styles survive formatting and drawing records
  ---
  duration_ms: 0.754172
  type: 'test'
  ...
# Subtest: TextLine caret navigation is UTF-16-indexed and grapheme safe
ok 769 - TextLine caret navigation is UTF-16-indexed and grapheme safe
  ---
  duration_ms: 4.415257
  type: 'test'
  ...
# Subtest: formatter rejects non-advancing runs and oversized paragraphs
ok 770 - formatter rejects non-advancing runs and oversized paragraphs
  ---
  duration_ms: 0.727058
  type: 'test'
  ...
# Subtest: TextLine collapse and interword justification are executable layout operations
ok 771 - TextLine collapse and interword justification are executable layout operations
  ---
  duration_ms: 1.231569
  type: 'test'
  ...
# Subtest: repeated TextBlock rendering retains the same layout without measuring
ok 772 - repeated TextBlock rendering retains the same layout without measuring
  ---
  duration_ms: 6.806997
  type: 'test'
  ...
# Subtest: TextBlock invalidates retained layout for shaping properties, width and inline changes
ok 773 - TextBlock invalidates retained layout for shaping properties, width and inline changes
  ---
  duration_ms: 3.226869
  type: 'test'
  ...
# Subtest: in-place foreground brush changes invalidate native descriptor snapshots
ok 774 - in-place foreground brush changes invalidate native descriptor snapshots
  ---
  duration_ms: 0.698488
  type: 'test'
  ...
# Subtest: text service generations invalidate retained layouts after font changes
ok 775 - text service generations invalidate retained layouts after font changes
  ---
  duration_ms: 0.431098
  type: 'test'
  ...
# Subtest: Control.DrawText retains bounded label layouts and respects mutable brush colors
ok 776 - Control.DrawText retains bounded label layouts and respects mutable brush colors
  ---
  duration_ms: 1.387434
  type: 'test'
  ...
# Subtest: text editor does not rebuild layout on caret or selection changes
ok 777 - text editor does not rebuild layout on caret or selection changes
  ---
  duration_ms: 5.657398
  type: 'test'
  ...
# Subtest: password layout reuse refreshes the logical mapping when equal-length masks hide different clusters
ok 778 - password layout reuse refreshes the logical mapping when equal-length masks hide different clusters
  ---
  duration_ms: 1.965964
  type: 'test'
  ...
# Subtest: grapheme cache is immutable, bounded, and does not expose text in diagnostics
ok 779 - grapheme cache is immutable, bounded, and does not expose text in diagnostics
  ---
  duration_ms: 3.091834
  type: 'test'
  ...
# Subtest: fallback caret hit testing uses logarithmic prefix measurements and reuses them
ok 780 - fallback caret hit testing uses logarithmic prefix measurements and reuses them
  ---
  duration_ms: 53.426838
  type: 'test'
  ...
# Subtest: negative letter spacing retains a non-monotonic fallback hit-test path
ok 781 - negative letter spacing retains a non-monotonic fallback hit-test path
  ---
  duration_ms: 0.568285
  type: 'test'
  ...
# Subtest: provider registrations restore the previous provider after out-of-order disposal
ok 782 - provider registrations restore the previous provider after out-of-order disposal
  ---
  duration_ms: 0.225241
  type: 'test'
  ...
# Subtest: font stretch and letter spacing survive XAML property conversion
ok 783 - font stretch and letter spacing survive XAML property conversion
  ---
  duration_ms: 11.303254
  type: 'test'
  ...
# Subtest: text raster plan includes italic overhang and unusually tall combining-mark ink
ok 784 - text raster plan includes italic overhang and unusually tall combining-mark ink
  ---
  duration_ms: 0.300122
  type: 'test'
  ...
# Subtest: text tiles cover large lines exactly without requiring an oversized canvas
ok 785 - text tiles cover large lines exactly without requiring an oversized canvas
  ---
  duration_ms: 0.517542
  type: 'test'
  ...
# Subtest: device-phase raster destinations land on the original physical pixel grid
ok 786 - device-phase raster destinations land on the original physical pixel grid
  ---
  duration_ms: 0.31457
  type: 'test'
  ...
# Subtest: rotated or sheared text uses the largest affine stretch rather than device DPR alone
ok 787 - rotated or sheared text uses the largest affine stretch rather than device DPR alone
  ---
  duration_ms: 0.089963
  type: 'test'
  ...
# Subtest: invalid raster sizes fail explicitly before allocation
ok 788 - invalid raster sizes fail explicitly before allocation
  ---
  duration_ms: 0.12875
  type: 'test'
  ...
# Subtest: wide fallback paragraph wrapping searches break candidates instead of every prefix
ok 789 - wide fallback paragraph wrapping searches break candidates instead of every prefix
  ---
  duration_ms: 68.81607
  type: 'test'
  ...
# Subtest: fallback ellipsis binary search never splits a grapheme and avoids a quadratic scan
ok 790 - fallback ellipsis binary search never splits a grapheme and avoids a quadratic scan
  ---
  duration_ms: 15.031932
  type: 'test'
  ...
# Subtest: WrapWithOverflow preserves an unbreakable word while Wrap can split it
ok 791 - WrapWithOverflow preserves an unbreakable word while Wrap can split it
  ---
  duration_ms: 2.584669
  type: 'test'
  ...
# Subtest: font metrics establish stable baselines; combining ink does not move line spacing
ok 792 - font metrics establish stable baselines; combining ink does not move line spacing
  ---
  duration_ms: 2.143784
  type: 'test'
  ...
# Subtest: viewport and caret line lookup are logarithmic for a 10000-line document
ok 793 - viewport and caret line lookup are logarithmic for a 10000-line document
  ---
  duration_ms: 23.687803
  type: 'test'
  ...
# Subtest: line aggregation handles documents beyond the JavaScript argument-count limit
ok 794 - line aggregation handles documents beyond the JavaScript argument-count limit
  ---
  duration_ms: 117.42601
  type: 'test'
  ...
# Subtest: MaxLines stops shaping invisible paragraphs after one overflow sentinel
ok 795 - MaxLines stops shaping invisible paragraphs after one overflow sentinel
  ---
  duration_ms: 0.345484
  type: 'test'
  ...
# Subtest: MaxLines with wrapped overflow still marks and fits the ellipsis
ok 796 - MaxLines with wrapped overflow still marks and fits the ellipsis
  ---
  duration_ms: 9.165432
  type: 'test'
  ...
# Subtest: FormattedText retains a borrowed layout and invalidates on brush/font/width changes
ok 797 - FormattedText retains a borrowed layout and invalidates on brush/font/width changes
  ---
  duration_ms: 7.688734
  type: 'test'
  ...
# Subtest: uncacheable rich/feature descriptors still have bounded layout ownership
ok 798 - uncacheable rich/feature descriptors still have bounded layout ownership
  ---
  duration_ms: 0.825326
  type: 'test'
  ...
# Subtest: z-order snapshots are reused and invalidate for values, add/remove and public reorder
ok 799 - z-order snapshots are reused and invalidate for values, add/remove and public reorder
  ---
  duration_ms: 4.773443
  type: 'test'
  ...
# Subtest: typeface descriptors are retained and external mutations do not alter control properties
ok 800 - typeface descriptors are retained and external mutations do not alter control properties
  ---
  duration_ms: 0.782616
  type: 'test'
  ...
# Subtest: scrollbars expose correct automation role/range and automation changes scroll the owner
ok 801 - scrollbars expose correct automation role/range and automation changes scroll the owner
  ---
  duration_ms: 8.993232
  type: 'test'
  ...
# Subtest: wheel mode is sampled before delta values
ok 802 - wheel mode is sampled before delta values
  ---
  duration_ms: 1.577096
  type: 'test'
  ...
# Subtest: deep document caret positions segment only the touched line and preserve CRLF ties
ok 803 - deep document caret positions segment only the touched line and preserve CRLF ties
  ---
  duration_ms: 50.374158
  type: 'test'
  ...
# Subtest: FormattedText culture and disposed borrowed layouts invalidate safely
ok 804 - FormattedText culture and disposed borrowed layouts invalidate safely
  ---
  duration_ms: 0.430481
  type: 'test'
  ...
# Subtest: default scalar content updates retain the owned TextBlock presenter
ok 805 - default scalar content updates retain the owned TextBlock presenter
  ---
  duration_ms: 1.827617
  type: 'test'
  ...
# Subtest: implicit and explicit templates never inherit the default scalar presenter fast path
ok 806 - implicit and explicit templates never inherit the default scalar presenter fast path
  ---
  duration_ms: 4.288727
  type: 'test'
  ...
# Subtest: threading: binary round-trip retains UTF8, floating values, typed buffers and isolated ownership
ok 807 - threading: binary round-trip retains UTF8, floating values, typed buffers and isolated ownership
  ---
  duration_ms: 2.603878
  type: 'test'
  ...
# Subtest: threading: malformed protocol, cycles, dangerous keys and unsupported functions fail closed
ok 808 - threading: malformed protocol, cycles, dangerous keys and unsupported functions fail closed
  ---
  duration_ms: 0.821446
  type: 'test'
  ...
# Subtest: threading: buffer pool is byte bounded and never reuses transferred detached memory
ok 809 - threading: buffer pool is byte bounded and never reuses transferred detached memory
  ---
  duration_ms: 0.281621
  type: 'test'
  ...
# Subtest: threading: backpressure computes the next delta from acknowledged state, preserving prerequisite objects
ok 810 - threading: backpressure computes the next delta from acknowledged state, preserving prerequisite objects
  ---
  duration_ms: 0.578465
  type: 'test'
  ...
# Subtest: threading: clean scene capture does not call Control.Render and placement changes do not rerecord content
ok 811 - threading: clean scene capture does not call Control.Render and placement changes do not rerecord content
  ---
  duration_ms: 7.208489
  type: 'test'
  ...
# Subtest: threading: server applies a portable gradient/text scene without accessing UI controls
ok 812 - threading: server applies a portable gradient/text scene without accessing UI controls
  ---
  duration_ms: 11.046838
  type: 'test'
  ...
# Subtest: threading: invalid graph and sequence are rejected without changing the committed scene
ok 813 - threading: invalid graph and sequence are rejected without changing the committed scene
  ---
  duration_ms: 1.577013
  type: 'test'
  ...
# Subtest: threading: server materializes primitive visual defaults and ticks keyframes without UI access
ok 814 - threading: server materializes primitive visual defaults and ticks keyframes without UI access
  ---
  duration_ms: 6.238424
  type: 'test'
  ...
# Subtest: threading: all node arguments are prepared before scene mutation
ok 815 - threading: all node arguments are prepared before scene mutation
  ---
  duration_ms: 2.880714
  type: 'test'
  ...
# Subtest: threading: delta references cannot delete a still-live resource
ok 816 - threading: delta references cannot delete a still-live resource
  ---
  duration_ms: 1.653952
  type: 'test'
  ...
# Subtest: threading: an unrecorded composition mutation cannot receive an early processed acknowledgement
ok 817 - threading: an unrecorded composition mutation cannot receive an early processed acknowledgement
  ---
  duration_ms: 0.56982
  type: 'test'
  ...
# Subtest: threading: semantic projection emits incremental mutations and preserves node identity
ok 818 - threading: semantic projection emits incremental mutations and preserves node identity
  ---
  duration_ms: 0.393478
  type: 'test'
  ...
# Subtest: threading: control RPC transfers buffers and rejects unknown operations
ok 819 - threading: control RPC transfers buffers and rejects unknown operations
  ---
  duration_ms: 34.945033
  type: 'test'
  ...
# Subtest: threading: control RPC is bounded and rejects pending work on disposal
ok 820 - threading: control RPC is bounded and rejects pending work on disposal
  ---
  duration_ms: 0.396978
  type: 'test'
  ...
# Subtest: threading: ellipse replay preserves center and both radii without per-frame argument arrays
ok 821 - threading: ellipse replay preserves center and both radii without per-frame argument arrays
  ---
  duration_ms: 0.278023
  type: 'test'
  ...
# Subtest: threading: compositor scroll acknowledgement reconciles sequenced deltas once
ok 822 - threading: compositor scroll acknowledgement reconciles sequenced deltas once
  ---
  duration_ms: 0.689356
  type: 'test'
  ...
# Subtest: threading: virtual scroll coverage prevents speculative blank rows and rejects duplicate events
ok 823 - threading: virtual scroll coverage prevents speculative blank rows and rejects duplicate events
  ---
  duration_ms: 0.30151
  type: 'test'
  ...
# Subtest: threading: scroll fast path maps CSS delta modes and updates header and thumb transforms
ok 824 - threading: scroll fast path maps CSS delta modes and updates header and thumb transforms
  ---
  duration_ms: 0.283975
  type: 'test'
  ...
# Subtest: threading: scroll queues are bounded and removed policies cannot retain input
ok 825 - threading: scroll queues are bounded and removed policies cannot retain input
  ---
  duration_ms: 23.047913
  type: 'test'
  ...
# Subtest: threading: fast-scroll policy is explicit and excludes editor, rotated or animated content
ok 826 - threading: fast-scroll policy is explicit and excludes editor, rotated or animated content
  ---
  duration_ms: 12.560078
  type: 'test'
  ...
# Subtest: threading: custom worker messages are queued before connection and acknowledgement trims only consumed messages
ok 827 - threading: custom worker messages are queued before connection and acknowledgement trims only consumed messages
  ---
  duration_ms: 4.677159
  type: 'test'
  ...
# Subtest: threading: registered worker custom handler receives durable state and messages only on server
ok 828 - threading: registered worker custom handler receives durable state and messages only on server
  ---
  duration_ms: 13.382131
  type: 'test'
  ...
# Subtest: threading: a burst of pre-capture composition waits shares one bounded promise
ok 829 - threading: a burst of pre-capture composition waits shares one bounded promise
  ---
  duration_ms: 0.503467
  type: 'test'
  ...
# Subtest: threading: concurrent render RPCs are bounded after initialization and reject on failure
ok 830 - threading: concurrent render RPCs are bounded after initialization and reject on failure
  ---
  duration_ms: 3.669222
  type: 'test'
  ...
# Subtest: threading: clean off-tree VisualBrush retains every nested descendant and tracks changed ink
ok 831 - threading: clean off-tree VisualBrush retains every nested descendant and tracks changed ink
  ---
  duration_ms: 8.400651
  type: 'test'
  ...
# Subtest: property cache: repeated inherited reads do not resolve metadata or priorities again
ok 832 - property cache: repeated inherited reads do not resolve metadata or priorities again
  ---
  duration_ms: 12.507487
  type: 'test'
  ...
# Subtest: property cache: parent handlers immediately observe fresh descendant values
ok 833 - property cache: parent handlers immediately observe fresh descendant values
  ---
  duration_ms: 0.860821
  type: 'test'
  ...
# Subtest: property cache: reparent notifications see all newly inherited descendant properties
ok 834 - property cache: reparent notifications see all newly inherited descendant properties
  ---
  duration_ms: 3.473232
  type: 'test'
  ...
# Subtest: property cache: local shadows isolate their descendants and ClearValue reconnects inheritance
ok 835 - property cache: local shadows isolate their descendants and ClearValue reconnects inheritance
  ---
  duration_ms: 0.640536
  type: 'test'
  ...
# Subtest: property cache: priority removal, animation base values and same-priority order remain correct
ok 836 - property cache: priority removal, animation base values and same-priority order remain correct
  ---
  duration_ms: 0.545002
  type: 'test'
  ...
# Subtest: property cache: changing the order on an existing slot invalidates its winning entry
ok 837 - property cache: changing the order on an existing slot invalidates its winning entry
  ---
  duration_ms: 0.482158
  type: 'test'
  ...
# Subtest: property cache: observable bindings replace cached values and dispose without stale roots
ok 838 - property cache: observable bindings replace cached values and dispose without stale roots
  ---
  duration_ms: 1.235375
  type: 'test'
  ...
# Subtest: property cache: coerced values are never frozen, including through inherited nodes
ok 839 - property cache: coerced values are never frozen, including through inherited nodes
  ---
  duration_ms: 0.420832
  type: 'test'
  ...
# Subtest: property cache: direct getters continue to execute on every read
ok 840 - property cache: direct getters continue to execute on every read
  ---
  duration_ms: 0.355237
  type: 'test'
  ...
# Subtest: property cache: null, undefined, NaN and per-instance factories preserve value semantics
ok 841 - property cache: null, undefined, NaN and per-instance factories preserve value semantics
  ---
  duration_ms: 0.568774
  type: 'test'
  ...
# Subtest: property cache: metadata override invalidates already cached derived defaults
ok 842 - property cache: metadata override invalidates already cached derived defaults
  ---
  duration_ms: 0.235332
  type: 'test'
  ...
# Subtest: property cache: AddOwner and newly registered inherited properties invalidate lookup inventories
ok 843 - property cache: AddOwner and newly registered inherited properties invalidate lookup inventories
  ---
  duration_ms: 0.787838
  type: 'test'
  ...
# Subtest: property cache: metadata can disable inheritance for a derived node and its descendants
ok 844 - property cache: metadata can disable inheritance for a derived node and its descendants
  ---
  duration_ms: 0.806255
  type: 'test'
  ...
# Subtest: property cache: disposed objects release retained resolved entries and factories
ok 845 - property cache: disposed objects release retained resolved entries and factories
  ---
  duration_ms: 0.517007
  type: 'test'
  ...
# Subtest: layout: a batch of leaf arrange invalidations reaches the root only once
ok 846 - layout: a batch of leaf arrange invalidations reaches the root only once
  ---
  duration_ms: 9.066067
  type: 'test'
  ...
# Subtest: layout: a batch of leaf measure invalidations reaches the root only once
ok 847 - layout: a batch of leaf measure invalidations reaches the root only once
  ---
  duration_ms: 1.384656
  type: 'test'
  ...
# Subtest: layout: invalidation raised inside ArrangeOverride is not overwritten
ok 848 - layout: invalidation raised inside ArrangeOverride is not overwritten
  ---
  duration_ms: 1.737996
  type: 'test'
  ...
# Subtest: layout: identity-transform translations are cached but track bounds and nonidentity transforms
ok 849 - layout: identity-transform translations are cached but track bounds and nonidentity transforms
  ---
  duration_ms: 0.691097
  type: 'test'
  ...
# Subtest: table: steady-state disjoint viewport jumps keep row/cell/text visual identities attached
ok 850 - table: steady-state disjoint viewport jumps keep row/cell/text visual identities attached
  ---
  duration_ms: 101.802891
  type: 'test'
  ...
# Subtest: table: recycled scalar bindings unsubscribe old rows and observe their new row
ok 851 - table: recycled scalar bindings unsubscribe old rows and observe their new row
  ---
  duration_ms: 76.630957
  type: 'test'
  ...
# Subtest: table: visible-column cache updates for visibility, replacement and order changes
ok 852 - table: visible-column cache updates for visibility, replacement and order changes
  ---
  duration_ms: 33.806878
  type: 'test'
  ...
# Subtest: table: custom data templates still rebuild and dispose obsolete instances
ok 853 - table: custom data templates still rebuild and dispose obsolete instances
  ---
  duration_ms: 1.637757
  type: 'test'
  ...
# Subtest: render transform: caller mutation cannot poison a cached translation
ok 854 - render transform: caller mutation cannot poison a cached translation
  ---
  duration_ms: 0.277433
  type: 'test'
  ...
# Subtest: button command: parameter and CanExecute notifications invalidate automation state
ok 855 - button command: parameter and CanExecute notifications invalidate automation state
  ---
  duration_ms: 2.45815
  type: 'test'
  ...
# Subtest: editor: masking and read-only changes synchronize the existing native input without a text edit
ok 856 - editor: masking and read-only changes synchronize the existing native input without a text edit
  ---
  duration_ms: 4.716745
  type: 'test'
  ...
# Subtest: Avalonia text raster compatibility exports are the actual upstream functions
ok 857 - Avalonia text raster compatibility exports are the actual upstream functions
  ---
  duration_ms: 1.433893
  type: 'test'
  ...
# Subtest: text module matches the merged upstream Git blob and consumer pins that exact revision
ok 858 - text module matches the merged upstream Git blob and consumer pins that exact revision
  ---
  duration_ms: 5.562047
  type: 'test'
  ...
# Subtest: shared clipped text planning is proportional to the viewport, not line length
ok 859 - shared clipped text planning is proportional to the viewport, not line length
  ---
  duration_ms: 0.640619
  type: 'test'
  ...
# Subtest: worker native perf: device clips are reused through transform-only state changes
ok 860 - worker native perf: device clips are reused through transform-only state changes
  ---
  duration_ms: 22.229279
  type: 'test'
  ...
# Subtest: worker native perf: nested clip and layer changes refresh only at the relevant scope
ok 861 - worker native perf: nested clip and layer changes refresh only at the relevant scope
  ---
  duration_ms: 7.399055
  type: 'test'
  ...
# Subtest: worker native perf: direct native mutation is uncached by default and explicit invalidation is honored
ok 862 - worker native perf: direct native mutation is uncached by default and explicit invalidation is honored
  ---
  duration_ms: 0.655927
  type: 'test'
  ...
# Subtest: worker native perf: cached clip state preserves RGBA through transforms clips opacity geometry and effects
ok 863 - worker native perf: cached clip state preserves RGBA through transforms clips opacity geometry and effects
  ---
  duration_ms: 17.889592
  type: 'test'
  ...
# Subtest: worker perf: packet-local UTF8 dictionary eliminates repeated field and value encoding
ok 864 - worker perf: packet-local UTF8 dictionary eliminates repeated field and value encoding
  ---
  duration_ms: 19.099287
  type: 'test'
  ...
# Subtest: worker perf: string definitions encode into destination storage without temporary encode arrays
ok 865 - worker perf: string definitions encode into destination storage without temporary encode arrays
  ---
  duration_ms: 0.411603
  type: 'test'
  ...
# Subtest: worker perf: dictionary scope is one transaction including transfer-buffer reuse
ok 866 - worker perf: dictionary scope is one transaction including transfer-buffer reuse
  ---
  duration_ms: 0.324415
  type: 'test'
  ...
# Subtest: worker perf: strings preserve Unicode and standard lone-surrogate replacement
ok 867 - worker perf: strings preserve Unicode and standard lone-surrogate replacement
  ---
  duration_ms: 0.49662
  type: 'test'
  ...
# Subtest: worker perf: inline string encoding respects an exact small byte budget
ok 868 - worker perf: inline string encoding respects an exact small byte budget
  ---
  duration_ms: 0.694889
  type: 'test'
  ...
# Subtest: worker perf: invalid and forward dictionary references fail closed
ok 869 - worker perf: invalid and forward dictionary references fail closed
  ---
  duration_ms: 0.20692
  type: 'test'
  ...
# Subtest: worker perf: malformed UTF8 and truncated dictionary payloads fail closed
ok 870 - worker perf: malformed UTF8 and truncated dictionary payloads fail closed
  ---
  duration_ms: 0.276675
  type: 'test'
  ...
# Subtest: worker perf: v1 transaction reading remains available for recorded diagnostics
ok 871 - worker perf: v1 transaction reading remains available for recorded diagnostics
  ---
  duration_ms: 0.150084
  type: 'test'
  ...
# Subtest: worker perf: non-string reference identity is never shared by the dictionary
ok 872 - worker perf: non-string reference identity is never shared by the dictionary
  ---
  duration_ms: 0.404367
  type: 'test'
  ...
# Subtest: worker perf: deterministic nested Unicode/typed-array corpus roundtrips
ok 873 - worker perf: deterministic nested Unicode/typed-array corpus roundtrips
  ---
  duration_ms: 1.852537
  type: 'test'
  ...
# Subtest: worker perf: deeply repeated objects still respect nesting and key safety
ok 874 - worker perf: deeply repeated objects still respect nesting and key safety
  ---
  duration_ms: 6.292184
  type: 'test'
  ...
# Subtest: worker perf: placement-only patches omit retained drawing instructions and resource metadata
ok 875 - worker perf: placement-only patches omit retained drawing instructions and resource metadata
  ---
  duration_ms: 13.971372
  type: 'test'
  ...
# Subtest: worker perf: pending patches are rebased against ACK, not an intermediate desired state
ok 876 - worker perf: pending patches are rebased against ACK, not an intermediate desired state
  ---
  duration_ms: 0.411969
  type: 'test'
  ...
# Subtest: worker perf: patch rejects missing target without mutating scene
ok 877 - worker perf: patch rejects missing target without mutating scene
  ---
  duration_ms: 2.834377
  type: 'test'
  ...
# Subtest: worker perf: patch rejects Id replacement without mutating scene
ok 878 - worker perf: patch rejects Id replacement without mutating scene
  ---
  duration_ms: 2.430436
  type: 'test'
  ...
# Subtest: worker perf: patch rejects unknown field without mutating scene
ok 879 - worker perf: patch rejects unknown field without mutating scene
  ---
  duration_ms: 3.118374
  type: 'test'
  ...
# Subtest: worker perf: patch rejects prototype member without mutating scene
ok 880 - worker perf: patch rejects prototype member without mutating scene
  ---
  duration_ms: 2.606762
  type: 'test'
  ...
# Subtest: worker perf: conflicting patch/remove operations and patches in full snapshots are rejected
ok 881 - worker perf: conflicting patch/remove operations and patches in full snapshots are rejected
  ---
  duration_ms: 2.149784
  type: 'test'
  ...
# Subtest: worker perf: patched commands are checked even when content revision is unchanged
ok 882 - worker perf: patched commands are checked even when content revision is unchanged
  ---
  duration_ms: 2.816459
  type: 'test'
  ...
# Subtest: worker perf: changed native descriptors fail before committed state is replaced
ok 883 - worker perf: changed native descriptors fail before committed state is replaced
  ---
  duration_ms: 2.126125
  type: 'test'
  ...
# Subtest: worker perf: removal revalidates cached references of untouched display lists
ok 884 - worker perf: removal revalidates cached references of untouched display lists
  ---
  duration_ms: 2.271211
  type: 'test'
  ...
# Subtest: worker perf: placement-only transaction does not repeat graph validation
ok 885 - worker perf: placement-only transaction does not repeat graph validation
  ---
  duration_ms: 2.409269
  type: 'test'
  ...
# Subtest: worker perf: cached descriptors are immutable, including nested clip arrays
ok 886 - worker perf: cached descriptors are immutable, including nested clip arrays
  ---
  duration_ms: 1.419473
  type: 'test'
  ...
# Subtest: worker perf: cycle inserted by a patch is rejected after prior topology was cached
ok 887 - worker perf: cycle inserted by a patch is rejected after prior topology was cached
  ---
  duration_ms: 1.701319
  type: 'test'
  ...
# Subtest: worker perf: actual resource references participate in cycle checks even without declared Depends
ok 888 - worker perf: actual resource references participate in cycle checks even without declared Depends
  ---
  duration_ms: 2.539171
  type: 'test'
  ...
# Subtest: worker perf: retained reference summaries handle deep shared descriptors without rescanning
ok 889 - worker perf: retained reference summaries handle deep shared descriptors without rescanning
  ---
  duration_ms: 6.074191
  type: 'test'
  ...
# Subtest: worker perf: off-tree VisualBrush in a TEXT RESOURCE stays live and invalidates independently
ok 890 - worker perf: off-tree VisualBrush in a TEXT RESOURCE stays live and invalidates independently
  ---
  duration_ms: 3.059496
  type: 'test'
  ...
# Subtest: worker perf: equal independent text layouts share one immutable resource
ok 891 - worker perf: equal independent text layouts share one immutable resource
  ---
  duration_ms: 0.369825
  type: 'test'
  ...
# Subtest: worker perf: text resource interning preserves width, color, typeface and spacing differences
ok 892 - worker perf: text resource interning preserves width, color, typeface and spacing differences
  ---
  duration_ms: 1.250002
  type: 'test'
  ...
# Subtest: worker perf: one shared-resource owner changing revision cannot overwrite another owner
ok 893 - worker perf: one shared-resource owner changing revision cannot overwrite another owner
  ---
  duration_ms: 0.309196
  type: 'test'
  ...
# Subtest: worker perf: shared text is retained until its last visible consumer is gone
ok 894 - worker perf: shared text is retained until its last visible consumer is gone
  ---
  duration_ms: 4.460501
  type: 'test'
  ...
# Subtest: worker perf: no-editor acknowledgement traffic is suppressed but focus/editor updates are not
ok 895 - worker perf: no-editor acknowledgement traffic is suppressed but focus/editor updates are not
  ---
  duration_ms: 1.763819
  type: 'test'
  ...
# Subtest: worker perf: key/focus event forwarding does not force a canvas layout read
ok 896 - worker perf: key/focus event forwarding does not force a canvas layout read
  ---
  duration_ms: 0.364191
  type: 'test'
  ...
# Subtest: worker perf: submitted/frame duplicate notification projects state once but acknowledges credit
ok 897 - worker perf: submitted/frame duplicate notification projects state once but acknowledges credit
  ---
  duration_ms: 0.679601
  type: 'test'
  ...
# Subtest: worker perf: exact identity transforms skip native state operations without losing ink
ok 898 - worker perf: exact identity transforms skip native state operations without losing ink
  ---
  duration_ms: 1.948262
  type: 'test'
  ...
# Subtest: bootstrap installs message handler synchronously without importing the runtime
ok 899 - bootstrap installs message handler synchronously without importing the runtime
  ---
  duration_ms: 1.09823
  type: 'test'
  ...
# Subtest: bootstrap owns the original transferred objects before top-level await resolves
ok 900 - bootstrap owns the original transferred objects before top-level await resolves
  ---
  duration_ms: 12.865523
  type: 'test'
  ...
# Subtest: duplicate initialize is ignored while graph is suspended and after ready
ok 901 - duplicate initialize is ignored while graph is suspended and after ready
  ---
  duration_ms: 0.623388
  type: 'test'
  ...
# Subtest: non-initialization messages do not trigger graph import or allocate a queue
ok 902 - non-initialization messages do not trigger graph import or allocate a queue
  ---
  duration_ms: 0.585152
  type: 'test'
  ...
# Subtest: bootstrap reports sync-import and closes instead of timing out
ok 903 - bootstrap reports sync-import and closes instead of timing out
  ---
  duration_ms: 1.005093
  type: 'test'
  ...
# Subtest: bootstrap reports async-import and closes instead of timing out
ok 904 - bootstrap reports async-import and closes instead of timing out
  ---
  duration_ms: 3.667726
  type: 'test'
  ...
# Subtest: bootstrap reports missing-export and closes instead of timing out
ok 905 - bootstrap reports missing-export and closes instead of timing out
  ---
  duration_ms: 0.536478
  type: 'test'
  ...
# Subtest: bootstrap reports entry-rejection and closes instead of timing out
ok 906 - bootstrap reports entry-rejection and closes instead of timing out
  ---
  duration_ms: 0.592598
  type: 'test'
  ...
# Subtest: startup stage notifications remain ordered while the entry is awaiting work
ok 907 - startup stage notifications remain ordered while the entry is awaiting work
  ---
  duration_ms: 2.122725
  type: 'test'
  ...
# Subtest: production entry generation embeds bootstrap instead of statically importing asynchronous dependencies
ok 908 - production entry generation embeds bootstrap instead of statically importing asynchronous dependencies
  ---
  duration_ms: 2.30407
  type: 'test'
  ...
# Subtest: render-worker bootstrap failure does not attempt to reuse or retransfer its canvas
ok 909 - render-worker bootstrap failure does not attempt to reuse or retransfer its canvas
  ---
  duration_ms: 2.670086
  type: 'test'
  ...
# Subtest: disposing a not-yet-ready renderer settles initialization instead of leaving a pending promise
ok 910 - disposing a not-yet-ready renderer settles initialization instead of leaving a pending promise
  ---
  duration_ms: 1.074121
  type: 'test'
  ...
# Subtest: XAML explicit constructor overloads preserve argument types in runtime and direct AOT
ok 911 - XAML explicit constructor overloads preserve argument types in runtime and direct AOT
  ---
  duration_ms: 26.879231
  type: 'test'
  ...
# Subtest: XAML registered factories receive optional and variadic arguments without eval
ok 912 - XAML registered factories receive optional and variadic arguments without eval
  ---
  duration_ms: 9.012367
  type: 'test'
  ...
# Subtest: XAML generic factories cache closed types and typed arrays reject incompatible elements
ok 913 - XAML generic factories cache closed types and typed arrays reject incompatible elements
  ---
  duration_ms: 22.986002
  type: 'test'
  ...
# Subtest: XAML array resources remain keyed and nested object arguments do not become RootObject
ok 914 - XAML array resources remain keyed and nested object arguments do not become RootObject
  ---
  duration_ms: 8.567357
  type: 'test'
  ...
# Subtest: XAML failure disposes constructed objects once in both execution paths
ok 915 - XAML failure disposes constructed objects once in both execution paths
  ---
  duration_ms: 4.103285
  type: 'test'
  ...
# Subtest: overload ambiguity, nullability and numeric validation are explicit
ok 916 - overload ambiguity, nullability and numeric validation are explicit
  ---
  duration_ms: 1.485346
  type: 'test'
  ...
# Subtest: XAML duplicate constructor directives and missing generic arity fail before silent defaults
ok 917 - XAML duplicate constructor directives and missing generic arity fail before silent defaults
  ---
  duration_ms: 1.292122
  type: 'test'
  ...
# Subtest: namespace runtime/AOT false: attached binding and worker pixels at 1x
ok 918 - namespace runtime/AOT false: attached binding and worker pixels at 1x
  ---
  duration_ms: 56.544443
  type: 'test'
  ...
# Subtest: namespace runtime/AOT false: attached binding and worker pixels at 1.25x
ok 919 - namespace runtime/AOT false: attached binding and worker pixels at 1.25x
  ---
  duration_ms: 19.110221
  type: 'test'
  ...
# Subtest: namespace runtime/AOT false: attached binding and worker pixels at 1.5x
ok 920 - namespace runtime/AOT false: attached binding and worker pixels at 1.5x
  ---
  duration_ms: 21.375806
  type: 'test'
  ...
# Subtest: namespace runtime/AOT false: attached binding and worker pixels at 2x
ok 921 - namespace runtime/AOT false: attached binding and worker pixels at 2x
  ---
  duration_ms: 26.038445
  type: 'test'
  ...
# Subtest: namespace runtime/AOT false: attached binding and worker pixels at 3x
ok 922 - namespace runtime/AOT false: attached binding and worker pixels at 3x
  ---
  duration_ms: 52.59563
  type: 'test'
  ...
# Subtest: namespace runtime/AOT true: attached binding and worker pixels at 1x
ok 923 - namespace runtime/AOT true: attached binding and worker pixels at 1x
  ---
  duration_ms: 13.05662
  type: 'test'
  ...
# Subtest: namespace runtime/AOT true: attached binding and worker pixels at 1.25x
ok 924 - namespace runtime/AOT true: attached binding and worker pixels at 1.25x
  ---
  duration_ms: 18.420984
  type: 'test'
  ...
# Subtest: namespace runtime/AOT true: attached binding and worker pixels at 1.5x
ok 925 - namespace runtime/AOT true: attached binding and worker pixels at 1.5x
  ---
  duration_ms: 16.313775
  type: 'test'
  ...
# Subtest: namespace runtime/AOT true: attached binding and worker pixels at 2x
ok 926 - namespace runtime/AOT true: attached binding and worker pixels at 2x
  ---
  duration_ms: 37.562049
  type: 'test'
  ...
# Subtest: namespace runtime/AOT true: attached binding and worker pixels at 3x
ok 927 - namespace runtime/AOT true: attached binding and worker pixels at 3x
  ---
  duration_ms: 44.660819
  type: 'test'
  ...
# Subtest: runtime Ignorable drops attributes and complete subtrees before extension parsing
ok 928 - runtime Ignorable drops attributes and complete subtrees before extension parsing
  ---
  duration_ms: 9.129886
  type: 'test'
  ...
# Subtest: runtime Ignorable is URI based when a child rebinds the lexical prefix
ok 929 - runtime Ignorable is URI based when a child rebinds the lexical prefix
  ---
  duration_ms: 2.992769
  type: 'test'
  ...
# Subtest: runtime local Ignorable does not leak across empty or nonempty sibling elements
ok 930 - runtime local Ignorable does not leak across empty or nonempty sibling elements
  ---
  duration_ms: 2.268244
  type: 'test'
  ...
# Subtest: runtime mapped ignorable namespaces are understood and lexical extension aliases are mapped
ok 931 - runtime mapped ignorable namespaces are understood and lexical extension aliases are mapped
  ---
  duration_ms: 1.789366
  type: 'test'
  ...
# Subtest: runtime namespaced attached members resolve the specified owner, not its default-namespace homonym
ok 932 - runtime namespaced attached members resolve the specified owner, not its default-namespace homonym
  ---
  duration_ms: 1.465981
  type: 'test'
  ...
# Subtest: runtime namespaced property elements provide the correct actual target property to extensions
ok 933 - runtime namespaced property elements provide the correct actual target property to extensions
  ---
  duration_ms: 1.368956
  type: 'test'
  ...
# Subtest: runtime unknown nonignorable attributes cannot masquerade as local properties or events
ok 934 - runtime unknown nonignorable attributes cannot masquerade as local properties or events
  ---
  duration_ms: 1.68161
  type: 'test'
  ...
# Subtest: runtime namespace mappings survive deferred template construction and binding updates
ok 935 - runtime namespace mappings survive deferred template construction and binding updates
  ---
  duration_ms: 4.157248
  type: 'test'
  ...
# Subtest: runtime XML attribute normalization preserves character references and xml:space text
ok 936 - runtime XML attribute normalization preserves character references and xml:space text
  ---
  duration_ms: 1.067483
  type: 'test'
  ...
# Subtest: runtime ignored content never runs registered constructors or captures names
ok 937 - runtime ignored content never runs registered constructors or captures names
  ---
  duration_ms: 1.94246
  type: 'test'
  ...
# Subtest: AOT Ignorable drops attributes and complete subtrees before extension parsing
ok 938 - AOT Ignorable drops attributes and complete subtrees before extension parsing
  ---
  duration_ms: 11.838029
  type: 'test'
  ...
# Subtest: AOT Ignorable is URI based when a child rebinds the lexical prefix
ok 939 - AOT Ignorable is URI based when a child rebinds the lexical prefix
  ---
  duration_ms: 3.204325
  type: 'test'
  ...
# Subtest: AOT local Ignorable does not leak across empty or nonempty sibling elements
ok 940 - AOT local Ignorable does not leak across empty or nonempty sibling elements
  ---
  duration_ms: 3.145453
  type: 'test'
  ...
# Subtest: AOT mapped ignorable namespaces are understood and lexical extension aliases are mapped
ok 941 - AOT mapped ignorable namespaces are understood and lexical extension aliases are mapped
  ---
  duration_ms: 2.47093
  type: 'test'
  ...
# Subtest: AOT namespaced attached members resolve the specified owner, not its default-namespace homonym
ok 942 - AOT namespaced attached members resolve the specified owner, not its default-namespace homonym
  ---
  duration_ms: 2.293392
  type: 'test'
  ...
# Subtest: AOT namespaced property elements provide the correct actual target property to extensions
ok 943 - AOT namespaced property elements provide the correct actual target property to extensions
  ---
  duration_ms: 3.585966
  type: 'test'
  ...
# Subtest: AOT unknown nonignorable attributes cannot masquerade as local properties or events
ok 944 - AOT unknown nonignorable attributes cannot masquerade as local properties or events
  ---
  duration_ms: 9.028478
  type: 'test'
  ...
# Subtest: AOT namespace mappings survive deferred template construction and binding updates
ok 945 - AOT namespace mappings survive deferred template construction and binding updates
  ---
  duration_ms: 6.546246
  type: 'test'
  ...
# Subtest: AOT XML attribute normalization preserves character references and xml:space text
ok 946 - AOT XML attribute normalization preserves character references and xml:space text
  ---
  duration_ms: 1.944253
  type: 'test'
  ...
# Subtest: AOT ignored content never runs registered constructors or captures names
ok 947 - AOT ignored content never runs registered constructors or captures names
  ---
  duration_ms: 2.337531
  type: 'test'
  ...
# Subtest: XDocumentXamlParser and settings expose upstream-compatible mapping names
ok 948 - XDocumentXamlParser and settings expose upstream-compatible mapping names
  ---
  duration_ms: 0.269208
  type: 'test'
  ...
# Subtest: namespace mapping is a single step, not transitive
ok 949 - namespace mapping is a single step, not transitive
  ---
  duration_ms: 0.085324
  type: 'test'
  ...
# Subtest: mapping to the same expanded attribute name is rejected before construction
ok 950 - mapping to the same expanded attribute name is rejected before construction
  ---
  duration_ms: 0.212463
  type: 'test'
  ...
# Subtest: namespace mappings are snapshotted per parse and do not mutate caller input
ok 951 - namespace mappings are snapshotted per parse and do not mutate caller input
  ---
  duration_ms: 0.081897
  type: 'test'
  ...
# Subtest: XML compatibility rejects undeclared Ignorable
ok 952 - XML compatibility rejects undeclared Ignorable
  ---
  duration_ms: 0.150073
  type: 'test'
  ...
# Subtest: XML compatibility rejects unsupported compatibility directive
ok 953 - XML compatibility rejects unsupported compatibility directive
  ---
  duration_ms: 0.079339
  type: 'test'
  ...
# Subtest: XML compatibility rejects unsupported AlternateContent
ok 954 - XML compatibility rejects unsupported AlternateContent
  ---
  duration_ms: 0.073691
  type: 'test'
  ...
# Subtest: XML compatibility rejects ignored XML remains well-formed
ok 955 - XML compatibility rejects ignored XML remains well-formed
  ---
  duration_ms: 0.115789
  type: 'test'
  ...
# Subtest: XML compatibility rejects ignored references remain valid
ok 956 - XML compatibility rejects ignored references remain valid
  ---
  duration_ms: 0.14845
  type: 'test'
  ...
# Subtest: XML compatibility rejects DTD still rejected
ok 957 - XML compatibility rejects DTD still rejected
  ---
  duration_ms: 0.045873
  type: 'test'
  ...
# Subtest: XML compatibility rejects reserved xml binding
ok 958 - XML compatibility rejects reserved xml binding
  ---
  duration_ms: 0.069312
  type: 'test'
  ...
# Subtest: XML compatibility rejects reserved xmlns binding
ok 959 - XML compatibility rejects reserved xmlns binding
  ---
  duration_ms: 0.061447
  type: 'test'
  ...
# Subtest: XML compatibility rejects XML URI alias
ok 960 - XML compatibility rejects XML URI alias
  ---
  duration_ms: 0.136469
  type: 'test'
  ...
# Subtest: XML compatibility rejects undeclared prefix
ok 961 - XML compatibility rejects undeclared prefix
  ---
  duration_ms: 0.086891
  type: 'test'
  ...
# Subtest: XML compatibility rejects empty prefix mapping
ok 962 - XML compatibility rejects empty prefix mapping
  ---
  duration_ms: 0.069647
  type: 'test'
  ...
# Subtest: XML compatibility rejects multiple colons
ok 963 - XML compatibility rejects multiple colons
  ---
  duration_ms: 0.051856
  type: 'test'
  ...
# Subtest: XML compatibility rejects empty local name
ok 964 - XML compatibility rejects empty local name
  ---
  duration_ms: 0.044594
  type: 'test'
  ...
# Subtest: XML compatibility rejects invalid local name
ok 965 - XML compatibility rejects invalid local name
  ---
  duration_ms: 0.046628
  type: 'test'
  ...
# Subtest: XML compatibility rejects unsafe prefix
ok 966 - XML compatibility rejects unsafe prefix
  ---
  duration_ms: 0.078842
  type: 'test'
  ...
# Subtest: XML compatibility rejects unescaped CDATA terminator
ok 967 - XML compatibility rejects unescaped CDATA terminator
  ---
  duration_ms: 0.071034
  type: 'test'
  ...
# Subtest: XML compatibility rejects invalid xml:space
ok 968 - XML compatibility rejects invalid xml:space
  ---
  duration_ms: 0.081636
  type: 'test'
  ...
# Subtest: XML compatibility rejects literal control character
ok 969 - XML compatibility rejects literal control character
  ---
  duration_ms: 0.047647
  type: 'test'
  ...
# Subtest: XML compatibility rejects literal isolated surrogate
ok 970 - XML compatibility rejects literal isolated surrogate
  ---
  duration_ms: 0.093384
  type: 'test'
  ...
# Subtest: XML compatibility rejects literal U+FFFE
ok 971 - XML compatibility rejects literal U+FFFE
  ---
  duration_ms: 0.06567
  type: 'test'
  ...
# Subtest: XML compatibility rejects invalid referenced U+FFFF
ok 972 - XML compatibility rejects invalid referenced U+FFFF
  ---
  duration_ms: 0.083341
  type: 'test'
  ...
# Subtest: XML compatibility rejects non-XML whitespace outside root
ok 973 - XML compatibility rejects non-XML whitespace outside root
  ---
  duration_ms: 0.04715
  type: 'test'
  ...
# Subtest: skipped descendants count against depth, node and character limits
ok 974 - skipped descendants count against depth, node and character limits
  ---
  duration_ms: 0.32952
  type: 'test'
  ...
# Subtest: XML normalization retains significant Unicode content and nested whitespace modes
ok 975 - XML normalization retains significant Unicode content and nested whitespace modes
  ---
  duration_ms: 3.092948
  type: 'test'
  ...
# Subtest: compatibility diagnostics keep source file and original element positions
ok 976 - compatibility diagnostics keep source file and original element positions
  ---
  duration_ms: 0.310676
  type: 'test'
  ...
# Subtest: invalid namespace mapping tables reject reserved namespaces without following a chain
ok 977 - invalid namespace mapping tables reject reserved namespaces without following a chain
  ---
  duration_ms: 0.388973
  type: 'test'
  ...
# Subtest: XML compatibility rejects adjacent attributes
ok 978 - XML compatibility rejects adjacent attributes
  ---
  duration_ms: 0.19624
  type: 'test'
  ...
# Subtest: XML compatibility rejects hexadecimal marker case
ok 979 - XML compatibility rejects hexadecimal marker case
  ---
  duration_ms: 0.080442
  type: 'test'
  ...
# Subtest: XML compatibility rejects CDATA outside root
ok 980 - XML compatibility rejects CDATA outside root
  ---
  duration_ms: 0.051292
  type: 'test'
  ...
# Subtest: an already ignored subtree does not evaluate inner compatibility directives
ok 981 - an already ignored subtree does not evaluate inner compatibility directives
  ---
  duration_ms: 0.180071
  type: 'test'
  ...
# Subtest: ordinary XAML takes the compatibility allocation fast path without cloning attributes or namespaces
ok 982 - ordinary XAML takes the compatibility allocation fast path without cloning attributes or namespaces
  ---
  duration_ms: 9.110001
  type: 'test'
  ...
# Subtest: runtime mapping preserves x:Type and prefixed attached members in nested lexical scopes
ok 983 - runtime mapping preserves x:Type and prefixed attached members in nested lexical scopes
  ---
  duration_ms: 0.976563
  type: 'test'
  ...
# Subtest: AOT mapping preserves x:Type and prefixed attached members in nested lexical scopes
ok 984 - AOT mapping preserves x:Type and prefixed attached members in nested lexical scopes
  ---
  duration_ms: 2.043248
  type: 'test'
  ...
# Subtest: namespace AOT fixture is the reproducible direct compiler output
ok 985 - namespace AOT fixture is the reproducible direct compiler output
  ---
  duration_ms: 3.065417
  type: 'test'
  ...
# Subtest: runtime custom Design attached property is not silently discarded
ok 986 - runtime custom Design attached property is not silently discarded
  ---
  duration_ms: 2.127696
  type: 'test'
  ...
# Subtest: AOT custom Design attached property is not silently discarded
ok 987 - AOT custom Design attached property is not silently discarded
  ---
  duration_ms: 4.125436
  type: 'test'
  ...
# Subtest: XAML runtime: target property, root, scoped names, URI and type resolver are real services
ok 988 - XAML runtime: target property, root, scoped names, URI and type resolver are real services
  ---
  duration_ms: 11.316105
  type: 'test'
  ...
# Subtest: XAML runtime: nested named extensions see their immediate outer extension and property
ok 989 - XAML runtime: nested named extensions see their immediate outer extension and property
  ---
  duration_ms: 2.347986
  type: 'test'
  ...
# Subtest: XAML runtime: xml:base is nested and restored for siblings; retained service snapshots do not change
ok 990 - XAML runtime: xml:base is nested and restored for siblings; retained service snapshots do not change
  ---
  duration_ms: 3.608635
  type: 'test'
  ...
# Subtest: XAML runtime: unknown services delegate and explicit Map entries preserve false and null
ok 991 - XAML runtime: unknown services delegate and explicit Map entries preserve false and null
  ---
  duration_ms: 1.921294
  type: 'test'
  ...
# Subtest: XAML runtime: object-element extensions get actual attached-property target
ok 992 - XAML runtime: object-element extensions get actual attached-property target
  ---
  duration_ms: 2.289661
  type: 'test'
  ...
# Subtest: XAML runtime: a custom namespace Binding name is not hijacked by built-in binding
ok 993 - XAML runtime: a custom namespace Binding name is not hijacked by built-in binding
  ---
  duration_ms: 1.980397
  type: 'test'
  ...
# Subtest: XAML runtime: inherited CompileBindings honors order, false scopes and explicit ReflectionBinding
ok 994 - XAML runtime: inherited CompileBindings honors order, false scopes and explicit ReflectionBinding
  ---
  duration_ms: 7.424515
  type: 'test'
  ...
# Subtest: XAML runtime: inherited typed compiled binding rejects unknown members instead of silently reflecting
ok 995 - XAML runtime: inherited typed compiled binding rejects unknown members instead of silently reflecting
  ---
  duration_ms: 1.44058
  type: 'test'
  ...
# Subtest: XAML runtime: deferred template distinguishes original file root and intermediate template root
ok 996 - XAML runtime: deferred template distinguishes original file root and intermediate template root
  ---
  duration_ms: 2.649895
  type: 'test'
  ...
# Subtest: XAML runtime: failed extension releases partial constructed graph exactly once
ok 997 - XAML runtime: failed extension releases partial constructed graph exactly once
  ---
  duration_ms: 1.574552
  type: 'test'
  ...
# Subtest: XAML runtime: asynchronous ProvideValue is rejected rather than assigning an unresolved Promise
ok 998 - XAML runtime: asynchronous ProvideValue is rejected rather than assigning an unresolved Promise
  ---
  duration_ms: 1.273978
  type: 'test'
  ...
# Subtest: XAML AOT: target property, root, scoped names, URI and type resolver are real services
ok 999 - XAML AOT: target property, root, scoped names, URI and type resolver are real services
  ---
  duration_ms: 9.578757
  type: 'test'
  ...
# Subtest: XAML AOT: nested named extensions see their immediate outer extension and property
ok 1000 - XAML AOT: nested named extensions see their immediate outer extension and property
  ---
  duration_ms: 3.66127
  type: 'test'
  ...
# Subtest: XAML AOT: xml:base is nested and restored for siblings; retained service snapshots do not change
ok 1001 - XAML AOT: xml:base is nested and restored for siblings; retained service snapshots do not change
  ---
  duration_ms: 4.757835
  type: 'test'
  ...
# Subtest: XAML AOT: unknown services delegate and explicit Map entries preserve false and null
ok 1002 - XAML AOT: unknown services delegate and explicit Map entries preserve false and null
  ---
  duration_ms: 3.900081
  type: 'test'
  ...
# Subtest: XAML AOT: object-element extensions get actual attached-property target
ok 1003 - XAML AOT: object-element extensions get actual attached-property target
  ---
  duration_ms: 6.982702
  type: 'test'
  ...
# Subtest: XAML AOT: a custom namespace Binding name is not hijacked by built-in binding
ok 1004 - XAML AOT: a custom namespace Binding name is not hijacked by built-in binding
  ---
  duration_ms: 2.826921
  type: 'test'
  ...
# Subtest: XAML AOT: inherited CompileBindings honors order, false scopes and explicit ReflectionBinding
ok 1005 - XAML AOT: inherited CompileBindings honors order, false scopes and explicit ReflectionBinding
  ---
  duration_ms: 5.653284
  type: 'test'
  ...
# Subtest: XAML AOT: inherited typed compiled binding rejects unknown members instead of silently reflecting
ok 1006 - XAML AOT: inherited typed compiled binding rejects unknown members instead of silently reflecting
  ---
  duration_ms: 3.28779
  type: 'test'
  ...
# Subtest: XAML AOT: deferred template distinguishes original file root and intermediate template root
ok 1007 - XAML AOT: deferred template distinguishes original file root and intermediate template root
  ---
  duration_ms: 3.498439
  type: 'test'
  ...
# Subtest: XAML AOT: failed extension releases partial constructed graph exactly once
ok 1008 - XAML AOT: failed extension releases partial constructed graph exactly once
  ---
  duration_ms: 2.773942
  type: 'test'
  ...
# Subtest: XAML AOT: asynchronous ProvideValue is rejected rather than assigning an unresolved Promise
ok 1009 - XAML AOT: asynchronous ProvideValue is rejected rather than assigning an unresolved Promise
  ---
  duration_ms: 2.748656
  type: 'test'
  ...
# Subtest: successful XAML context drops construction ownership arrays and rejects reuse
ok 1010 - successful XAML context drops construction ownership arrays and rejects reuse
  ---
  duration_ms: 1.15943
  type: 'test'
  ...
# Subtest: XAML runtime: inherited DataType resolves at its declaring namespace, not a shadowed child prefix
ok 1011 - XAML runtime: inherited DataType resolves at its declaring namespace, not a shadowed child prefix
  ---
  duration_ms: 1.928907
  type: 'test'
  ...
# Subtest: XAML AOT: inherited DataType resolves at its declaring namespace, not a shadowed child prefix
ok 1012 - XAML AOT: inherited DataType resolves at its declaring namespace, not a shadowed child prefix
  ---
  duration_ms: 3.273302
  type: 'test'
  ...
# Subtest: XAML runtime: extension-local URI survives EndInit and attribute extension failure releases its instance
ok 1013 - XAML runtime: extension-local URI survives EndInit and attribute extension failure releases its instance
  ---
  duration_ms: 1.811155
  type: 'test'
  ...
# Subtest: XAML AOT: extension-local URI survives EndInit and attribute extension failure releases its instance
ok 1014 - XAML AOT: extension-local URI survives EndInit and attribute extension failure releases its instance
  ---
  duration_ms: 3.550554
  type: 'test'
  ...
# Subtest: XAML runtime: template-local directives override declaration scope without losing URI or typed context
ok 1015 - XAML runtime: template-local directives override declaration scope without losing URI or typed context
  ---
  duration_ms: 2.193911
  type: 'test'
  ...
# Subtest: XAML AOT: template-local directives override declaration scope without losing URI or typed context
ok 1016 - XAML AOT: template-local directives override declaration scope without losing URI or typed context
  ---
  duration_ms: 9.939144
  type: 'test'
  ...
# Subtest: XAML runtime: custom namespace DataTemplate is an ordinary registered object, not a deferred template
ok 1017 - XAML runtime: custom namespace DataTemplate is an ordinary registered object, not a deferred template
  ---
  duration_ms: 1.166515
  type: 'test'
  ...
# Subtest: XAML AOT: custom namespace DataTemplate is an ordinary registered object, not a deferred template
ok 1018 - XAML AOT: custom namespace DataTemplate is an ordinary registered object, not a deferred template
  ---
  duration_ms: 7.278746
  type: 'test'
  ...
# Subtest: XamlX transformer restores parent stack after a nested transformation failure
ok 1019 - XamlX transformer restores parent stack after a nested transformation failure
  ---
  duration_ms: 0.594757
  type: 'test'
  ...
1..1019
# tests 1019
# suites 0
# pass 1019
# fail 0
# cancelled 0
# skipped 0
# todo 0
# duration_ms 10176.32187

> avaloniaweb-workspace@0.6.2-alpha.1 build
> node scripts/build.mjs

Built race-free worker ESM entries and source application graph; native WASM is not duplicated.
Compiled 75 XAML modules. Static distribution: dist/

> avaloniaweb-workspace@0.6.2-alpha.1 verify:workers
> node scripts/verify-workers.mjs

{"Passed":true,"Files":564,"SourceFingerprint":"823483213634908bb0256e90b19b79810cd220ea40e2be9da81c99ee333b3b89","NativeWasm":"not duplicated","WorkerImportMaps":false}

> avaloniaweb-workspace@0.6.2-alpha.1 pack:all
> node scripts/pack.mjs

@wieslawsoltes/avalonia-animation: wieslawsoltes-avalonia-animation-0.6.2-alpha.1.tgz (8274 bytes)
@wieslawsoltes/avalonia: wieslawsoltes-avalonia-0.6.2-alpha.1.tgz (2568 bytes)
@wieslawsoltes/avalonia-base: wieslawsoltes-avalonia-base-0.6.2-alpha.1.tgz (19955 bytes)
@wieslawsoltes/avalonia-browser: wieslawsoltes-avalonia-browser-0.6.2-alpha.1.tgz (1467594 bytes)
@wieslawsoltes/avalonia-composition: wieslawsoltes-avalonia-composition-0.6.2-alpha.1.tgz (15449 bytes)
@wieslawsoltes/avalonia-controls: wieslawsoltes-avalonia-controls-0.6.2-alpha.1.tgz (73950 bytes)
@wieslawsoltes/avalonia-data: wieslawsoltes-avalonia-data-0.6.2-alpha.1.tgz (17143 bytes)
@wieslawsoltes/avalonia-diagnostics: wieslawsoltes-avalonia-diagnostics-0.6.2-alpha.1.tgz (2980 bytes)
@wieslawsoltes/avalonia-headless: wieslawsoltes-avalonia-headless-0.6.2-alpha.1.tgz (3107 bytes)
@wieslawsoltes/avalonia-markup-xaml: wieslawsoltes-avalonia-markup-xaml-0.6.2-alpha.1.tgz (13819 bytes)
@wieslawsoltes/avalonia-media: wieslawsoltes-avalonia-media-0.6.2-alpha.1.tgz (40517 bytes)
@wieslawsoltes/avalonia-opengl: wieslawsoltes-avalonia-opengl-0.6.2-alpha.1.tgz (5943 bytes)
@wieslawsoltes/avalonia-reactiveui: wieslawsoltes-avalonia-reactiveui-0.6.2-alpha.1.tgz (3646 bytes)
@wieslawsoltes/avalonia-rendering: wieslawsoltes-avalonia-rendering-0.6.2-alpha.1.tgz (31378 bytes)
@wieslawsoltes/avalonia-skia: wieslawsoltes-avalonia-skia-0.6.2-alpha.1.tgz (26596 bytes)
@wieslawsoltes/avalonia-styling: wieslawsoltes-avalonia-styling-0.6.2-alpha.1.tgz (10364 bytes)
@wieslawsoltes/avalonia-themes-fluent: wieslawsoltes-avalonia-themes-fluent-0.6.2-alpha.1.tgz (2911 bytes)
@wieslawsoltes/xamlx: wieslawsoltes-xamlx-0.6.2-alpha.1.tgz (12205 bytes)
Packed 18 packages; nothing published.

> avaloniaweb-workspace@0.6.2-alpha.1 test:packages
> node scripts/test-packages.mjs

{
  Passed: true,
  SingleBindingPipeline: true,
  MultiBindingApis: true,
  XamlNamespaceApis: true,
  EffectTransitionApis: true,
  GlyphPathApis: true,
  ImplicitAnimationApis: true,
  Packages: 18,
  FacadeExports: 561,
  PublicRegistryInstalled: false,
  StartupSubpaths: true,
  CorePortApis: true,
  Version: '0.6.2-alpha.1',
  SourceFingerprint: '823483213634908bb0256e90b19b79810cd220ea40e2be9da81c99ee333b3b89',
  FinalSourceFingerprint: '823483213634908bb0256e90b19b79810cd220ea40e2be9da81c99ee333b3b89'
}
RUN native Skia catalog startup
PASS native Skia catalog startup
RUN catalog route Buttons
PASS catalog route Buttons
RUN catalog route ButtonSpinner
PASS catalog route ButtonSpinner
RUN catalog route CheckBox
PASS catalog route CheckBox
RUN catalog route ColorPicker
PASS catalog route ColorPicker
RUN catalog route ComboBox
PASS catalog route ComboBox
RUN catalog route NumericUpDown
PASS catalog route NumericUpDown
RUN catalog route RadioButton
PASS catalog route RadioButton
RUN catalog route Slider
PASS catalog route Slider
RUN catalog route ToggleSwitch
PASS catalog route ToggleSwitch
RUN catalog route AutoCompleteBox
PASS catalog route AutoCompleteBox
RUN catalog route Label
PASS catalog route Label
RUN catalog route TextBox
PASS catalog route TextBox
RUN catalog route TextBlock
PASS catalog route TextBlock
RUN catalog route Carousel
PASS catalog route Carousel
RUN catalog route ListBox
PASS catalog route ListBox
RUN catalog route PipsPager
PASS catalog route PipsPager
RUN catalog route RefreshContainer
PASS catalog route RefreshContainer
RUN catalog route TableView
PASS catalog route TableView
RUN catalog route TreeView
PASS catalog route TreeView
RUN catalog route Calendar
PASS catalog route Calendar
RUN catalog route CalendarDatePicker
PASS catalog route CalendarDatePicker
RUN catalog route DateTimePicker
PASS catalog route DateTimePicker
RUN catalog route CommandBar
PASS catalog route CommandBar
RUN catalog route ContextFlyout
PASS catalog route ContextFlyout
RUN catalog route ContextMenu
PASS catalog route ContextMenu
RUN catalog route Flyouts
PASS catalog route Flyouts
RUN catalog route Menu
PASS catalog route Menu
RUN catalog route CarouselPage
PASS catalog route CarouselPage
RUN catalog route ContentPage
PASS catalog route ContentPage
RUN catalog route DrawerPage
PASS catalog route DrawerPage
RUN catalog route NavigationPage
PASS catalog route NavigationPage
RUN catalog route SplitView
PASS catalog route SplitView
RUN catalog route TabbedPage
PASS catalog route TabbedPage
RUN catalog route TabControl
PASS catalog route TabControl
RUN catalog route TabStrip
PASS catalog route TabStrip
RUN catalog route Border
PASS catalog route Border
RUN catalog route Canvas
PASS catalog route Canvas
RUN catalog route ContainerQueries
PASS catalog route ContainerQueries
RUN catalog route Expander
PASS catalog route Expander
RUN catalog route FlexPanel
PASS catalog route FlexPanel
RUN catalog route HeaderedContentControl
PASS catalog route HeaderedContentControl
RUN catalog route LayoutTransformControl
PASS catalog route LayoutTransformControl
RUN catalog route RelativePanel
PASS catalog route RelativePanel
RUN catalog route ScrollViewer
PASS catalog route ScrollViewer
RUN catalog route Viewbox
PASS catalog route Viewbox
RUN catalog route WrapPanel
PASS catalog route WrapPanel
RUN catalog route Acrylic
PASS catalog route Acrylic
RUN catalog route BitmapCache
PASS catalog route BitmapCache
RUN catalog route Composition
PASS catalog route Composition
RUN catalog route CustomDrawing
PASS catalog route CustomDrawing
RUN catalog route Image
PASS catalog route Image
RUN catalog route OpenGL
PASS catalog route OpenGL
RUN catalog route OpenGLLease
PASS catalog route OpenGLLease
RUN catalog route OpenGLInterop
PASS catalog route OpenGLInterop
RUN catalog route TransitioningContentControl
PASS catalog route TransitioningContentControl
RUN catalog route AdornerLayer
PASS catalog route AdornerLayer
RUN catalog route DataValidation
PASS catalog route DataValidation
RUN catalog route Dialogs
PASS catalog route Dialogs
RUN catalog route Notifications
PASS catalog route Notifications
RUN catalog route ProgressBar
PASS catalog route ProgressBar
RUN catalog route ToolTip
PASS catalog route ToolTip
RUN catalog route Accelerator
PASS catalog route Accelerator
RUN catalog route Clipboard
PASS catalog route Clipboard
RUN catalog route Cursor
PASS catalog route Cursor
RUN catalog route DragDrop
PASS catalog route DragDrop
RUN catalog route Focus
PASS catalog route Focus
RUN catalog route Gestures
PASS catalog route Gestures
RUN catalog route Pointers
PASS catalog route Pointers
RUN catalog route NativeEmbed
PASS catalog route NativeEmbed
RUN catalog route PlatformInformation
PASS catalog route PlatformInformation
RUN catalog route PlatformSettings
PASS catalog route PlatformSettings
RUN catalog route Screens
PASS catalog route Screens
RUN catalog route ThemeVariants
PASS catalog route ThemeVariants
RUN catalog route WindowCustomizations
PASS catalog route WindowCustomizations
RUN pointer clicks execute genuine ReactiveWeb commands and update binding
PASS pointer clicks execute genuine ReactiveWeb commands and update binding
RUN browser textarea input, selection and two-way ReactiveWeb binding
PASS browser textarea input, selection and two-way ReactiveWeb binding
RUN pointer slider updates progress and numeric binding
PASS pointer slider updates progress and numeric binding
RUN 10,000-item ListBox keyboard selection and bounded realization
PASS 10,000-item ListBox keyboard selection and bounded realization
RUN retained ComboBox popup selection and dismissal
PASS retained ComboBox popup selection and dismissal
RUN calendar native painting and keyboard date navigation
PASS calendar native painting and keyboard date navigation
RUN TableView header sorting and pointer row selection
PASS TableView header sorting and pointer row selection
RUN flyout light dismissal releases retained popup
PASS flyout light dismissal releases retained popup
RUN theme change propagates dynamic resources
PASS theme change propagates dynamic resources
RUN live XAML compiler produces and instantiates a changed view
PASS live XAML compiler produces and instantiates a changed view
RUN NavigationPage push and pop retain correct stack
PASS NavigationPage push and pop retain correct stack
RUN trusted click opens a real browser window with its own Skia surface
PASS trusted click opens a real browser window with its own Skia surface
RUN browser modal owner disabling and result delivery
PASS browser modal owner disabling and result delivery
RUN RxJS-debounced catalog navigation filter
PASS RxJS-debounced catalog navigation filter
RUN container query style activation and removal through real slider input
PASS container query style activation and removal through real slider input
RUN native visual bitmap cache reuse and geometry invalidation
PASS native visual bitmap cache reuse and geometry invalidation
RUN acrylic native rendering and live material property invalidation
PASS acrylic native rendering and live material property invalidation
RUN composition clocks, expression animation, cancellation and route disposal
PASS composition clocks, expression animation, cancellation and route disposal
RUN native HTML input binding, focus traversal, clipping and deterministic removal
PASS native HTML input binding, focus traversal, clipping and deterministic removal
RUN browser editing preserves emoji ZWJ and combining grapheme boundaries
PASS browser editing preserves emoji ZWJ and combining grapheme boundaries
RUN browser composition-event bridge groups preedit into one undo transaction (synthetic IME)
PASS browser composition-event bridge groups preedit into one undo transaction (synthetic IME)
RUN read-only TableView realizes bounded real row and cell controls
PASS read-only TableView realizes bounded real row and cell controls
RUN CDP two-contact touch input drives pinch scale and releases capture
PASS CDP two-contact touch input drives pinch scale and releases capture
RUN CDP touch drag scrolls real ScrollViewer without clicking child buttons
PASS CDP touch drag scrolls real ScrollViewer without clicking child buttons
RUN CDP simultaneous contacts preserve independent button press and release
PASS CDP simultaneous contacts preserve independent button press and release
RUN CDP touch cancellation clears capture and pressed state without activation
PASS CDP touch cancellation clears capture and pressed state without activation
RUN real WebGL2 shader pixels transfer into native Skia
PASS real WebGL2 shader pixels transfer into native Skia
RUN WebGL leases restore state and reject simultaneous ownership
PASS WebGL leases restore state and reject simultaneous ownership
RUN WebGL context loss, restoration and disposal lifecycle
PASS WebGL context loss, restoration and disposal lifecycle
RUN Chromium accessibility tree exposes table hierarchy and actual grid cells
PASS Chromium accessibility tree exposes table hierarchy and actual grid cells
RUN accessibility activation respects enabled state and disposes old page nodes
PASS accessibility activation respects enabled state and disposes old page nodes
RUN automation password mirrors withhold values and preserve explicit accessible names
PASS automation password mirrors withhold values and preserve explicit accessible names
RUN focused password editing uses a protected native input and clears inactive buffers
PASS focused password editing uses a protected native input and clears inactive buffers
RUN navigation disposes prior page tree and leaves no popups
PASS navigation disposes prior page tree and leaves no popups
RUN no JavaScript page errors
PASS no JavaScript page errors
RUN no missing local assets
PASS no missing local assets
RUN no rendering errors during catalog sweep
PASS no rendering errors during catalog sweep
FINALIZE home
FINALIZE screenshot
FINALIZE dispose
FINALIZE context
FINALIZE browser
{"passed": 112, "failed": 0, "skipped": 0, "elapsedSeconds": 42.64}
PASS fractional origin / italic overhang / 1x 
PASS combining marks and browser shaping / 1x 
PASS letter spacing / 1x 
PASS fractional origin / italic overhang / 1.25x 
PASS combining marks and browser shaping / 1.25x 
PASS letter spacing / 1.25x 
PASS fractional origin / italic overhang / 1.5x 
PASS combining marks and browser shaping / 1.5x 
PASS letter spacing / 1.5x 
PASS fractional origin / italic overhang / 2x 
PASS combining marks and browser shaping / 2x 
PASS letter spacing / 2x 
PASS fractional origin / italic overhang / 3x 
PASS combining marks and browser shaping / 3x 
PASS letter spacing / 3x 
PASS nonuniform device scale preserves separate horizontal and vertical resolution 
PASS long shaped line crosses many independently cached tile boundaries 
PASS deep horizontal scrolling preserves phase and skips offscreen tile planning 
PASS 10000-line document paints only visible lines after deep vertical scrolling 
PASS ink-aware line culling preserves combining marks above their line boxes 
PASS overlapping combining marks retain isolated RGBA composition #335bb5 
PASS overlapping combining marks retain isolated RGBA composition rgba(51,91,181,0.5) 
PASS caret remains pixel-aligned and one nominal DIP / 1x 
PASS caret remains pixel-aligned and one nominal DIP / 1.25x 
PASS caret remains pixel-aligned and one nominal DIP / 1.5x 
PASS caret remains pixel-aligned and one nominal DIP / 2x 
PASS caret remains pixel-aligned and one nominal DIP / 3x 
PASS offscreen portions do not rasterize or upload 
PASS 1000 warm TextBlock redraws do not build layouts, rasterize, upload or measure 
{"Passed": 29, "Failed": 0, "PageErrors": [], "MissingAssets": []}
PASS ScrollViewer thumb receives actual mouse drag without selecting or clicking content
PASS ListBox thumb receives actual mouse drag without selecting or clicking content
PASS TreeView thumb receives actual mouse drag without selecting or clicking content
PASS TableView thumb receives actual mouse drag without selecting or clicking content
PASS TextBox thumb receives actual mouse drag without selecting or clicking content
PASS ScrollViewer horizontal thumb pans content and retains header/editor state
PASS ListBox horizontal thumb pans content and retains header/editor state
PASS TableView horizontal thumb pans content and retains header/editor state
PASS TextBox horizontal thumb pans content and retains header/editor state
PASS capture continues outside viewport and releases at the maximum
PASS track click advances one viewport instead of teleporting the thumb
PASS deferred drag previews only the thumb and commits on release
PASS DOM wheel pixels and Shift-wheel horizontal scrolling retain exact deltas
PASS wheel over either scrollbar uses the same pixel units as its content
PASS mouse scrollbar focus and accessibility range keyboard commands scroll the host
PASS Hidden still scrolls while Disabled rejects wheel input and clears offset
PASS editor content shrink clamps offsets and removes obsolete tracks
PASS disabling the scroll host during drag releases capture safely
PASS compact overlay thumb stays interactive above a full-size Button
PASS browser accessibility projection exposes a live scrollbar range
{"passed": 20, "failed": 0, "pageErrors": [], "missingAssets": [], "completed": true}
PASS ScrollViewer thumb receives actual mouse drag without selecting or clicking content
PASS ListBox thumb receives actual mouse drag without selecting or clicking content
PASS TreeView thumb receives actual mouse drag without selecting or clicking content
PASS TableView thumb receives actual mouse drag without selecting or clicking content
PASS TextBox thumb receives actual mouse drag without selecting or clicking content
PASS ScrollViewer horizontal thumb pans content and retains header/editor state
PASS ListBox horizontal thumb pans content and retains header/editor state
PASS TableView horizontal thumb pans content and retains header/editor state
PASS TextBox horizontal thumb pans content and retains header/editor state
PASS capture continues outside viewport and releases at the maximum
PASS track click advances one viewport instead of teleporting the thumb
PASS deferred drag previews only the thumb and commits on release
PASS DOM wheel pixels and Shift-wheel horizontal scrolling retain exact deltas
PASS wheel over either scrollbar uses the same pixel units as its content
PASS mouse scrollbar focus and accessibility range keyboard commands scroll the host
PASS Hidden still scrolls while Disabled rejects wheel input and clears offset
PASS editor content shrink clamps offsets and removes obsolete tracks
PASS disabling the scroll host during drag releases capture safely
PASS compact overlay thumb stays interactive above a full-size Button
PASS browser accessibility projection exposes a live scrollbar range
{"passed": 20, "failed": 0, "pageErrors": [], "missingAssets": [], "completed": true}
PASS warm paint does not rebuild or mutate accessibility DOM
PASS detached LabeledBy updates its consumer and releases replaced dependencies
PASS transitive and cyclic label relationships converge without stale names
PASS Control-valued content label remains live without replacing the button node
PASS visibility removes and restores complete automation subtrees
PASS raw nodes flatten descendants and preserve reorder identity
PASS command availability and parameter changes update aria-disabled
PASS inherited disabling refreshes descendant semantics
PASS focus projects editor semantics and transfers ownership between parents
PASS password conversion clears mirrored values and native plain-text buffers
PASS recycled table rows retain accessibility nodes with updated content
PASS explicit rendering consumes scheduled callbacks and settled UI stays idle
{"Passed": 12, "Failed": 0, "Completed": true, "PageErrors": [], "MissingAssets": []}
PASS source module startup, nonblank TableView and restart render-worker
PASS source module startup, nonblank TableView and restart full-isolation
PASS dist module startup, nonblank TableView and restart render-worker
PASS dist module startup, nonblank TableView and restart full-isolation
PASS nested module startup, nonblank TableView and restart render-worker
PASS nested module startup, nonblank TableView and restart full-isolation
PASS delayed top-level-await dependency render-worker
PASS automatic backend selection render-worker
PASS fail fast and release workers: render-worker/loader
PASS fail fast and release workers: render-worker/graph
PASS fail fast and release workers: render-worker/pending
PASS delayed top-level-await dependency full-isolation
PASS automatic backend selection full-isolation
PASS fail fast and release workers: full-isolation/loader
PASS fail fast and release workers: full-isolation/graph
PASS fail fast and release workers: full-isolation/pending
PASS invalid isolated application import releases both workers
{
  "Passed": 17,
  "Failed": 0,
  "Errors": [],
  "MissingAssets": [],
  "BlockedByBrowserPolicy": false
}
PASS source HTTP render-worker
PASS source HTTP full-isolation
PASS dist HTTP render-worker
PASS dist HTTP full-isolation
{
  "Passed": 4,
  "Failed": 0,
  "Errors": [],
  "MissingAssets": [],
  "BlockedByBrowserPolicy": false
}
PASS default 
PASS single 
PASS render-worker 
PASS full-isolation 
{"Variant": "optimized", "Trial": 0, "Passed": true, "ReadyMilliseconds": 866.6229190000649, "Requests": 306, "WasmRequests": 1, "AotBuilderRequests": 1, "MainResources": 22, "Browser": "143.0.7499.4", "PngBytes": 253250, "Errors": []}
{"Variant": "optimized", "Trial": 1, "Passed": true, "ReadyMilliseconds": 837.7321100000472, "Requests": 306, "WasmRequests": 1, "AotBuilderRequests": 1, "MainResources": 22, "Browser": "143.0.7499.4", "PngBytes": 253250, "Errors": []}
{"Variant": "optimized", "Trial": 2, "Passed": true, "ReadyMilliseconds": 802.401633000045, "Requests": 306, "WasmRequests": 1, "AotBuilderRequests": 1, "MainResources": 22, "Browser": "143.0.7499.4", "PngBytes": 253250, "Errors": []}
PASS render-worker actual worker ownership
PASS full-isolation actual worker ownership
PASS single navigate TableView
PASS render-worker navigate TableView
PASS full-isolation navigate TableView
/home/runner/work/Weblonia/Weblonia/tests/threading-browser.py:59: DeprecationWarning: Image.Image.getdata is deprecated and will be removed in Pillow 14 (2027-10-15). Use get_flattened_data instead.
  actual=pixels(pages[mode],mode).crop((0,0,1200,865));diff=ImageChops.difference(reference,actual);maximum=max(v[1]for v in diff.getextrema());changed=sum(1 for px in diff.getdata()if max(px)>2)
PASS render-worker RGBA TableView
PASS full-isolation RGBA TableView
PASS single navigate TextBlock
PASS render-worker navigate TextBlock
PASS full-isolation navigate TextBlock
PASS render-worker RGBA TextBlock
PASS full-isolation RGBA TextBlock
PASS single navigate ScrollViewer
PASS render-worker navigate ScrollViewer
PASS full-isolation navigate ScrollViewer
PASS render-worker RGBA ScrollViewer
PASS full-isolation RGBA ScrollViewer
PASS single navigate Image
PASS render-worker navigate Image
PASS full-isolation navigate Image
PASS render-worker RGBA Image
PASS full-isolation RGBA Image
PASS single navigate Acrylic
PASS render-worker navigate Acrylic
PASS full-isolation navigate Acrylic
PASS render-worker RGBA Acrylic
PASS full-isolation RGBA Acrylic
PASS single navigate Composition
PASS render-worker navigate Composition
PASS full-isolation navigate Composition
PASS render-worker RGBA Composition
PASS full-isolation RGBA Composition
PASS single navigate BitmapCache
PASS render-worker navigate BitmapCache
PASS full-isolation navigate BitmapCache
PASS render-worker RGBA BitmapCache
PASS full-isolation RGBA BitmapCache
PASS three threads: animation continues through UI stall
PASS three threads: control query
{
  "Passed": 39,
  "Failed": 0,
  "Errors": [],
  "Missing": []
}
PASS isolated native text editing and grapheme-safe backward deletion
PASS focused edit switches to password without plaintext semantic exposure
PASS render clock and animation advance during a confirmed UI-worker stall
PASS compositor wheel scrolling continues during UI stall and reconciles exactly once
PASS virtual table fast scrolling respects realized-content coverage
PASS three threads vertical scrollbar routes real mouse capture
PASS three threads horizontal scrollbar routes real mouse capture
PASS registered native DOM module binds to UI-worker model and cleans up
PASS isolated renderer restart replaces canvas and rebuilds identical committed pixels
PASS native editor still works after renderer restart
PASS registered custom visual executes, acknowledges bounded messages and restores durable state
PASS 200 immediate state changes coalesce without losing final values or queuing scene deltas
PASS hidden target explicit flush completes without an idle render loop
PASS host resize reaches UI layout and the worker-owned backing canvas
PASS live browser platform preferences are forwarded into the UI worker
PASS worker-owned Window opens a real browser window with its own render worker
PASS real isolated modal window blocks owner and returns its exact result
PASS repeated native-ready windows release child hosts and independent WASM deliveries
PASS failed secondary bootstrap restores modal owner and leaves the next real window usable
{
  "Passed": 19,
  "Failed": 0,
  "Errors": [],
  "MissingAssets": []
}
/home/runner/work/Weblonia/Weblonia/tests/threading-quality.py:47: DeprecationWarning: Image.Image.getdata is deprecated and will be removed in Pillow 14 (2027-10-15). Use get_flattened_data instead.
  diff=ImageChops.difference(reference,actual);maximum=max(v[1]for v in diff.getextrema());bad=sum(1 for px in diff.getdata()if max(px)>2)
PASS render-worker browser-fonts 1.25x RGBA
PASS full-isolation browser-fonts 1.25x RGBA
PASS render-worker scrolled-editor 1.25x RGBA
PASS full-isolation scrolled-editor 1.25x RGBA
PASS render-worker native-fonts 1.25x RGBA
PASS full-isolation native-fonts 1.25x RGBA
PASS render-worker browser-fonts 2x RGBA
PASS full-isolation browser-fonts 2x RGBA
PASS render-worker scrolled-editor 2x RGBA
PASS full-isolation scrolled-editor 2x RGBA
PASS render-worker native-fonts 2x RGBA
PASS full-isolation native-fonts 2x RGBA
{
  "Passed": 12,
  "Failed": 0,
  "Errors": [],
  "MissingAssets": []
}
PASS render-worker Buttons
PASS render-worker ButtonSpinner
PASS render-worker CheckBox
PASS render-worker ColorPicker
PASS render-worker ComboBox
PASS render-worker NumericUpDown
PASS render-worker RadioButton
PASS render-worker Slider
PASS render-worker ToggleSwitch
PASS render-worker AutoCompleteBox
PASS render-worker Label
PASS render-worker TextBox
PASS render-worker TextBlock
PASS render-worker Carousel
PASS render-worker ListBox
PASS render-worker PipsPager
PASS render-worker RefreshContainer
PASS render-worker TableView
PASS render-worker TreeView
PASS render-worker Calendar
PASS render-worker CalendarDatePicker
PASS render-worker DateTimePicker
PASS render-worker CommandBar
PASS render-worker ContextFlyout
PASS render-worker ContextMenu
PASS render-worker Flyouts
PASS render-worker Menu
PASS render-worker CarouselPage
PASS render-worker ContentPage
PASS render-worker DrawerPage
PASS render-worker NavigationPage
PASS render-worker SplitView
PASS render-worker TabbedPage
PASS render-worker TabControl
PASS render-worker TabStrip
PASS render-worker Border
PASS render-worker Canvas
PASS render-worker ContainerQueries
PASS render-worker Expander
PASS render-worker FlexPanel
PASS render-worker HeaderedContentControl
PASS render-worker LayoutTransformControl
PASS render-worker RelativePanel
PASS render-worker ScrollViewer
PASS render-worker Viewbox
PASS render-worker WrapPanel
PASS render-worker Acrylic
PASS render-worker BitmapCache
PASS render-worker Composition
PASS render-worker CustomDrawing
PASS render-worker Image
PASS render-worker OpenGL
PASS render-worker OpenGLLease
PASS render-worker OpenGLInterop
PASS render-worker TransitioningContentControl
PASS render-worker AdornerLayer
PASS render-worker DataValidation
PASS render-worker Dialogs
PASS render-worker Notifications
PASS render-worker ProgressBar
PASS render-worker ToolTip
PASS render-worker Accelerator
PASS render-worker Clipboard
PASS render-worker Cursor
PASS render-worker DragDrop
PASS render-worker Focus
PASS render-worker Gestures
PASS render-worker Pointers
PASS render-worker NativeEmbed
PASS render-worker PlatformInformation
PASS render-worker PlatformSettings
PASS render-worker Screens
PASS render-worker ThemeVariants
PASS render-worker WindowCustomizations
PASS full-isolation Buttons
PASS full-isolation ButtonSpinner
PASS full-isolation CheckBox
PASS full-isolation ColorPicker
PASS full-isolation ComboBox
PASS full-isolation NumericUpDown
PASS full-isolation RadioButton
PASS full-isolation Slider
PASS full-isolation ToggleSwitch
PASS full-isolation AutoCompleteBox
PASS full-isolation Label
PASS full-isolation TextBox
PASS full-isolation TextBlock
PASS full-isolation Carousel
PASS full-isolation ListBox
PASS full-isolation PipsPager
PASS full-isolation RefreshContainer
PASS full-isolation TableView
PASS full-isolation TreeView
PASS full-isolation Calendar
PASS full-isolation CalendarDatePicker
PASS full-isolation DateTimePicker
PASS full-isolation CommandBar
PASS full-isolation ContextFlyout
PASS full-isolation ContextMenu
PASS full-isolation Flyouts
PASS full-isolation Menu
PASS full-isolation CarouselPage
PASS full-isolation ContentPage
PASS full-isolation DrawerPage
PASS full-isolation NavigationPage
PASS full-isolation SplitView
PASS full-isolation TabbedPage
PASS full-isolation TabControl
PASS full-isolation TabStrip
PASS full-isolation Border
PASS full-isolation Canvas
PASS full-isolation ContainerQueries
PASS full-isolation Expander
PASS full-isolation FlexPanel
PASS full-isolation HeaderedContentControl
PASS full-isolation LayoutTransformControl
PASS full-isolation RelativePanel
PASS full-isolation ScrollViewer
PASS full-isolation Viewbox
PASS full-isolation WrapPanel
PASS full-isolation Acrylic
PASS full-isolation BitmapCache
PASS full-isolation Composition
PASS full-isolation CustomDrawing
PASS full-isolation Image
PASS full-isolation OpenGL
PASS full-isolation OpenGLLease
PASS full-isolation OpenGLInterop
PASS full-isolation TransitioningContentControl
PASS full-isolation AdornerLayer
PASS full-isolation DataValidation
PASS full-isolation Dialogs
PASS full-isolation Notifications
PASS full-isolation ProgressBar
PASS full-isolation ToolTip
PASS full-isolation Accelerator
PASS full-isolation Clipboard
PASS full-isolation Cursor
PASS full-isolation DragDrop
PASS full-isolation Focus
PASS full-isolation Gestures
PASS full-isolation Pointers
PASS full-isolation NativeEmbed
PASS full-isolation PlatformInformation
PASS full-isolation PlatformSettings
PASS full-isolation Screens
PASS full-isolation ThemeVariants
PASS full-isolation WindowCustomizations
{
  "Passed": 148,
  "Failed": 0,
  "Errors": [],
  "MissingAssets": [],
  "OpenGlQualified": [
    {
      "Mode": "render-worker",
      "Route": "OpenGL"
    },
    {
      "Mode": "render-worker",
      "Route": "OpenGLLease"
    },
    {
      "Mode": "render-worker",
      "Route": "OpenGLInterop"
    },
    {
      "Mode": "full-isolation",
      "Route": "OpenGL"
    },
    {
      "Mode": "full-isolation",
      "Route": "OpenGLLease"
    },
    {
      "Mode": "full-isolation",
      "Route": "OpenGLInterop"
    }
  ]
}
single repaint {"Milliseconds": {"Median": 20.6, "P95": 22.9, "Min": 19.5, "Max": 24}, "LayoutMilliseconds": {"Median": 0.0, "P95": 0, "Min": 0, "Max": 0}, "RenderOrRecordMilliseconds": {"Median": 20.6, "P95": 22.8, "Min": 19.5, "Max": 24}, "AutomationMilliseconds": {"Median": 0.0, "P95": 0, "Min": 0, "Max": 0}, "SubmittedLatencyMilliseconds": {"Median": 20.6, "P95": 23, "Min": 19.5, "Max": 24}}
single vertical {"Milliseconds": {"Median": 24.1, "P95": 26.6, "Min": 21.2, "Max": 27.2}, "LayoutMilliseconds": {"Median": 1.0, "P95": 2.3, "Min": 0.7, "Max": 3.6}, "RenderOrRecordMilliseconds": {"Median": 21.8, "P95": 23.3, "Min": 19.4, "Max": 24.5}, "AutomationMilliseconds": {"Median": 0.75, "P95": 1, "Min": 0.6, "Max": 1.4}, "SubmittedLatencyMilliseconds": {"Median": 24.1, "P95": 26.6, "Min": 21.2, "Max": 27.2}}
single horizontal {"Milliseconds": {"Median": 20.55, "P95": 23.4, "Min": 18.2, "Max": 24.6}, "LayoutMilliseconds": {"Median": 0.2, "P95": 0.4, "Min": 0, "Max": 0.5}, "RenderOrRecordMilliseconds": {"Median": 20.25, "P95": 23.1, "Min": 17.9, "Max": 24.3}, "AutomationMilliseconds": {"Median": 0.0, "P95": 0.1, "Min": 0, "Max": 0.2}, "SubmittedLatencyMilliseconds": {"Median": 20.6, "P95": 23.4, "Min": 18.2, "Max": 24.6}}
render-worker repaint {"Milliseconds": {"Median": 0.2, "P95": 0.3, "Min": 0, "Max": 0.5}, "LayoutMilliseconds": {"Median": 0.0, "P95": 0, "Min": 0, "Max": 0}, "RenderOrRecordMilliseconds": {"Median": 0.2, "P95": 0.3, "Min": 0, "Max": 0.4}, "AutomationMilliseconds": {"Median": 0.0, "P95": 0, "Min": 0, "Max": 0}, "SubmittedLatencyMilliseconds": {"Median": 0.2, "P95": 0.3, "Min": 0.1, "Max": 0.6}}
render-worker vertical {"Milliseconds": {"Median": 3.8, "P95": 5.1, "Min": 3.1, "Max": 7.7}, "LayoutMilliseconds": {"Median": 1.3, "P95": 2.2, "Min": 1, "Max": 3.7}, "RenderOrRecordMilliseconds": {"Median": 1.5, "P95": 1.9, "Min": 1.1, "Max": 3.9}, "AutomationMilliseconds": {"Median": 1.0, "P95": 1.2, "Min": 0.6, "Max": 1.4}, "SubmittedLatencyMilliseconds": {"Median": 33.2, "P95": 35.1, "Min": 27.6, "Max": 38.4}}
render-worker horizontal {"Milliseconds": {"Median": 1.3, "P95": 1.5, "Min": 0.3, "Max": 4.8}, "LayoutMilliseconds": {"Median": 0.3, "P95": 0.5, "Min": 0, "Max": 0.6}, "RenderOrRecordMilliseconds": {"Median": 0.8, "P95": 1.1, "Min": 0.3, "Max": 4.6}, "AutomationMilliseconds": {"Median": 0.0, "P95": 0.1, "Min": 0, "Max": 0.1}, "SubmittedLatencyMilliseconds": {"Median": 32.75, "P95": 35.5, "Min": 0.3, "Max": 36.9}}
full-isolation repaint {"Milliseconds": {"Median": 0.2, "P95": 0.3, "Min": 0, "Max": 0.4}, "LayoutMilliseconds": {"Median": 0.0, "P95": 0, "Min": 0, "Max": 0}, "RenderOrRecordMilliseconds": {"Median": 0.2, "P95": 0.3, "Min": 0, "Max": 0.4}, "AutomationMilliseconds": {"Median": 0.0, "P95": 0, "Min": 0, "Max": 0}, "SubmittedLatencyMilliseconds": {"Median": 0.2, "P95": 0.4, "Min": 0.1, "Max": 0.5}}
full-isolation vertical {"Milliseconds": {"Median": 3.45, "P95": 4.7, "Min": 2.8, "Max": 8.7}, "LayoutMilliseconds": {"Median": 1.2, "P95": 2, "Min": 0.9, "Max": 4.5}, "RenderOrRecordMilliseconds": {"Median": 1.4, "P95": 2.5, "Min": 1.1, "Max": 3.2}, "AutomationMilliseconds": {"Median": 0.8, "P95": 1, "Min": 0.5, "Max": 1.3}, "SubmittedLatencyMilliseconds": {"Median": 33.3, "P95": 35, "Min": 29.8, "Max": 42}}
full-isolation horizontal {"Milliseconds": {"Median": 1.4, "P95": 1.8, "Min": 0.3, "Max": 3.7}, "LayoutMilliseconds": {"Median": 0.5, "P95": 0.7, "Min": 0, "Max": 0.7}, "RenderOrRecordMilliseconds": {"Median": 0.9, "P95": 1.2, "Min": 0.3, "Max": 3.5}, "AutomationMilliseconds": {"Median": 0.0, "P95": 0.1, "Min": 0, "Max": 0.1}, "SubmittedLatencyMilliseconds": {"Median": 32.1, "P95": 35.4, "Min": 0.3, "Max": 36.4}}
{
  "Passed": true,
  "Completed": true
}
PASS single timer-driven column width without input
PASS single header-only mouse drag updates all rows
PASS single progress advances naturally and stops without global rerecording
PASS single hidden progress resumes without input
PASS single transition intermediate and final frames without hover
PASS single overlapping transition replacement completes latest content
PASS single reentrant invalidation survives capture
PASS single cached-reentrant invalidation survives capture
PASS render-worker timer-driven column width without input
PASS render-worker header-only mouse drag updates all rows
PASS render-worker progress advances naturally and stops without global rerecording
PASS render-worker hidden progress resumes without input
PASS render-worker transition intermediate and final frames without hover
PASS render-worker overlapping transition replacement completes latest content
PASS render-worker reentrant invalidation survives capture
PASS render-worker cached-reentrant invalidation survives capture
PASS render-worker render-side custom invalidation survives render completion
PASS full-isolation timer-driven column width without input
PASS full-isolation header-only mouse drag updates all rows
PASS full-isolation progress advances naturally and stops without global rerecording
PASS full-isolation hidden progress resumes without input
PASS full-isolation transition intermediate and final frames without hover
PASS full-isolation overlapping transition replacement completes latest content
PASS full-isolation reentrant invalidation survives capture
PASS full-isolation cached-reentrant invalidation survives capture
PASS full-isolation render-side custom invalidation survives render completion
{
  "Passed": 26,
  "Failed": 0,
  "Errors": [],
  "MissingAssets": []
}
PASS vertical completes without render error
PASS horizontal completes without render error
PASS UTF8 references exceed fresh encodes
PASS placement changes use sparse patches
PASS identical text resources are interned
PASS server validation reuses immutable reference summaries
PASS exact identity transforms skip native canvas operations
PASS transport retains one in-flight batch and a bounded transfer pool
PASS 100 warm repaint requests create no new packets or string encodes
{
  "Completed": true,
  "Passed": 9,
  "Failed": 0,
  "Errors": [],
  "MissingAssets": []
}
PASS single 
PASS render-worker 
PASS full-isolation 
PASS single 
PASS render-worker 
PASS full-isolation 
STAGE single False navigation
STAGE single False mount
STAGE single False presented pixels
STAGE single False command
STAGE single False presented pixels
STAGE single False command
STAGE single False dispose
PASS single False 
STAGE single True navigation
STAGE single True mount
STAGE single True presented pixels
STAGE single True command
STAGE single True presented pixels
STAGE single True command
STAGE single True dispose
PASS single True 
STAGE render-worker False navigation
STAGE render-worker False mount
STAGE render-worker False presented pixels
STAGE render-worker False command
STAGE render-worker False presented pixels
STAGE render-worker False command
STAGE render-worker False restart
STAGE render-worker False presented pixels
STAGE render-worker False dispose
PASS render-worker False 
STAGE render-worker True navigation
STAGE render-worker True mount
STAGE render-worker True presented pixels
STAGE render-worker True command
STAGE render-worker True presented pixels
STAGE render-worker True command
STAGE render-worker True restart
STAGE render-worker True presented pixels
STAGE render-worker True dispose
PASS render-worker True 
STAGE full-isolation False navigation
STAGE full-isolation False mount
STAGE full-isolation False presented pixels
STAGE full-isolation False command
STAGE full-isolation False presented pixels
STAGE full-isolation False command
STAGE full-isolation False restart
STAGE full-isolation False presented pixels
STAGE full-isolation False dispose
PASS full-isolation False 
STAGE full-isolation True navigation
STAGE full-isolation True mount
STAGE full-isolation True presented pixels
STAGE full-isolation True command
STAGE full-isolation True presented pixels
STAGE full-isolation True command
STAGE full-isolation True restart
STAGE full-isolation True presented pixels
STAGE full-isolation True dispose
PASS full-isolation True 
STAGE HTTP server shutdown
PASS single False 
PASS single True 
PASS render-worker False 
PASS render-worker True 
PASS full-isolation False 
PASS full-isolation True 
PASS single False 
PASS single True 
PASS render-worker False 
PASS render-worker True 
PASS full-isolation False 
PASS full-isolation True 
PASS single False 
PASS single True 
PASS render-worker False 
PASS render-worker True 
PASS full-isolation False 
PASS full-isolation True 

> avaloniaweb-workspace@0.6.2-alpha.1 verify:release
> node scripts/verify-release.mjs

{"Version":"0.6.2-alpha.1","SourceFingerprint":"823483213634908bb0256e90b19b79810cd220ea40e2be9da81c99ee333b3b89","Node":1019,"Browser":112,"Scrollbars":[[1,20],[1.25,20]],"Text":29,"Packages":18,"Threading":{"Browser":39,"Integration":19,"Quality":12,"Catalog":148}}

> avaloniaweb-workspace@0.6.2-alpha.1 benchmark
> node --import ./scripts/register-loader.mjs scripts/benchmark.mjs artifacts/benchmark-current.json

