
> avaloniaweb-workspace@0.6.2-alpha.1 verify:vendor
> node scripts/verify-vendor.mjs

{"Passed":true,"Files":122,"SkiaSharpWebCommit":"d5a9e8573c747804930eb76a81d05d2c5dde2d3a"}

> avaloniaweb-workspace@0.6.2-alpha.1 build
> node scripts/build.mjs

Built race-free worker ESM entries and source application graph; native WASM is not duplicated.
Compiled 75 XAML modules. Static distribution: dist/

> avaloniaweb-workspace@0.6.2-alpha.1 test:record
> node scripts/validate-node.mjs

TAP version 13
# Subtest: Animatable transitions apply automatically and release clock/value slots on completion
ok 1 - Animatable transitions apply automatically and release clock/value slots on completion
  ---
  duration_ms: 9.030096
  type: 'test'
  ...
# Subtest: masked base updates retarget from current presentation without temporary target notifications
ok 2 - masked base updates retarget from current presentation without temporary target notifications
  ---
  duration_ms: 1.769738
  type: 'test'
  ...
# Subtest: equal underlying writes and unrelated property changes do not restart an active transition
ok 3 - equal underlying writes and unrelated property changes do not restart an active transition
  ---
  duration_ms: 0.745799
  type: 'test'
  ...
# Subtest: base-priority removal transitions to default rather than the currently animated value
ok 4 - base-priority removal transitions to default rather than the currently animated value
  ---
  duration_ms: 1.641617
  type: 'test'
  ...
# Subtest: observable replacement and updates retain the binding while retargeting
ok 5 - observable replacement and updates retain the binding while retargeting
  ---
  duration_ms: 2.218212
  type: 'test'
  ...
# Subtest: disable cancels immediately, updates without animation and enable establishes a fresh baseline
ok 6 - disable cancels immediately, updates without animation and enable establishes a fresh baseline
  ---
  duration_ms: 1.674287
  type: 'test'
  ...
# Subtest: visual attachment enables transitions and detachment cancels owned instances
ok 7 - visual attachment enables transitions and detachment cancels owned instances
  ---
  duration_ms: 8.249014
  type: 'test'
  ...
# Subtest: collection clear cancels only its own animation and keeps an unrelated explicit slot
ok 8 - collection clear cancels only its own animation and keeps an unrelated explicit slot
  ---
  duration_ms: 3.829561
  type: 'test'
  ...
# Subtest: last matching transition wins and reordering changes future selection
ok 9 - last matching transition wins and reordering changes future selection
  ---
  duration_ms: 1.278649
  type: 'test'
  ...
# Subtest: replacement collection preserves a shared running definition and detaches old owner references
ok 10 - replacement collection preserves a shared running definition and detaches old owner references
  ---
  duration_ms: 0.737829
  type: 'test'
  ...
# Subtest: collection mutation validates duplicate, direct and unknown properties before publication
ok 11 - collection mutation validates duplicate, direct and unknown properties before publication
  ---
  duration_ms: 1.058604
  type: 'test'
  ...
# Subtest: changing a definition target cancels its old property and tracks the new target
ok 12 - changing a definition target cancels its old property and tracks the new target
  ---
  duration_ms: 0.444928
  type: 'test'
  ...
# Subtest: shared transition definitions run independently and release per-owner subscriptions
ok 13 - shared transition definitions run independently and release per-owner subscriptions
  ---
  duration_ms: 0.484294
  type: 'test'
  ...
# Subtest: inherited clock drives descendants without a second scheduling loop
ok 14 - inherited clock drives descendants without a second scheduling loop
  ---
  duration_ms: 3.190882
  type: 'test'
  ...
# Subtest: inherited property removal reveals the inherited base, not an animation snapshot
ok 15 - inherited property removal reveals the inherited base, not an animation snapshot
  ---
  duration_ms: 0.689332
  type: 'test'
  ...
# Subtest: delayed and zero-duration transitions keep one finite subscription and release it
ok 16 - delayed and zero-duration transitions keep one finite subscription and release it
  ---
  duration_ms: 0.571893
  type: 'test'
  ...
# Subtest: malformed easing releases its value slot and reports the failure exactly once
ok 17 - malformed easing releases its value slot and reports the failure exactly once
  ---
  duration_ms: 1.554538
  type: 'test'
  ...
# Subtest: legacy awaitable Apply remains usable and obeys AbortSignal cancellation
ok 18 - legacy awaitable Apply remains usable and obeys AbortSignal cancellation
  ---
  duration_ms: 0.566645
  type: 'test'
  ...
# Subtest: synchronously ticking clock completion does not leak its late subscription
ok 19 - synchronously ticking clock completion does not leak its late subscription
  ---
  duration_ms: 0.49648
  type: 'test'
  ...
# Subtest: reentrant disabling from an easing callback cannot resurrect a transition
ok 20 - reentrant disabling from an easing callback cannot resurrect a transition
  ---
  duration_ms: 0.412587
  type: 'test'
  ...
# Subtest: 1000 retarget/completion cycles have bounded owner lifetime and value-store size
ok 21 - 1000 retarget/completion cycles have bounded owner lifetime and value-store size
  ---
  duration_ms: 42.975717
  type: 'test'
  ...
# Subtest: transition metadata is direct, no-argument duration is zero and easing is linear
ok 22 - transition metadata is direct, no-argument duration is zero and easing is linear
  ---
  duration_ms: 0.270678
  type: 'test'
  ...
# Subtest: SetCurrentValue changes the underlying value during a transition, preserving its priority
ok 23 - SetCurrentValue changes the underlying value during a transition, preserving its priority
  ---
  duration_ms: 0.592065
  type: 'test'
  ...
# Subtest: an inherited base change reaches a child even while that child is animating
ok 24 - an inherited base change reaches a child even while that child is animating
  ---
  duration_ms: 3.894191
  type: 'test'
  ...
# Subtest: brush and transform also share the real Animatable transition foundation
ok 25 - brush and transform also share the real Animatable transition foundation
  ---
  duration_ms: 1.184661
  type: 'test'
  ...
# Subtest: completion restores observation of a mutable effect with equal immutable endpoint values
ok 26 - completion restores observation of a mutable effect with equal immutable endpoint values
  ---
  duration_ms: 5.166196
  type: 'test'
  ...
# Subtest: animation-driven mutable effect radius notifies its owner without replacing the Effect
ok 27 - animation-driven mutable effect radius notifies its owner without replacing the Effect
  ---
  duration_ms: 0.873287
  type: 'test'
  ...
# Subtest: out-of-order transition clock provider disposal never resurrects an obsolete service
ok 28 - out-of-order transition clock provider disposal never resurrects an obsolete service
  ---
  duration_ms: 0.645693
  type: 'test'
  ...
# Subtest: Automation peers are cached, dispatch notifications, and release owner subscriptions
ok 29 - Automation peers are cached, dispatch notifications, and release owner subscriptions
  ---
  duration_ms: 9.843188
  type: 'test'
  ...
# Subtest: Automation XAML metadata, labeled-by cycles and custom peer overrides
ok 30 - Automation XAML metadata, labeled-by cycles and custom peer overrides
  ---
  duration_ms: 13.693087
  type: 'test'
  ...
# Subtest: Invoke/toggle/radio providers enforce disabled and mutually exclusive behavior
ok 31 - Invoke/toggle/radio providers enforce disabled and mutually exclusive behavior
  ---
  duration_ms: 5.570072
  type: 'test'
  ...
# Subtest: Value and range providers preserve password privacy and read-only/range contracts
ok 32 - Value and range providers preserve password privacy and read-only/range contracts
  ---
  duration_ms: 5.232171
  type: 'test'
  ...
# Subtest: Selection peers represent offscreen items without allocating the whole list
ok 33 - Selection peers represent offscreen items without allocating the whole list
  ---
  duration_ms: 21.133963
  type: 'test'
  ...
# Subtest: Table automation exposes actual headers, rows, grid cell identity and current row indices
ok 34 - Table automation exposes actual headers, rows, grid cell identity and current row indices
  ---
  duration_ms: 72.038722
  type: 'test'
  ...
# Subtest: Tree expansion peers update underlying hierarchy and report sibling positions
ok 35 - Tree expansion peers update underlying hierarchy and report sibling positions
  ---
  duration_ms: 10.580128
  type: 'test'
  ...
# Subtest: Scroll and clipping automation use measured viewport and enforce unsupported axes
ok 36 - Scroll and clipping automation use measured viewport and enforce unsupported axes
  ---
  duration_ms: 7.123064
  type: 'test'
  ...
# Subtest: Visual adoption rejects a conflicting logical parent without a partial mutation
ok 37 - Visual adoption rejects a conflicting logical parent without a partial mutation
  ---
  duration_ms: 0.852954
  type: 'test'
  ...
# Subtest: catalog defaults to full isolation with no override
ok 38 - catalog defaults to full isolation with no override
  ---
  duration_ms: 1.039977
  type: 'test'
  ...
# Subtest: catalog keeps explicit single URL override
ok 39 - catalog keeps explicit single URL override
  ---
  duration_ms: 0.277913
  type: 'test'
  ...
# Subtest: catalog keeps explicit render-worker URL override
ok 40 - catalog keeps explicit render-worker URL override
  ---
  duration_ms: 0.125621
  type: 'test'
  ...
# Subtest: catalog keeps explicit full-isolation URL override
ok 41 - catalog keeps explicit full-isolation URL override
  ---
  duration_ms: 0.11405
  type: 'test'
  ...
# Subtest: catalog legacy override precedes the URL
ok 42 - catalog legacy override precedes the URL
  ---
  duration_ms: 0.145437
  type: 'test'
  ...
# Subtest: catalog boot options precede legacy and URL overrides
ok 43 - catalog boot options precede legacy and URL overrides
  ---
  duration_ms: 0.135928
  type: 'test'
  ...
# Subtest: AOT catalog construction, layout and disposal: MainView
ok 44 - AOT catalog construction, layout and disposal: MainView
  ---
  duration_ms: 106.795913
  type: 'test'
  ...
# Subtest: AOT catalog construction, layout and disposal: Accelerator
ok 45 - AOT catalog construction, layout and disposal: Accelerator
  ---
  duration_ms: 5.037256
  type: 'test'
  ...
# Subtest: AOT catalog construction, layout and disposal: Acrylic
ok 46 - AOT catalog construction, layout and disposal: Acrylic
  ---
  duration_ms: 7.489756
  type: 'test'
  ...
# Subtest: AOT catalog construction, layout and disposal: AdornerLayer
ok 47 - AOT catalog construction, layout and disposal: AdornerLayer
  ---
  duration_ms: 10.196656
  type: 'test'
  ...
# Subtest: AOT catalog construction, layout and disposal: AutoCompleteBox
ok 48 - AOT catalog construction, layout and disposal: AutoCompleteBox
  ---
  duration_ms: 6.891884
  type: 'test'
  ...
# Subtest: AOT catalog construction, layout and disposal: BitmapCache
ok 49 - AOT catalog construction, layout and disposal: BitmapCache
  ---
  duration_ms: 10.291954
  type: 'test'
  ...
# Subtest: AOT catalog construction, layout and disposal: Border
ok 50 - AOT catalog construction, layout and disposal: Border
  ---
  duration_ms: 7.206939
  type: 'test'
  ...
# Subtest: AOT catalog construction, layout and disposal: ButtonSpinner
ok 51 - AOT catalog construction, layout and disposal: ButtonSpinner
  ---
  duration_ms: 5.175877
  type: 'test'
  ...
# Subtest: AOT catalog construction, layout and disposal: Buttons
ok 52 - AOT catalog construction, layout and disposal: Buttons
  ---
  duration_ms: 13.199569
  type: 'test'
  ...
# Subtest: AOT catalog construction, layout and disposal: Calendar
ok 53 - AOT catalog construction, layout and disposal: Calendar
  ---
  duration_ms: 7.53216
  type: 'test'
  ...
# Subtest: AOT catalog construction, layout and disposal: CalendarDatePicker
ok 54 - AOT catalog construction, layout and disposal: CalendarDatePicker
  ---
  duration_ms: 7.103302
  type: 'test'
  ...
# Subtest: AOT catalog construction, layout and disposal: Canvas
ok 55 - AOT catalog construction, layout and disposal: Canvas
  ---
  duration_ms: 10.45854
  type: 'test'
  ...
# Subtest: AOT catalog construction, layout and disposal: Carousel
ok 56 - AOT catalog construction, layout and disposal: Carousel
  ---
  duration_ms: 5.976447
  type: 'test'
  ...
# Subtest: AOT catalog construction, layout and disposal: CarouselPage
ok 57 - AOT catalog construction, layout and disposal: CarouselPage
  ---
  duration_ms: 5.834075
  type: 'test'
  ...
# Subtest: AOT catalog construction, layout and disposal: CheckBox
ok 58 - AOT catalog construction, layout and disposal: CheckBox
  ---
  duration_ms: 6.947963
  type: 'test'
  ...
# Subtest: AOT catalog construction, layout and disposal: Clipboard
ok 59 - AOT catalog construction, layout and disposal: Clipboard
  ---
  duration_ms: 6.684874
  type: 'test'
  ...
# Subtest: AOT catalog construction, layout and disposal: ColorPicker
ok 60 - AOT catalog construction, layout and disposal: ColorPicker
  ---
  duration_ms: 12.235284
  type: 'test'
  ...
# Subtest: AOT catalog construction, layout and disposal: ComboBox
ok 61 - AOT catalog construction, layout and disposal: ComboBox
  ---
  duration_ms: 6.531903
  type: 'test'
  ...
# Subtest: AOT catalog construction, layout and disposal: CommandBar
ok 62 - AOT catalog construction, layout and disposal: CommandBar
  ---
  duration_ms: 5.692488
  type: 'test'
  ...
# Subtest: AOT catalog construction, layout and disposal: Composition
ok 63 - AOT catalog construction, layout and disposal: Composition
  ---
  duration_ms: 18.590555
  type: 'test'
  ...
# Subtest: AOT catalog construction, layout and disposal: ContainerQueries
ok 64 - AOT catalog construction, layout and disposal: ContainerQueries
  ---
  duration_ms: 8.065274
  type: 'test'
  ...
# Subtest: AOT catalog construction, layout and disposal: ContentPage
ok 65 - AOT catalog construction, layout and disposal: ContentPage
  ---
  duration_ms: 5.783762
  type: 'test'
  ...
# Subtest: AOT catalog construction, layout and disposal: ContextFlyout
ok 66 - AOT catalog construction, layout and disposal: ContextFlyout
  ---
  duration_ms: 3.649064
  type: 'test'
  ...
# Subtest: AOT catalog construction, layout and disposal: ContextMenu
ok 67 - AOT catalog construction, layout and disposal: ContextMenu
  ---
  duration_ms: 3.18219
  type: 'test'
  ...
# Subtest: AOT catalog construction, layout and disposal: Cursor
ok 68 - AOT catalog construction, layout and disposal: Cursor
  ---
  duration_ms: 11.221559
  type: 'test'
  ...
# Subtest: AOT catalog construction, layout and disposal: CustomDrawing
ok 69 - AOT catalog construction, layout and disposal: CustomDrawing
  ---
  duration_ms: 12.332201
  type: 'test'
  ...
# Subtest: AOT catalog construction, layout and disposal: DataValidation
ok 70 - AOT catalog construction, layout and disposal: DataValidation
  ---
  duration_ms: 8.304714
  type: 'test'
  ...
# Subtest: AOT catalog construction, layout and disposal: DateTimePicker
ok 71 - AOT catalog construction, layout and disposal: DateTimePicker
  ---
  duration_ms: 5.687647
  type: 'test'
  ...
# Subtest: AOT catalog construction, layout and disposal: Dialogs
ok 72 - AOT catalog construction, layout and disposal: Dialogs
  ---
  duration_ms: 3.927247
  type: 'test'
  ...
# Subtest: AOT catalog construction, layout and disposal: DragDrop
ok 73 - AOT catalog construction, layout and disposal: DragDrop
  ---
  duration_ms: 3.478943
  type: 'test'
  ...
# Subtest: AOT catalog construction, layout and disposal: DrawerPage
ok 74 - AOT catalog construction, layout and disposal: DrawerPage
  ---
  duration_ms: 3.971129
  type: 'test'
  ...
# Subtest: AOT catalog construction, layout and disposal: Expander
ok 75 - AOT catalog construction, layout and disposal: Expander
  ---
  duration_ms: 6.917771
  type: 'test'
  ...
# Subtest: AOT catalog construction, layout and disposal: FlexPanel
ok 76 - AOT catalog construction, layout and disposal: FlexPanel
  ---
  duration_ms: 3.472332
  type: 'test'
  ...
# Subtest: AOT catalog construction, layout and disposal: Flyouts
ok 77 - AOT catalog construction, layout and disposal: Flyouts
  ---
  duration_ms: 3.123818
  type: 'test'
  ...
# Subtest: AOT catalog construction, layout and disposal: Focus
ok 78 - AOT catalog construction, layout and disposal: Focus
  ---
  duration_ms: 6.45542
  type: 'test'
  ...
# Subtest: AOT catalog construction, layout and disposal: Gestures
ok 79 - AOT catalog construction, layout and disposal: Gestures
  ---
  duration_ms: 10.464982
  type: 'test'
  ...
# Subtest: AOT catalog construction, layout and disposal: HeaderedContentControl
ok 80 - AOT catalog construction, layout and disposal: HeaderedContentControl
  ---
  duration_ms: 4.794995
  type: 'test'
  ...
# Subtest: AOT catalog construction, layout and disposal: Image
ok 81 - AOT catalog construction, layout and disposal: Image
  ---
  duration_ms: 3.733817
  type: 'test'
  ...
# Subtest: AOT catalog construction, layout and disposal: Label
ok 82 - AOT catalog construction, layout and disposal: Label
  ---
  duration_ms: 4.843221
  type: 'test'
  ...
# Subtest: AOT catalog construction, layout and disposal: LayoutTransformControl
ok 83 - AOT catalog construction, layout and disposal: LayoutTransformControl
  ---
  duration_ms: 5.677361
  type: 'test'
  ...
# Subtest: AOT catalog construction, layout and disposal: ListBox
ok 84 - AOT catalog construction, layout and disposal: ListBox
  ---
  duration_ms: 12.005226
  type: 'test'
  ...
# Subtest: AOT catalog construction, layout and disposal: Menu
ok 85 - AOT catalog construction, layout and disposal: Menu
  ---
  duration_ms: 3.707836
  type: 'test'
  ...
# Subtest: AOT catalog construction, layout and disposal: NativeEmbed
ok 86 - AOT catalog construction, layout and disposal: NativeEmbed
  ---
  duration_ms: 8.6349
  type: 'test'
  ...
# Subtest: AOT catalog construction, layout and disposal: NavigationPage
ok 87 - AOT catalog construction, layout and disposal: NavigationPage
  ---
  duration_ms: 8.051372
  type: 'test'
  ...
# Subtest: AOT catalog construction, layout and disposal: Notifications
ok 88 - AOT catalog construction, layout and disposal: Notifications
  ---
  duration_ms: 5.63564
  type: 'test'
  ...
# Subtest: AOT catalog construction, layout and disposal: NumericUpDown
ok 89 - AOT catalog construction, layout and disposal: NumericUpDown
  ---
  duration_ms: 21.931198
  type: 'test'
  ...
# Subtest: AOT catalog construction, layout and disposal: OpenGL
ok 90 - AOT catalog construction, layout and disposal: OpenGL
  ---
  duration_ms: 5.27811
  type: 'test'
  ...
# Subtest: AOT catalog construction, layout and disposal: OpenGLInterop
ok 91 - AOT catalog construction, layout and disposal: OpenGLInterop
  ---
  duration_ms: 4.905312
  type: 'test'
  ...
# Subtest: AOT catalog construction, layout and disposal: OpenGLLease
ok 92 - AOT catalog construction, layout and disposal: OpenGLLease
  ---
  duration_ms: 5.798902
  type: 'test'
  ...
# Subtest: AOT catalog construction, layout and disposal: PipsPager
ok 93 - AOT catalog construction, layout and disposal: PipsPager
  ---
  duration_ms: 2.649681
  type: 'test'
  ...
# Subtest: AOT catalog construction, layout and disposal: PlatformInformation
ok 94 - AOT catalog construction, layout and disposal: PlatformInformation
  ---
  duration_ms: 3.743278
  type: 'test'
  ...
# Subtest: AOT catalog construction, layout and disposal: PlatformSettings
ok 95 - AOT catalog construction, layout and disposal: PlatformSettings
  ---
  duration_ms: 2.512913
  type: 'test'
  ...
# Subtest: AOT catalog construction, layout and disposal: Pointers
ok 96 - AOT catalog construction, layout and disposal: Pointers
  ---
  duration_ms: 2.551016
  type: 'test'
  ...
# Subtest: AOT catalog construction, layout and disposal: ProgressBar
ok 97 - AOT catalog construction, layout and disposal: ProgressBar
  ---
  duration_ms: 3.399781
  type: 'test'
  ...
# Subtest: AOT catalog construction, layout and disposal: RadioButton
ok 98 - AOT catalog construction, layout and disposal: RadioButton
  ---
  duration_ms: 4.90063
  type: 'test'
  ...
# Subtest: AOT catalog construction, layout and disposal: RefreshContainer
ok 99 - AOT catalog construction, layout and disposal: RefreshContainer
  ---
  duration_ms: 5.431868
  type: 'test'
  ...
# Subtest: AOT catalog construction, layout and disposal: RelativePanel
ok 100 - AOT catalog construction, layout and disposal: RelativePanel
  ---
  duration_ms: 6.696753
  type: 'test'
  ...
# Subtest: AOT catalog construction, layout and disposal: Screens
ok 101 - AOT catalog construction, layout and disposal: Screens
  ---
  duration_ms: 6.992883
  type: 'test'
  ...
# Subtest: AOT catalog construction, layout and disposal: ScrollViewer
ok 102 - AOT catalog construction, layout and disposal: ScrollViewer
  ---
  duration_ms: 18.008252
  type: 'test'
  ...
# Subtest: AOT catalog construction, layout and disposal: Slider
ok 103 - AOT catalog construction, layout and disposal: Slider
  ---
  duration_ms: 31.506336
  type: 'test'
  ...
# Subtest: AOT catalog construction, layout and disposal: SplitView
ok 104 - AOT catalog construction, layout and disposal: SplitView
  ---
  duration_ms: 4.350308
  type: 'test'
  ...
# Subtest: AOT catalog construction, layout and disposal: TabControl
ok 105 - AOT catalog construction, layout and disposal: TabControl
  ---
  duration_ms: 3.205515
  type: 'test'
  ...
# Subtest: AOT catalog construction, layout and disposal: TabStrip
ok 106 - AOT catalog construction, layout and disposal: TabStrip
  ---
  duration_ms: 3.252602
  type: 'test'
  ...
# Subtest: AOT catalog construction, layout and disposal: TabbedPage
ok 107 - AOT catalog construction, layout and disposal: TabbedPage
  ---
  duration_ms: 2.443233
  type: 'test'
  ...
# Subtest: AOT catalog construction, layout and disposal: TableView
ok 108 - AOT catalog construction, layout and disposal: TableView
  ---
  duration_ms: 7.203076
  type: 'test'
  ...
# Subtest: AOT catalog construction, layout and disposal: TextBlock
ok 109 - AOT catalog construction, layout and disposal: TextBlock
  ---
  duration_ms: 7.97508
  type: 'test'
  ...
# Subtest: AOT catalog construction, layout and disposal: TextBox
ok 110 - AOT catalog construction, layout and disposal: TextBox
  ---
  duration_ms: 12.281566
  type: 'test'
  ...
# Subtest: AOT catalog construction, layout and disposal: ThemeVariants
ok 111 - AOT catalog construction, layout and disposal: ThemeVariants
  ---
  duration_ms: 12.421473
  type: 'test'
  ...
# Subtest: AOT catalog construction, layout and disposal: ToggleSwitch
ok 112 - AOT catalog construction, layout and disposal: ToggleSwitch
  ---
  duration_ms: 6.207331
  type: 'test'
  ...
# Subtest: AOT catalog construction, layout and disposal: ToolTip
ok 113 - AOT catalog construction, layout and disposal: ToolTip
  ---
  duration_ms: 4.418079
  type: 'test'
  ...
# Subtest: AOT catalog construction, layout and disposal: TransitioningContentControl
ok 114 - AOT catalog construction, layout and disposal: TransitioningContentControl
  ---
  duration_ms: 3.763513
  type: 'test'
  ...
# Subtest: AOT catalog construction, layout and disposal: TreeView
ok 115 - AOT catalog construction, layout and disposal: TreeView
  ---
  duration_ms: 5.203662
  type: 'test'
  ...
# Subtest: AOT catalog construction, layout and disposal: Viewbox
ok 116 - AOT catalog construction, layout and disposal: Viewbox
  ---
  duration_ms: 5.343484
  type: 'test'
  ...
# Subtest: AOT catalog construction, layout and disposal: WindowCustomizations
ok 117 - AOT catalog construction, layout and disposal: WindowCustomizations
  ---
  duration_ms: 4.667234
  type: 'test'
  ...
# Subtest: AOT catalog construction, layout and disposal: WrapPanel
ok 118 - AOT catalog construction, layout and disposal: WrapPanel
  ---
  duration_ms: 2.519781
  type: 'test'
  ...
# Subtest: catalog coverage manifest does not claim all upstream subexamples
ok 119 - catalog coverage manifest does not claim all upstream subexamples
  ---
  duration_ms: 0.197253
  type: 'test'
  ...
# Subtest: CompiledBindingExtension creates an executable incremental expression, not the reflection expression
ok 120 - CompiledBindingExtension creates an executable incremental expression, not the reflection expression
  ---
  duration_ms: 14.245698
  type: 'test'
  ...
# Subtest: compiled nested leaf updates do not reread ancestors or recreate subscriptions
ok 121 - compiled nested leaf updates do not reread ancestors or recreate subscriptions
  ---
  duration_ms: 3.909633
  type: 'test'
  ...
# Subtest: compiled branch replacement detaches only the obsolete suffix
ok 122 - compiled branch replacement detaches only the obsolete suffix
  ---
  duration_ms: 2.147879
  type: 'test'
  ...
# Subtest: compiled paths preserve terminal null and TargetNullValue without treating it as missing
ok 123 - compiled paths preserve terminal null and TargetNullValue without treating it as missing
  ---
  duration_ms: 1.581884
  type: 'test'
  ...
# Subtest: null intermediate compiled paths recover when the branch appears
ok 124 - null intermediate compiled paths recover when the branch appears
  ---
  duration_ms: 1.187824
  type: 'test'
  ...
# Subtest: compiled TwoWay setters reread normalized source values after assignment
ok 125 - compiled TwoWay setters reread normalized source values after assignment
  ---
  duration_ms: 1.72854
  type: 'test'
  ...
# Subtest: compiled delegates and declared read-only accessors are enforced
ok 126 - compiled delegates and declared read-only accessors are enforced
  ---
  duration_ms: 1.669058
  type: 'test'
  ...
# Subtest: compiled observable streams switch subscriptions and continue through emitted objects
ok 127 - compiled observable streams switch subscriptions and continue through emitted objects
  ---
  duration_ms: 1.426815
  type: 'test'
  ...
# Subtest: compiled Promise streams ignore stale completions after replacement
ok 128 - compiled Promise streams ignore stale completions after replacement
  ---
  duration_ms: 1.503599
  type: 'test'
  ...
# Subtest: compiled Promise rejection publishes fallback and exposes the binding error
ok 129 - compiled Promise rejection publishes fallback and exposes the binding error
  ---
  duration_ms: 1.548479
  type: 'test'
  ...
# Subtest: compiled stream disposal rejects late results and releases child observers
ok 130 - compiled stream disposal rejects late results and releases child observers
  ---
  duration_ms: 1.06523
  type: 'test'
  ...
# Subtest: compiled OneTime bindings release stream subscriptions after the first real value
ok 131 - compiled OneTime bindings release stream subscriptions after the first real value
  ---
  duration_ms: 0.856661
  type: 'test'
  ...
# Subtest: builder ArrayElement, TypeCast and Not compose executable operations
ok 132 - builder ArrayElement, TypeCast and Not compose executable operations
  ---
  duration_ms: 1.454745
  type: 'test'
  ...
# Subtest: compiled self, templated parent and namescope roots resolve without DataContext
ok 133 - compiled self, templated parent and namescope roots resolve without DataContext
  ---
  duration_ms: 2.082992
  type: 'test'
  ...
# Subtest: compiled command dependencies notify CanExecuteChanged and dispose observers
ok 134 - compiled command dependencies notify CanExecuteChanged and dispose observers
  ---
  duration_ms: 1.145156
  type: 'test'
  ...
# Subtest: compiled paths reject unsafe names and preserve carets inside quoted map keys
ok 135 - compiled paths reject unsafe names and preserve carets inside quoted map keys
  ---
  duration_ms: 1.0418
  type: 'test'
  ...
# Subtest: runtime XAML and emitted AOT modules both execute compiled stream bindings
ok 136 - runtime XAML and emitted AOT modules both execute compiled stream bindings
  ---
  duration_ms: 20.974675
  type: 'test'
  ...
# Subtest: compiled accessor factories observe, set and dispose without retaining obsolete branches
ok 137 - compiled accessor factories observe, set and dispose without retaining obsolete branches
  ---
  duration_ms: 1.549254
  type: 'test'
  ...
# Subtest: compiled accessor errors are cleared by the next successful value
ok 138 - compiled accessor errors are cleared by the next successful value
  ---
  duration_ms: 1.444904
  type: 'test'
  ...
# Subtest: OneWayToSource preserves the initial target and keeps an active source-only priority entry
ok 139 - OneWayToSource preserves the initial target and keeps an active source-only priority entry
  ---
  duration_ms: 2.395278
  type: 'test'
  ...
# Subtest: compiled explicit source updates do not write before UpdateSource is requested
ok 140 - compiled explicit source updates do not write before UpdateSource is requested
  ---
  duration_ms: 1.007387
  type: 'test'
  ...
# Subtest: compiled builder validates casts and can evaluate nullable getter delegates
ok 141 - compiled builder validates casts and can evaluate nullable getter delegates
  ---
  duration_ms: 1.793835
  type: 'test'
  ...
# Subtest: composition Scalar properties distinguish type, copy values and expose status
ok 142 - composition Scalar properties distinguish type, copy values and expose status
  ---
  duration_ms: 2.545886
  type: 'test'
  ...
# Subtest: composition Boolean properties distinguish type, copy values and expose status
ok 143 - composition Boolean properties distinguish type, copy values and expose status
  ---
  duration_ms: 0.240276
  type: 'test'
  ...
# Subtest: composition Color properties distinguish type, copy values and expose status
ok 144 - composition Color properties distinguish type, copy values and expose status
  ---
  duration_ms: 0.546837
  type: 'test'
  ...
# Subtest: composition Vector2 properties distinguish type, copy values and expose status
ok 145 - composition Vector2 properties distinguish type, copy values and expose status
  ---
  duration_ms: 0.174559
  type: 'test'
  ...
# Subtest: composition Vector3 properties distinguish type, copy values and expose status
ok 146 - composition Vector3 properties distinguish type, copy values and expose status
  ---
  duration_ms: 0.316208
  type: 'test'
  ...
# Subtest: composition Vector4 properties distinguish type, copy values and expose status
ok 147 - composition Vector4 properties distinguish type, copy values and expose status
  ---
  duration_ms: 0.205111
  type: 'test'
  ...
# Subtest: composition Quaternion properties distinguish type, copy values and expose status
ok 148 - composition Quaternion properties distinguish type, copy values and expose status
  ---
  duration_ms: 0.174835
  type: 'test'
  ...
# Subtest: composition Matrix3x2 properties distinguish type, copy values and expose status
ok 149 - composition Matrix3x2 properties distinguish type, copy values and expose status
  ---
  duration_ms: 0.26216
  type: 'test'
  ...
# Subtest: composition Matrix4x4 properties distinguish type, copy values and expose status
ok 150 - composition Matrix4x4 properties distinguish type, copy values and expose status
  ---
  duration_ms: 0.494007
  type: 'test'
  ...
# Subtest: composition Quaternion and Vector4 keep distinct declared tags, including overwriting the same key
ok 151 - composition Quaternion and Vector4 keep distinct declared tags, including overwriting the same key
  ---
  duration_ms: 0.421727
  type: 'test'
  ...
# Subtest: composition values reject nonfinite components and invalid keys before changing prior data
ok 152 - composition values reject nonfinite components and invalid keys before changing prior data
  ---
  duration_ms: 0.851483
  type: 'test'
  ...
# Subtest: typed animation parameters are copied, cleared and reject foreign/disposed references
ok 153 - typed animation parameters are copied, cleared and reject foreign/disposed references
  ---
  duration_ms: 3.607351
  type: 'test'
  ...
# Subtest: animation group is a client CompositionObject with Remove/RemoveAll and does not own supplied animations
ok 154 - animation group is a client CompositionObject with Remove/RemoveAll and does not own supplied animations
  ---
  duration_ms: 0.429989
  type: 'test'
  ...
# Subtest: animation group starts every member at the identical clock instant and clones parameter ownership
ok 155 - animation group starts every member at the identical clock instant and clones parameter ownership
  ---
  duration_ms: 1.083526
  type: 'test'
  ...
# Subtest: invalid group target leaves prior running animations unchanged
ok 156 - invalid group target leaves prior running animations unchanged
  ---
  duration_ms: 0.62352
  type: 'test'
  ...
# Subtest: single targeted animation supports StartAnimationGroup and stopping one component preserves another
ok 157 - single targeted animation supports StartAnimationGroup and stopping one component preserves another
  ---
  duration_ms: 0.621496
  type: 'test'
  ...
# Subtest: typed parameters and grouped animations execute on isolated server state through binary transport
ok 158 - typed parameters and grouped animations execute on isolated server state through binary transport
  ---
  duration_ms: 18.605428
  type: 'test'
  ...
# Subtest: composition snapshots publish atomically at commit, not at property assignment
ok 159 - composition snapshots publish atomically at commit, not at property assignment
  ---
  duration_ms: 11.296474
  type: 'test'
  ...
# Subtest: visual collections reject duplicate parents, cycles, and cross-compositor resources
ok 160 - visual collections reject duplicate parents, cycles, and cross-compositor resources
  ---
  duration_ms: 1.151304
  type: 'test'
  ...
# Subtest: scalar keyframes are deterministic and cancellation restores the base property
ok 161 - scalar keyframes are deterministic and cancellation restores the base property
  ---
  duration_ms: 1.918851
  type: 'test'
  ...
# Subtest: keyframe clocks stop after completion and retain final presentation state
ok 162 - keyframe clocks stop after completion and retain final presentation state
  ---
  duration_ms: 0.640451
  type: 'test'
  ...
# Subtest: alternating keyframes and delay use the injected clock
ok 163 - alternating keyframes and delay use the injected clock
  ---
  duration_ms: 0.80711
  type: 'test'
  ...
# Subtest: expression parser supports vectors, arithmetic, functions and lazy conditionals
ok 164 - expression parser supports vectors, arithmetic, functions and lazy conditionals
  ---
  duration_ms: 2.495994
  type: 'test'
  ...
# Subtest: expression references observe committed property-set values
ok 165 - expression references observe committed property-set values
  ---
  duration_ms: 1.097926
  type: 'test'
  ...
# Subtest: custom visuals receive queued messages before rendering
ok 166 - custom visuals receive queued messages before rendering
  ---
  duration_ms: 0.534676
  type: 'test'
  ...
# Subtest: commit failures reject the batch and do not strand subsequent commits
ok 167 - commit failures reject the batch and do not strand subsequent commits
  ---
  duration_ms: 0.680571
  type: 'test'
  ...
# Subtest: disposing a compositor rejects pending batches and disposes its object graph
ok 168 - disposing a compositor rejects pending batches and disposes its object graph
  ---
  duration_ms: 0.580536
  type: 'test'
  ...
# Subtest: compositor disposal clears events and invokes custom handler disposal only once
ok 169 - compositor disposal clears events and invokes custom handler disposal only once
  ---
  duration_ms: 0.334357
  type: 'test'
  ...
# Subtest: container query grammar validates full input, axes, and Boolean precedence
ok 170 - container query grammar validates full input, axes, and Boolean precedence
  ---
  duration_ms: 6.2566
  type: 'test'
  ...
# Subtest: ancestor resize applies and removes query setters without replacing local values
ok 171 - ancestor resize applies and removes query setters without replacing local values
  ---
  duration_ms: 14.708591
  type: 'test'
  ...
# Subtest: XAML Container attached properties and conditional children instantiate
ok 172 - XAML Container attached properties and conditional children instantiate
  ---
  duration_ms: 7.593748
  type: 'test'
  ...
# Subtest: resources: shared factories stay lazy until lookup, then preserve one instance without a change signal
ok 173 - resources: shared factories stay lazy until lookup, then preserve one instance without a change signal
  ---
  duration_ms: 2.505623
  type: 'test'
  ...
# Subtest: resources: shared null is a present cached result
ok 174 - resources: shared null is a present cached result
  ---
  duration_ms: 0.352039
  type: 'test'
  ...
# Subtest: resources: shared undefined is a present cached result
ok 175 - resources: shared undefined is a present cached result
  ---
  duration_ms: 0.284658
  type: 'test'
  ...
# Subtest: resources: shared false is a present cached result
ok 176 - resources: shared false is a present cached result
  ---
  duration_ms: 0.343838
  type: 'test'
  ...
# Subtest: resources: shared 0 is a present cached result
ok 177 - resources: shared 0 is a present cached result
  ---
  duration_ms: 0.661418
  type: 'test'
  ...
# Subtest: resources: shared  is a present cached result
ok 178 - resources: shared  is a present cached result
  ---
  duration_ms: 0.470733
  type: 'test'
  ...
# Subtest: resources: unshared Build providers construct independently and ordinary Build-valued resources remain values
ok 179 - resources: unshared Build providers construct independently and ordinary Build-valued resources remain values
  ---
  duration_ms: 0.478667
  type: 'test'
  ...
# Subtest: resources: inspection and discarded entries never invoke deferred factories
ok 180 - resources: inspection and discarded entries never invoke deferred factories
  ---
  duration_ms: 1.011651
  type: 'test'
  ...
# Subtest: resources: a failed factory remains retryable with all recursion guards released
ok 181 - resources: a failed factory remains retryable with all recursion guards released
  ---
  duration_ms: 0.695751
  type: 'test'
  ...
# Subtest: resources: asynchronous factories reject explicitly and observe promise failures
ok 182 - resources: asynchronous factories reject explicitly and observe promise failures
  ---
  duration_ms: 13.596868
  type: 'test'
  ...
# Subtest: resources: reentrant replace is never overwritten by stale factory result
ok 183 - resources: reentrant replace is never overwritten by stale factory result
  ---
  duration_ms: 0.433806
  type: 'test'
  ...
# Subtest: resources: reentrant remove is never overwritten by stale factory result
ok 184 - resources: reentrant remove is never overwritten by stale factory result
  ---
  duration_ms: 0.277958
  type: 'test'
  ...
# Subtest: resources: reentrant dispose is never overwritten by stale factory result
ok 185 - resources: reentrant dispose is never overwritten by stale factory result
  ---
  duration_ms: 0.174785
  type: 'test'
  ...
# Subtest: resources: recursive same-key override resolves the lower merged definition
ok 186 - resources: recursive same-key override resolves the lower merged definition
  ---
  duration_ms: 3.453347
  type: 'test'
  ...
# Subtest: resources: multi-key recursive failures are finite and do not poison later resolution
ok 187 - resources: multi-key recursive failures are finite and do not poison later resolution
  ---
  duration_ms: 0.439777
  type: 'test'
  ...
# Subtest: resources: a deep distinct-key factory chain fails at a bounded depth without stack overflow
ok 188 - resources: a deep distinct-key factory chain fails at a bounded depth without stack overflow
  ---
  duration_ms: 1.203058
  type: 'test'
  ...
# Subtest: resources: bulk replacement validates completely before mutation and emits one change
ok 189 - resources: bulk replacement validates completely before mutation and emits one change
  ---
  duration_ms: 0.604514
  type: 'test'
  ...
# Subtest: resources: theme keys use ThemeVariant equality and inheritance preserves the original request in nested dictionaries
ok 190 - resources: theme keys use ThemeVariant equality and inheritance preserves the original request in nested dictionaries
  ---
  duration_ms: 0.602177
  type: 'test'
  ...
# Subtest: resources: local then theme then reverse merged precedence includes null resources
ok 191 - resources: local then theme then reverse merged precedence includes null resources
  ---
  duration_ms: 3.489888
  type: 'test'
  ...
# Subtest: resources: dictionary cycles are rejected before merged or theme mutation
ok 192 - resources: dictionary cycles are rejected before merged or theme mutation
  ---
  duration_ms: 0.767736
  type: 'test'
  ...
# Subtest: resources: shared dictionary DAGs deduplicate propagation and preserve incremental subscriptions
ok 193 - resources: shared dictionary DAGs deduplicate propagation and preserve incremental subscriptions
  ---
  duration_ms: 0.73271
  type: 'test'
  ...
# Subtest: resources: disposing drops deferred closures, subscriptions and entries but never borrowed values
ok 194 - resources: disposing drops deferred closures, subscriptions and entries but never borrowed values
  ---
  duration_ms: 0.700055
  type: 'test'
  ...
# Subtest: resources: deep detached subtree reparenting changes lookup and releases subscriptions to obsolete ancestors
ok 195 - resources: deep detached subtree reparenting changes lookup and releases subscriptions to obsolete ancestors
  ---
  duration_ms: 9.261511
  type: 'test'
  ...
# Subtest: resources: synchronous take-one unsubscribes all observers created during initial emission
ok 196 - resources: synchronous take-one unsubscribes all observers created during initial emission
  ---
  duration_ms: 1.692725
  type: 'test'
  ...
# Subtest: resources: live themes and irrelevant resource notifications deduplicate identical shared values
ok 197 - resources: live themes and irrelevant resource notifications deduplicate identical shared values
  ---
  duration_ms: 1.194155
  type: 'test'
  ...
# Subtest: resources: self-mutating unshared observer fails at its bounded reentrancy guard and releases handlers
ok 198 - resources: self-mutating unshared observer fails at its bounded reentrancy guard and releases handlers
  ---
  duration_ms: 1.205271
  type: 'test'
  ...
# Subtest: resources: thousand scope moves maintain bounded observer ownership
ok 199 - resources: thousand scope moves maintain bounded observer ownership
  ---
  duration_ms: 162.594501
  type: 'test'
  ...
# (node:4897) ExperimentalWarning: The MockTimers API is an experimental feature and might change at any time
# (Use `node --trace-warnings ...` to show where the warning was created)
# Subtest: dispatcher priority values and invalid sentinels match Avalonia
ok 200 - dispatcher priority values and invalid sentinels match Avalonia
  ---
  duration_ms: 4.473561
  type: 'test'
  ...
# Subtest: dispatcher orders active work by priority and stable original FIFO after reprioritization
ok 201 - dispatcher orders active work by priority and stable original FIFO after reprioritization
  ---
  duration_ms: 1.787565
  type: 'test'
  ...
# Subtest: inactive operations remain pending without host wakeups until explicitly promoted
ok 202 - inactive operations remain pending without host wakeups until explicitly promoted
  ---
  duration_ms: 0.44832
  type: 'test'
  ...
# Subtest: InvokeAsync operations expose lazy tasks, statuses, results and one completion event
ok 203 - InvokeAsync operations expose lazy tasks, statuses, results and one completion event
  ---
  duration_ms: 0.472195
  type: 'test'
  ...
# Subtest: queued abortion removes work and callback immediately and settles lazy task exactly once
ok 204 - queued abortion removes work and callback immediately and settles lazy task exactly once
  ---
  duration_ms: 0.63857
  type: 'test'
  ...
# Subtest: cancellation before enqueue and after enqueue preserves reason and never dispatches
ok 205 - cancellation before enqueue and after enqueue preserves reason and never dispatches
  ---
  duration_ms: 0.535225
  type: 'test'
  ...
# Subtest: executing work detaches cancellation without treating a late abort as a pending cancellation
ok 206 - executing work detaches cancellation without treating a late abort as a pending cancellation
  ---
  duration_ms: 0.500336
  type: 'test'
  ...
# Subtest: callback fault completes operation but rejects Task and Result without dispatcher unhandled event
ok 207 - callback fault completes operation but rejects Task and Result without dispatcher unhandled event
  ---
  duration_ms: 0.556211
  type: 'test'
  ...
# Subtest: async result assimilation does not block subsequent dispatcher jobs
ok 208 - async result assimilation does not block subsequent dispatcher jobs
  ---
  duration_ms: 0.4513
  type: 'test'
  ...
# Subtest: self-return and hostile then getter reject without leaving executing operations
ok 209 - self-return and hostile then getter reject without leaving executing operations
  ---
  duration_ms: 0.772931
  type: 'test'
  ...
# Subtest: handled Post exceptions continue draining while unhandled errors leave remaining queue usable
ok 210 - handled Post exceptions continue draining while unhandled errors leave remaining queue usable
  ---
  duration_ms: 0.469844
  type: 'test'
  ...
# Subtest: exception filter can refuse catching a Post error
ok 211 - exception filter can refuse catching a Post error
  ---
  duration_ms: 0.220157
  type: 'test'
  ...
# Subtest: automatic dispatch yields to host by job count without spinning a microtask queue
ok 212 - automatic dispatch yields to host by job count without spinning a microtask queue
  ---
  duration_ms: 0.419971
  type: 'test'
  ...
# Subtest: automatic dispatch also yields on elapsed budget
ok 213 - automatic dispatch also yields on elapsed budget
  ---
  duration_ms: 0.226648
  type: 'test'
  ...
# Subtest: nested processing suspension defers dispatch and re-enables only after last disposal
ok 214 - nested processing suspension defers dispatch and re-enables only after last disposal
  ---
  duration_ms: 0.301059
  type: 'test'
  ...
# Subtest: indexed priority heap agrees with stable reference under 10000 adversarial mutations
ok 215 - indexed priority heap agrees with stable reference under 10000 adversarial mutations
  ---
  duration_ms: 250.58877
  type: 'test'
  ...
# Subtest: shutdown aborts pending and future operations, announces ordered events and tolerates observer failures
ok 216 - shutdown aborts pending and future operations, announces ordered events and tolerates observer failures
  ---
  duration_ms: 0.598436
  type: 'test'
  ...
# Subtest: same-realm Send Invoke is synchronous and unsupported nested-loop priorities fail explicitly
ok 217 - same-realm Send Invoke is synchronous and unsupported nested-loop priorities fail explicitly
  ---
  duration_ms: 0.386454
  type: 'test'
  ...
# Subtest: AwaitWithPriority queues continuation result at the requested priority
ok 218 - AwaitWithPriority queues continuation result at the requested priority
  ---
  duration_ms: 0.351278
  type: 'test'
  ...
# Subtest: timer maintains at most one queued tick while dispatcher delivery is blocked
ok 219 - timer maintains at most one queued tick while dispatcher delivery is blocked
  ---
  duration_ms: 1.445819
  type: 'test'
  ...
# Subtest: timer Stop/Start, interval change and priority promotion cannot revive stale ticks
ok 220 - timer Stop/Start, interval change and priority promotion cannot revive stale ticks
  ---
  duration_ms: 0.522159
  type: 'test'
  ...
# Subtest: timer stops at dispatcher shutdown and RunOnce disposes even on callback failure
ok 221 - timer stops at dispatcher shutdown and RunOnce disposes even on callback failure
  ---
  duration_ms: 0.547921
  type: 'test'
  ...
# Subtest: drawing state tokens reject out-of-order disposal without consuming the token
ok 222 - drawing state tokens reject out-of-order disposal without consuming the token
  ---
  duration_ms: 1.480221
  type: 'test'
  ...
# Subtest: drawing push failure leaves no logical state and invalid matrices fail before backend mutation
ok 223 - drawing push failure leaves no logical state and invalid matrices fail before backend mutation
  ---
  duration_ms: 0.421863
  type: 'test'
  ...
# Subtest: drawing transform scopes compose and restore in the same order as native matrix operations
ok 224 - drawing transform scopes compose and restore in the same order as native matrix operations
  ---
  duration_ms: 9.08723
  type: 'test'
  ...
# Subtest: native failed geometry-clip and unsupported effect push restore save count and all resource stacks
ok 225 - native failed geometry-clip and unsupported effect push restore save count and all resource stacks
  ---
  duration_ms: 4.728689
  type: 'test'
  ...
# Subtest: DrawingGroup restores earlier states when a valid effect fails native allocation
ok 226 - DrawingGroup restores earlier states when a valid effect fails native allocation
  ---
  duration_ms: 5.583606
  type: 'test'
  ...
# Subtest: composition visual restores earlier drawing states when a valid effect fails native allocation
ok 227 - composition visual restores earlier drawing states when a valid effect fails native allocation
  ---
  duration_ms: 4.305976
  type: 'test'
  ...
# Subtest: native opacity-mask draw failure still restores scope and releases paint state
ok 228 - native opacity-mask draw failure still restores scope and releases paint state
  ---
  duration_ms: 1.395638
  type: 'test'
  ...
# Subtest: DrawingGroup bounds include pen and transform but not clip/effect inflation
ok 229 - DrawingGroup bounds include pen and transform but not clip/effect inflation
  ---
  duration_ms: 7.407952
  type: 'test'
  ...
# Subtest: drawing invalidation propagates nested brush, pen, geometry, transform and stops after disposal
ok 230 - drawing invalidation propagates nested brush, pen, geometry, transform and stops after disposal
  ---
  duration_ms: 1.506974
  type: 'test'
  ...
# Subtest: drawing group batches, sharing, reparented collections and removed child subscriptions remain correct
ok 231 - drawing group batches, sharing, reparented collections and removed child subscriptions remain correct
  ---
  duration_ms: 1.350153
  type: 'test'
  ...
# Subtest: drawing graph cycles reject atomically including cross-image edges while shared DAGs work
ok 232 - drawing graph cycles reject atomically including cross-image edges while shared DAGs work
  ---
  duration_ms: 1.001933
  type: 'test'
  ...
# Subtest: DrawingImage source crop and nonzero destination map to the exact device rectangle
ok 233 - DrawingImage source crop and nonzero destination map to the exact device rectangle
  ---
  duration_ms: 7.316971
  type: 'test'
  ...
# Subtest: DrawingImage explicit Viewbox introduces padding and clips content without shifting destination
ok 234 - DrawingImage explicit Viewbox introduces padding and clips content without shifting destination
  ---
  duration_ms: 2.977093
  type: 'test'
  ...
# Subtest: DrawingImage empty and null content no-ops without allocating drawing states
ok 235 - DrawingImage empty and null content no-ops without allocating drawing states
  ---
  duration_ms: 0.228619
  type: 'test'
  ...
# Subtest: DrawingGroup.Open replaces atomically at disposal, automatically balances scopes and aborts without publishing
ok 236 - DrawingGroup.Open replaces atomically at disposal, automatically balances scopes and aborts without publishing
  ---
  duration_ms: 2.019221
  type: 'test'
  ...
# Subtest: DrawingGroup.Open keeps an existing owned drawing live when it is borrowed into replacement
ok 237 - DrawingGroup.Open keeps an existing owned drawing live when it is borrowed into replacement
  ---
  duration_ms: 0.635244
  type: 'test'
  ...
# Subtest: retained rounded rectangles and ellipse/line records produce actual native geometry
ok 238 - retained rounded rectangles and ellipse/line records produce actual native geometry
  ---
  duration_ms: 5.491414
  type: 'test'
  ...
# Subtest: retained text owns an independent shaping layout and releases it on replacement
ok 239 - retained text owns an independent shaping layout and releases it on replacement
  ---
  duration_ms: 2.10711
  type: 'test'
  ...
# Subtest: StreamGeometry mutation and Open completion invalidate drawing owners once and update bounds
ok 240 - StreamGeometry mutation and Open completion invalidate drawing owners once and update bounds
  ---
  duration_ms: 1.12824
  type: 'test'
  ...
# Subtest: WriteableBitmap Lock is idempotent and invalidates a previously uploaded native image
ok 241 - WriteableBitmap Lock is idempotent and invalidates a previously uploaded native image
  ---
  duration_ms: 3.357217
  type: 'test'
  ...
# Subtest: DrawingImage portable primitives survive binary transport, retain exact native pixels and update without hover
ok 242 - DrawingImage portable primitives survive binary transport, retain exact native pixels and update without hover
  ---
  duration_ms: 33.907469
  type: 'test'
  ...
# Subtest: XAML runtime constructs native drawing graph properties, groups and DrawingImage content
ok 243 - XAML runtime constructs native drawing graph properties, groups and DrawingImage content
  ---
  duration_ms: 14.892357
  type: 'test'
  ...
# Subtest: XAML AOT constructs native drawing graph properties, groups and DrawingImage content
ok 244 - XAML AOT constructs native drawing graph properties, groups and DrawingImage content
  ---
  duration_ms: 26.529623
  type: 'test'
  ...
# Subtest: dash-style mutations invalidate borrowed pen drawings without retaining replaced collections
ok 245 - dash-style mutations invalidate borrowed pen drawings without retaining replaced collections
  ---
  duration_ms: 1.147577
  type: 'test'
  ...
# Subtest: drawing group and image restore all previous scopes even when a later pop fails
ok 246 - drawing group and image restore all previous scopes even when a later pop fails
  ---
  duration_ms: 0.924909
  type: 'test'
  ...
# Subtest: StreamGeometry.Open publishes fallback bounds before notification and rejects recording after disposal
ok 247 - StreamGeometry.Open publishes fallback bounds before notification and rejects recording after disposal
  ---
  duration_ms: 0.557962
  type: 'test'
  ...
# Subtest: retained text keeps warm layout identity but reshapes after borrowed foreground changes
ok 248 - retained text keeps warm layout identity but reshapes after borrowed foreground changes
  ---
  duration_ms: 1.573923
  type: 'test'
  ...
# Subtest: native blur matches independent Skia filter at 1x
ok 249 - native blur matches independent Skia filter at 1x
  ---
  duration_ms: 25.94949
  type: 'test'
  ...
# Subtest: native directional shadow matches independent Skia filter at 1x
ok 250 - native directional shadow matches independent Skia filter at 1x
  ---
  duration_ms: 11.833233
  type: 'test'
  ...
# Subtest: native blur matches independent Skia filter at 1.25x
ok 251 - native blur matches independent Skia filter at 1.25x
  ---
  duration_ms: 10.521045
  type: 'test'
  ...
# Subtest: native directional shadow matches independent Skia filter at 1.25x
ok 252 - native directional shadow matches independent Skia filter at 1.25x
  ---
  duration_ms: 12.465778
  type: 'test'
  ...
# Subtest: native blur matches independent Skia filter at 1.5x
ok 253 - native blur matches independent Skia filter at 1.5x
  ---
  duration_ms: 10.790615
  type: 'test'
  ...
# Subtest: native directional shadow matches independent Skia filter at 1.5x
ok 254 - native directional shadow matches independent Skia filter at 1.5x
  ---
  duration_ms: 15.559733
  type: 'test'
  ...
# Subtest: native blur matches independent Skia filter at 2x
ok 255 - native blur matches independent Skia filter at 2x
  ---
  duration_ms: 15.99643
  type: 'test'
  ...
# Subtest: native directional shadow matches independent Skia filter at 2x
ok 256 - native directional shadow matches independent Skia filter at 2x
  ---
  duration_ms: 25.251288
  type: 'test'
  ...
# Subtest: native blur matches independent Skia filter at 3x
ok 257 - native blur matches independent Skia filter at 3x
  ---
  duration_ms: 36.72134
  type: 'test'
  ...
# Subtest: native directional shadow matches independent Skia filter at 3x
ok 258 - native directional shadow matches independent Skia filter at 3x
  ---
  duration_ms: 62.459166
  type: 'test'
  ...
# Subtest: native blur conversion uses the upstream float32 radius/sigma rule and nonpositive no-op
ok 259 - native blur conversion uses the upstream float32 radius/sigma rule and nonpositive no-op
  ---
  duration_ms: 0.166194
  type: 'test'
  ...
# Subtest: 1000 warm native effect pushes reuse one filter without accumulating active leases
ok 260 - 1000 warm native effect pushes reuse one filter without accumulating active leases
  ---
  duration_ms: 968.154738
  type: 'test'
  ...
# Subtest: LRU eviction and cache disposal retain active filters until their final layer lease closes
ok 261 - LRU eviction and cache disposal retain active filters until their final layer lease closes
  ---
  duration_ms: 0.775029
  type: 'test'
  ...
# Subtest: disabled native effect cache keeps no entries and zero-radius effects allocate no filter
ok 262 - disabled native effect cache keeps no entries and zero-radius effects allocate no filter
  ---
  duration_ms: 0.392741
  type: 'test'
  ...
# Subtest: native effect filter remains valid through a cache clear inside a live drawing scope
ok 263 - native effect filter remains valid through a cache clear inside a live drawing scope
  ---
  duration_ms: 6.210082
  type: 'test'
  ...
# Subtest: partial native SaveLayer failure restores both canvas state and filter ownership
ok 264 - partial native SaveLayer failure restores both canvas state and filter ownership
  ---
  duration_ms: 2.947753
  type: 'test'
  ...
# Subtest: control effect allocation failure unwinds its earlier transform and opacity scopes
ok 265 - control effect allocation failure unwinds its earlier transform and opacity scopes
  ---
  duration_ms: 5.177667
  type: 'test'
  ...
# Subtest: mutable effects publish value snapshots and restored worker scenes reproduce native pixels
ok 266 - mutable effects publish value snapshots and restored worker scenes reproduce native pixels
  ---
  duration_ms: 30.351011
  type: 'test'
  ...
# Subtest: malformed effect scalar cannot replace committed worker pixels
ok 267 - malformed effect scalar cannot replace committed worker pixels
  ---
  duration_ms: 10.212963
  type: 'test'
  ...
# Subtest: malformed effect color cannot replace committed worker pixels
ok 268 - malformed effect color cannot replace committed worker pixels
  ---
  duration_ms: 9.063185
  type: 'test'
  ...
# Subtest: malformed effect field cannot replace committed worker pixels
ok 269 - malformed effect field cannot replace committed worker pixels
  ---
  duration_ms: 7.745096
  type: 'test'
  ...
# Subtest: worker render failure unwinds existing visual scopes without modifying committed descriptors
ok 270 - worker render failure unwinds existing visual scopes without modifying committed descriptors
  ---
  duration_ms: 3.071751
  type: 'test'
  ...
# Subtest: composition effect assignment copies mutable values and preserves immutable type identity
ok 271 - composition effect assignment copies mutable values and preserves immutable type identity
  ---
  duration_ms: 1.292051
  type: 'test'
  ...
# Subtest: effect family inherits Animatable and preserves pinned default values
ok 272 - effect family inherits Animatable and preserves pinned default values
  ---
  duration_ms: 2.397318
  type: 'test'
  ...
# Subtest: immutable effect snapshots copy colors, preserve direction and cache unchanged values
ok 273 - immutable effect snapshots copy colors, preserve direction and cache unchanged values
  ---
  duration_ms: 1.240844
  type: 'test'
  ...
# Subtest: SetValue and bound effect colors cannot alias caller-owned structs
ok 274 - SetValue and bound effect colors cannot alias caller-owned structs
  ---
  duration_ms: 0.396231
  type: 'test'
  ...
# Subtest: mutable effect invalidation raises once, unchanged assignments are quiet and disposal releases handlers
ok 275 - mutable effect invalidation raises once, unchanged assignments are quiet and disposal releases handlers
  ---
  duration_ms: 1.285479
  type: 'test'
  ...
# Subtest: effect equality supports mutable and immutable offset/directional values
ok 276 - effect equality supports mutable and immutable offset/directional values
  ---
  duration_ms: 0.553719
  type: 'test'
  ...
# Subtest: effect grammar parses "blur(4.5)"
ok 277 - effect grammar parses "blur(4.5)"
  ---
  duration_ms: 0.476486
  type: 'test'
  ...
# Subtest: effect grammar parses " blur ( -2e0 ) "
ok 278 - effect grammar parses " blur ( -2e0 ) "
  ---
  duration_ms: 0.290685
  type: 'test'
  ...
# Subtest: effect grammar parses "drop-shadow(2 -3)"
ok 279 - effect grammar parses "drop-shadow(2 -3)"
  ---
  duration_ms: 0.462699
  type: 'test'
  ...
# Subtest: effect grammar parses "drop-shadow(2 -3 4)"
ok 280 - effect grammar parses "drop-shadow(2 -3 4)"
  ---
  duration_ms: 0.414634
  type: 'test'
  ...
# Subtest: effect grammar parses "drop-shadow(2 -3 4 \#80112233)"
ok 281 - effect grammar parses "drop-shadow(2 -3 4 \#80112233)"
  ---
  duration_ms: 0.584739
  type: 'test'
  ...
# Subtest: effect grammar parses "drop-shadow(.5 2e1 0 rgba(20, 40, 80, 0.5))"
ok 282 - effect grammar parses "drop-shadow(.5 2e1 0 rgba(20, 40, 80, 0.5))"
  ---
  duration_ms: 0.680058
  type: 'test'
  ...
# Subtest: malformed effect is rejected: none
ok 283 - malformed effect is rejected: none
  ---
  duration_ms: 0.167687
  type: 'test'
  ...
# Subtest: malformed effect is rejected: blur(2px)
ok 284 - malformed effect is rejected: blur(2px)
  ---
  duration_ms: 0.095176
  type: 'test'
  ...
# Subtest: malformed effect is rejected: blur(3) trailing
ok 285 - malformed effect is rejected: blur(3) trailing
  ---
  duration_ms: 0.08402
  type: 'test'
  ...
# Subtest: malformed effect is rejected: blur(Infinity)
ok 286 - malformed effect is rejected: blur(Infinity)
  ---
  duration_ms: 0.079299
  type: 'test'
  ...
# Subtest: malformed effect is rejected: blur(1e300)
ok 287 - malformed effect is rejected: blur(1e300)
  ---
  duration_ms: 0.088129
  type: 'test'
  ...
# Subtest: malformed effect is rejected: blur(1 2)
ok 288 - malformed effect is rejected: blur(1 2)
  ---
  duration_ms: 0.0786
  type: 'test'
  ...
# Subtest: malformed effect is rejected: drop-shadow(2)
ok 289 - malformed effect is rejected: drop-shadow(2)
  ---
  duration_ms: 0.169834
  type: 'test'
  ...
# Subtest: malformed effect is rejected: drop-shadow(2 3 blue)
ok 290 - malformed effect is rejected: drop-shadow(2 3 blue)
  ---
  duration_ms: 0.109888
  type: 'test'
  ...
# Subtest: malformed effect is rejected: drop-shadow(2 3 -1)
ok 291 - malformed effect is rejected: drop-shadow(2 3 -1)
  ---
  duration_ms: 0.078012
  type: 'test'
  ...
# Subtest: malformed effect is rejected: drop-shadow(2 3 1 rgb(NaN,0,0))
ok 292 - malformed effect is rejected: drop-shadow(2 3 1 rgb(NaN,0,0))
  ---
  duration_ms: 0.162456
  type: 'test'
  ...
# Subtest: malformed effect is rejected: drop-shadow(2 3 1 rgb(1,2,3,4,5))
ok 293 - malformed effect is rejected: drop-shadow(2 3 1 rgb(1,2,3,4,5))
  ---
  duration_ms: 0.095241
  type: 'test'
  ...
# Subtest: malformed effect is rejected: blur(1) blur(2)
ok 294 - malformed effect is rejected: blur(1) blur(2)
  ---
  duration_ms: 0.076
  type: 'test'
  ...
# Subtest: invalid effect scalar writes leave the prior value and snapshot unchanged
ok 295 - invalid effect scalar writes leave the prior value and snapshot unchanged
  ---
  duration_ms: 0.388289
  type: 'test'
  ...
# Subtest: effect output padding follows separate blur and signed shadow extents
ok 296 - effect output padding follows separate blur and signed shadow extents
  ---
  duration_ms: 0.360159
  type: 'test'
  ...
# Subtest: effect transition blends null blur, directional depth and gamma-correct shadow color
ok 297 - effect transition blends null blur, directional depth and gamma-correct shadow color
  ---
  duration_ms: 1.052207
  type: 'test'
  ...
# Subtest: incompatible effects and null keyframes use a midpoint switch, not an end jump
ok 298 - incompatible effects and null keyframes use a midpoint switch, not an end jump
  ---
  duration_ms: 0.360869
  type: 'test'
  ...
# Subtest: runtime XAML effect strings, polar resources and transition collections
ok 299 - runtime XAML effect strings, polar resources and transition collections
  ---
  duration_ms: 12.391387
  type: 'test'
  ...
# Subtest: AOT XAML effect strings, polar resources and transition collections
ok 300 - AOT XAML effect strings, polar resources and transition collections
  ---
  duration_ms: 4.606776
  type: 'test'
  ...
# Subtest: effect interface tokens are nonconstructible contracts
ok 301 - effect interface tokens are nonconstructible contracts
  ---
  duration_ms: 0.338929
  type: 'test'
  ...
# Subtest: effect colors reject nonfinite or malformed RGB components before generic color clamping
ok 302 - effect colors reject nonfinite or malformed RGB components before generic color clamping
  ---
  duration_ms: 0.414173
  type: 'test'
  ...
# Subtest: runtime XAML RectangleGeometry has typed Rect bounds and renders inside Image
ok 303 - runtime XAML RectangleGeometry has typed Rect bounds and renders inside Image
  ---
  duration_ms: 28.621553
  type: 'test'
  ...
# Subtest: runtime XAML EllipseGeometry has typed Rect bounds and renders inside Image
ok 304 - runtime XAML EllipseGeometry has typed Rect bounds and renders inside Image
  ---
  duration_ms: 4.707589
  type: 'test'
  ...
# Subtest: runtime XAML LineGeometry parses Point literals
ok 305 - runtime XAML LineGeometry parses Point literals
  ---
  duration_ms: 1.183682
  type: 'test'
  ...
# Subtest: runtime XAML rejects malformed geometry value literals
ok 306 - runtime XAML rejects malformed geometry value literals
  ---
  duration_ms: 1.560014
  type: 'test'
  ...
# Subtest: AOT XAML RectangleGeometry has typed Rect bounds and renders inside Image
ok 307 - AOT XAML RectangleGeometry has typed Rect bounds and renders inside Image
  ---
  duration_ms: 13.432692
  type: 'test'
  ...
# Subtest: AOT XAML EllipseGeometry has typed Rect bounds and renders inside Image
ok 308 - AOT XAML EllipseGeometry has typed Rect bounds and renders inside Image
  ---
  duration_ms: 5.78035
  type: 'test'
  ...
# Subtest: AOT XAML LineGeometry parses Point literals
ok 309 - AOT XAML LineGeometry parses Point literals
  ---
  duration_ms: 2.327368
  type: 'test'
  ...
# Subtest: AOT XAML rejects malformed geometry value literals
ok 310 - AOT XAML rejects malformed geometry value literals
  ---
  duration_ms: 4.521866
  type: 'test'
  ...
# Subtest: geometry literal conversion rejects before replacing an existing typed property value
ok 311 - geometry literal conversion rejects before replacing an existing typed property value
  ---
  duration_ms: 0.587288
  type: 'test'
  ...
# Subtest: gesture collections enforce single ownership, duplicate rejection and immediate batched ownership
ok 312 - gesture collections enforce single ownership, duplicate rejection and immediate batched ownership
  ---
  duration_ms: 10.459929
  type: 'test'
  ...
# Subtest: gesture collection replacement and owner disposal detach contacts without sharing lifetimes
ok 313 - gesture collection replacement and owner disposal detach contacts without sharing lifetimes
  ---
  duration_ms: 0.980663
  type: 'test'
  ...
# Subtest: scroll threshold subtracts its dead zone and captures separately from element capture
ok 314 - scroll threshold subtracts its dead zone and captures separately from element capture
  ---
  duration_ms: 2.710085
  type: 'test'
  ...
# Subtest: Mouse contacts are never converted into touch scrolling
ok 315 - Mouse contacts are never converted into touch scrolling
  ---
  duration_ms: 0.843304
  type: 'test'
  ...
# Subtest: Pen contacts use the same threshold and release contracts as touch
ok 316 - Pen contacts use the same threshold and release contracts as touch
  ---
  duration_ms: 0.879257
  type: 'test'
  ...
# Subtest: unhandled scroll does not steal element capture
ok 317 - unhandled scroll does not steal element capture
  ---
  duration_ms: 1.665221
  type: 'test'
  ...
# Subtest: ScrollViewer cancels a pressed button before dragging can invoke Click
ok 318 - ScrollViewer cancels a pressed button before dragging can invoke Click
  ---
  duration_ms: 19.747175
  type: 'test'
  ...
# Subtest: a normal touch tap still invokes Button.Click once
ok 319 - a normal touch tap still invokes Button.Click once
  ---
  duration_ms: 2.699802
  type: 'test'
  ...
# Subtest: nested boundary-aware scroll recognizers yield to an ancestor that can consume movement
ok 320 - nested boundary-aware scroll recognizers yield to an ancestor that can consume movement
  ---
  duration_ms: 1.665769
  type: 'test'
  ...
# Subtest: pinch reports finite scale, midpoint, angle and exactly one end event
ok 321 - pinch reports finite scale, midpoint, angle and exactly one end event
  ---
  duration_ms: 1.321097
  type: 'test'
  ...
# Subtest: coincident pinch contacts and an extra third contact do not produce NaN or extra captures
ok 322 - coincident pinch contacts and an extra third contact do not produce NaN or extra captures
  ---
  duration_ms: 0.551153
  type: 'test'
  ...
# Subtest: cancel and collection removal release both pinch capture and pending contacts
ok 323 - cancel and collection removal release both pinch capture and pending contacts
  ---
  duration_ms: 0.418014
  type: 'test'
  ...
# Subtest: a second contact upgrades a running scroll to a pinch without leaving scroll state active
ok 324 - a second contact upgrades a running scroll to a pinch without leaving scroll state active
  ---
  duration_ms: 0.565389
  type: 'test'
  ...
# Subtest: PreventGestureRecognition in a tunnel handler suppresses recognizers without suppressing ordinary input
ok 325 - PreventGestureRecognition in a tunnel handler suppresses recognizers without suppressing ordinary input
  ---
  duration_ms: 0.470362
  type: 'test'
  ...
# Subtest: velocity estimator is bounded, rejects reversed time, tolerates duplicate timestamps and stale release
ok 326 - velocity estimator is bounded, rejects reversed time, tolerates duplicate timestamps and stale release
  ---
  duration_ms: 5.992325
  type: 'test'
  ...
# Subtest: inertial displacement is frame-rate independent using analytic integration
ok 327 - inertial displacement is frame-rate independent using analytic integration
  ---
  duration_ms: 2.837298
  type: 'test'
  ...
# Subtest: new press, disabled target, explicit cancellation and disposal stop inertia callbacks
ok 328 - new press, disabled target, explicit cancellation and disposal stop inertia callbacks
  ---
  duration_ms: 1.36682
  type: 'test'
  ...
# Subtest: capture-lost reentrancy preserves the latest capturer
ok 329 - capture-lost reentrancy preserves the latest capturer
  ---
  duration_ms: 0.568318
  type: 'test'
  ...
# Subtest: XAML builds recognizer collections and validates scalar options
ok 330 - XAML builds recognizer collections and validates scalar options
  ---
  duration_ms: 9.194269
  type: 'test'
  ...
# Subtest: cancellation cannot be defeated by a capture-lost handler recapturing
ok 331 - cancellation cannot be defeated by a capture-lost handler recapturing
  ---
  duration_ms: 0.366802
  type: 'test'
  ...
# Subtest: detaching a visual subtree cancels active scroll and releases every contact
ok 332 - detaching a visual subtree cancels active scroll and releases every contact
  ---
  duration_ms: 1.488393
  type: 'test'
  ...
# Subtest: a disposed recognizer stops scheduled inertia, unsubscribes and can never be re-added
ok 333 - a disposed recognizer stops scheduled inertia, unsubscribes and can never be re-added
  ---
  duration_ms: 0.679488
  type: 'test'
  ...
# Subtest: scroll gesture end requests cancel before a subsequent movement is emitted
ok 334 - scroll gesture end requests cancel before a subsequent movement is emitted
  ---
  duration_ms: 0.432604
  type: 'test'
  ...
# Subtest: binary worker transport publishes explicit glyph indices and independent fill/stroke roles
ok 335 - binary worker transport publishes explicit glyph indices and independent fill/stroke roles
  ---
  duration_ms: 86.183934
  type: 'test'
  ...
# Subtest: glyph/path mutations generate immutable resource deltas and preserve font/native reuse
ok 336 - glyph/path mutations generate immutable resource deltas and preserve font/native reuse
  ---
  duration_ms: 44.661737
  type: 'test'
  ...
# Subtest: warm scene capture shares native glyph blob, font descriptor and structured geometry across repaints
ok 337 - warm scene capture shares native glyph blob, font descriptor and structured geometry across repaints
  ---
  duration_ms: 289.749529
  type: 'test'
  ...
# Subtest: a second run with the same cloned face reuses exactly one immutable font resource
ok 338 - a second run with the same cloned face reuses exactly one immutable font resource
  ---
  duration_ms: 15.851387
  type: 'test'
  ...
# Subtest: malformed unknown-glyph rejects before replacing committed render state
ok 339 - malformed unknown-glyph rejects before replacing committed render state
  ---
  duration_ms: 36.116176
  type: 'test'
  ...
# Subtest: malformed invalid-baseline rejects before replacing committed render state
ok 340 - malformed invalid-baseline rejects before replacing committed render state
  ---
  duration_ms: 36.442125
  type: 'test'
  ...
# Subtest: malformed wrong-font-kind rejects before replacing committed render state
ok 341 - malformed wrong-font-kind rejects before replacing committed render state
  ---
  duration_ms: 39.095873
  type: 'test'
  ...
# Subtest: malformed malformed-path rejects before replacing committed render state
ok 342 - malformed malformed-path rejects before replacing committed render state
  ---
  duration_ms: 39.884304
  type: 'test'
  ...
# Subtest: a forged cyclic geometry description fails bounded validation without poisoning native caches
ok 343 - a forged cyclic geometry description fails bounded validation without poisoning native caches
  ---
  duration_ms: 29.192243
  type: 'test'
  ...
# Subtest: removed glyph sources release their server font and run references
ok 344 - removed glyph sources release their server font and run references
  ---
  duration_ms: 21.29407
  type: 'test'
  ...
# Subtest: full worker scene replay reconstructs paths and native glyphs without any UI native handles
ok 345 - full worker scene replay reconstructs paths and native glyphs without any UI native handles
  ---
  duration_ms: 42.628276
  type: 'test'
  ...
# Subtest: positioned glyph transport renders in an actually independent WASM heap
ok 346 - positioned glyph transport renders in an actually independent WASM heap
  ---
  duration_ms: 165.471361
  type: 'test'
  ...
# Subtest: glyph typeface exposes native font metrics and independently owned data/table copies
ok 347 - glyph typeface exposes native font metrics and independently owned data/table copies
  ---
  duration_ms: 23.197551
  type: 'test'
  ...
# Subtest: glyph typeface design advances and metrics agree with native unhinted font
ok 348 - glyph typeface design advances and metrics agree with native unhinted font
  ---
  duration_ms: 27.419693
  type: 'test'
  ...
# Subtest: glyph typeface and immutable run survive disposal of caller-owned original handles
ok 349 - glyph typeface and immutable run survive disposal of caller-owned original handles
  ---
  duration_ms: 31.489081
  type: 'test'
  ...
# Subtest: glyph input records and offsets are immutable snapshots, not caller-owned buffers
ok 350 - glyph input records and offsets are immutable snapshots, not caller-owned buffers
  ---
  duration_ms: 14.349331
  type: 'test'
  ...
# Subtest: glyph run size mutation invalidates immutable descriptors/native state once
ok 351 - glyph run size mutation invalidates immutable descriptors/native state once
  ---
  duration_ms: 16.64343
  type: 'test'
  ...
# Subtest: glyph run baseline mutation invalidates immutable descriptors/native state once
ok 352 - glyph run baseline mutation invalidates immutable descriptors/native state once
  ---
  duration_ms: 15.133161
  type: 'test'
  ...
# Subtest: glyph run characters mutation invalidates immutable descriptors/native state once
ok 353 - glyph run characters mutation invalidates immutable descriptors/native state once
  ---
  duration_ms: 14.122915
  type: 'test'
  ...
# Subtest: glyph run glyphs mutation invalidates immutable descriptors/native state once
ok 354 - glyph run glyphs mutation invalidates immutable descriptors/native state once
  ---
  duration_ms: 8.991922
  type: 'test'
  ...
# Subtest: glyph run bidi mutation invalidates immutable descriptors/native state once
ok 355 - glyph run bidi mutation invalidates immutable descriptors/native state once
  ---
  duration_ms: 9.278714
  type: 'test'
  ...
# Subtest: unchanged native glyph redraws and equivalent baseline assignments retain the same blob
ok 356 - unchanged native glyph redraws and equivalent baseline assignments retain the same blob
  ---
  duration_ms: 14.941334
  type: 'test'
  ...
# Subtest: invalid glyph fields and malformed replacement leave original run intact
ok 357 - invalid glyph fields and malformed replacement leave original run intact
  ---
  duration_ms: 13.923476
  type: 'test'
  ...
# Subtest: glyph-less text has finite baseline metrics and native empty ink
ok 358 - glyph-less text has finite baseline metrics and native empty ink
  ---
  duration_ms: 14.154493
  type: 'test'
  ...
# Subtest: glyph run excludes trailing whitespace without dropping Unicode UTF-16 cluster lengths
ok 359 - glyph run excludes trailing whitespace without dropping Unicode UTF-16 cluster lengths
  ---
  duration_ms: 14.131197
  type: 'test'
  ...
# Subtest: glyph caret cluster navigation in LTR visual order
ok 360 - glyph caret cluster navigation in LTR visual order
  ---
  duration_ms: 11.360926
  type: 'test'
  ...
# Subtest: glyph caret cluster navigation in RTL visual order
ok 361 - glyph caret cluster navigation in RTL visual order
  ---
  duration_ms: 13.429799
  type: 'test'
  ...
# Subtest: glyph navigation handles nonzero source clusters and negative-advance fallback
ok 362 - glyph navigation handles nonzero source clusters and negative-advance fallback
  ---
  duration_ms: 12.342173
  type: 'test'
  ...
# Subtest: native positioned glyph IDs and offsets preserve all RGBA at 1x
ok 363 - native positioned glyph IDs and offsets preserve all RGBA at 1x
  ---
  duration_ms: 36.319243
  type: 'test'
  ...
# Subtest: native positioned glyph IDs and offsets preserve all RGBA at 1.25x
ok 364 - native positioned glyph IDs and offsets preserve all RGBA at 1.25x
  ---
  duration_ms: 31.285083
  type: 'test'
  ...
# Subtest: native positioned glyph IDs and offsets preserve all RGBA at 1.5x
ok 365 - native positioned glyph IDs and offsets preserve all RGBA at 1.5x
  ---
  duration_ms: 25.340846
  type: 'test'
  ...
# Subtest: native positioned glyph IDs and offsets preserve all RGBA at 2x
ok 366 - native positioned glyph IDs and offsets preserve all RGBA at 2x
  ---
  duration_ms: 30.416845
  type: 'test'
  ...
# Subtest: native positioned glyph IDs and offsets preserve all RGBA at 3x
ok 367 - native positioned glyph IDs and offsets preserve all RGBA at 3x
  ---
  duration_ms: 43.810414
  type: 'test'
  ...
# Subtest: glyph run BuildGeometry includes explicit offsets and baseline; overlapping outlines remain filled
ok 368 - glyph run BuildGeometry includes explicit offsets and baseline; overlapping outlines remain filled
  ---
  duration_ms: 23.43824
  type: 'test'
  ...
# Subtest: GlyphRunDrawing tracks mutable runs while DrawingGroup.Open owns an immutable snapshot
ok 369 - GlyphRunDrawing tracks mutable runs while DrawingGroup.Open owns an immutable snapshot
  ---
  duration_ms: 21.531457
  type: 'test'
  ...
# Subtest: runtime XAML GlyphRunDrawing uses actual extension resource and native rendering
ok 370 - runtime XAML GlyphRunDrawing uses actual extension resource and native rendering
  ---
  duration_ms: 26.793973
  type: 'test'
  ...
# Subtest: AOT XAML GlyphRunDrawing uses actual extension resource and native rendering
ok 371 - AOT XAML GlyphRunDrawing uses actual extension resource and native rendering
  ---
  duration_ms: 45.782056
  type: 'test'
  ...
# Subtest: glyph backend registration unwinds out of order and never loads a fallback font silently
ok 372 - glyph backend registration unwinds out of order and never loads a fallback font silently
  ---
  duration_ms: 7.997001
  type: 'test'
  ...
# Subtest: native glyph validation rejects unknown IDs and invalid or oversized font bytes
ok 373 - native glyph validation rejects unknown IDs and invalid or oversized font bytes
  ---
  duration_ms: 8.603601
  type: 'test'
  ...
# Subtest: implicit collection has dictionary and UWP contracts, immutable snapshot and duplicate rejection
ok 374 - implicit collection has dictionary and UWP contracts, immutable snapshot and duplicate rejection
  ---
  duration_ms: 5.124797
  type: 'test'
  ...
# Subtest: implicit ownership accepts shared collections but rejects cross-compositor and disposed resources
ok 375 - implicit ownership accepts shared collections but rejects cross-compositor and disposed resources
  ---
  duration_ms: 0.822319
  type: 'test'
  ...
# Subtest: implicit FinalValue changes base immediately while holding presentation until commit/tick
ok 376 - implicit FinalValue changes base immediately while holding presentation until commit/tick
  ---
  duration_ms: 2.822153
  type: 'test'
  ...
# Subtest: equal values and defensive struct snapshots do not retrigger or change the desired state
ok 377 - equal values and defensive struct snapshots do not retrigger or change the desired state
  ---
  duration_ms: 0.795907
  type: 'test'
  ...
# Subtest: implicit retarget samples the interrupted presentation at setter time without waiting for a frame
ok 378 - implicit retarget samples the interrupted presentation at setter time without waiting for a frame
  ---
  duration_ms: 0.739818
  type: 'test'
  ...
# Subtest: same-clock triggers have distinct identities and captured FinalValue snapshots
ok 379 - same-clock triggers have distinct identities and captured FinalValue snapshots
  ---
  duration_ms: 0.982207
  type: 'test'
  ...
# Subtest: implicit grouped triggers share a clock and pass FinalValue only to the exactly matching target
ok 380 - implicit grouped triggers share a clock and pass FinalValue only to the exactly matching target
  ---
  duration_ms: 1.284063
  type: 'test'
  ...
# Subtest: invalid grouped triggers leave both desired value and running instances untouched
ok 381 - invalid grouped triggers leave both desired value and running instances untouched
  ---
  duration_ms: 1.641828
  type: 'test'
  ...
# Subtest: failed clone releases earlier prepared instances without disposing caller animations
ok 382 - failed clone releases earlier prepared instances without disposing caller animations
  ---
  duration_ms: 1.265384
  type: 'test'
  ...
# Subtest: replacing/removing an implicit collection changes future triggers, not borrowed running snapshots
ok 383 - replacing/removing an implicit collection changes future triggers, not borrowed running snapshots
  ---
  duration_ms: 1.077117
  type: 'test'
  ...
# Subtest: StopAnimation releases its clone and reveals the new implicit base value
ok 384 - StopAnimation releases its clone and reveals the new implicit base value
  ---
  duration_ms: 0.77098
  type: 'test'
  ...
# Subtest: expression StartingValue, CurrentValue and FinalValue are independent inputs
ok 385 - expression StartingValue, CurrentValue and FinalValue are independent inputs
  ---
  duration_ms: 0.932753
  type: 'test'
  ...
# Subtest: implicit SetInitialValueBeforeDelay preserves delay and FinalValue
ok 386 - implicit SetInitialValueBeforeDelay preserves delay and FinalValue
  ---
  duration_ms: 0.637621
  type: 'test'
  ...
# Subtest: implicit SetInitialValueAfterDelay preserves delay and FinalValue
ok 387 - implicit SetInitialValueAfterDelay preserves delay and FinalValue
  ---
  duration_ms: 0.421056
  type: 'test'
  ...
# Subtest: implicit rejects invalid Duration=Infinity atomically
ok 388 - implicit rejects invalid Duration=Infinity atomically
  ---
  duration_ms: 0.466927
  type: 'test'
  ...
# Subtest: implicit rejects invalid DelayTime=NaN atomically
ok 389 - implicit rejects invalid DelayTime=NaN atomically
  ---
  duration_ms: 0.336783
  type: 'test'
  ...
# Subtest: implicit rejects invalid DelayTime=Infinity atomically
ok 390 - implicit rejects invalid DelayTime=Infinity atomically
  ---
  duration_ms: 0.217032
  type: 'test'
  ...
# Subtest: implicit rejects invalid IterationCount=1.5 atomically
ok 391 - implicit rejects invalid IterationCount=1.5 atomically
  ---
  duration_ms: 0.186507
  type: 'test'
  ...
# Subtest: implicit rejects invalid IterationBehavior=invalid atomically
ok 392 - implicit rejects invalid IterationBehavior=invalid atomically
  ---
  duration_ms: 0.238851
  type: 'test'
  ...
# Subtest: implicit rejects invalid Direction=invalid atomically
ok 393 - implicit rejects invalid Direction=invalid atomically
  ---
  duration_ms: 0.17316
  type: 'test'
  ...
# Subtest: implicit rejects invalid DelayBehavior=invalid atomically
ok 394 - implicit rejects invalid DelayBehavior=invalid atomically
  ---
  duration_ms: 0.148126
  type: 'test'
  ...
# Subtest: implicit rejects invalid StopBehavior=invalid atomically
ok 395 - implicit rejects invalid StopBehavior=invalid atomically
  ---
  duration_ms: 0.161222
  type: 'test'
  ...
# Subtest: implicit keyframe type must match its actual property/component
ok 396 - implicit keyframe type must match its actual property/component
  ---
  duration_ms: 0.331434
  type: 'test'
  ...
# Subtest: whole-vector replacement removes conflicting component animations but not sibling properties
ok 397 - whole-vector replacement removes conflicting component animations but not sibling properties
  ---
  duration_ms: 0.477667
  type: 'test'
  ...
# Subtest: implicit runtime XAML layout Offset is absolute, compensated in rendering and hit testing
ok 398 - implicit runtime XAML layout Offset is absolute, compensated in rendering and hit testing
  ---
  duration_ms: 18.033955
  type: 'test'
  ...
# Subtest: implicit AOT XAML layout Offset is absolute, compensated in rendering and hit testing
ok 399 - implicit AOT XAML layout Offset is absolute, compensated in rendering and hit testing
  ---
  duration_ms: 21.871031
  type: 'test'
  ...
# Subtest: stopping one locally completed component preserves a different completed component
ok 400 - stopping one locally completed component preserves a different completed component
  ---
  duration_ms: 0.516036
  type: 'test'
  ...
# Subtest: animation easing and keyframe values are copied for each implicit instance
ok 401 - animation easing and keyframe values are copied for each implicit instance
  ---
  duration_ms: 0.606869
  type: 'test'
  ...
# Subtest: SplineEasing has exact endpoints so an implicit final value does not retain bisection error
ok 402 - SplineEasing has exact endpoints so an implicit final value does not retain bisection error
  ---
  duration_ms: 0.131921
  type: 'test'
  ...
# Subtest: binary implicit trigger carries immutable FinalValue and excludes the client-only collection
ok 403 - binary implicit trigger carries immutable FinalValue and excludes the client-only collection
  ---
  duration_ms: 36.623561
  type: 'test'
  ...
# Subtest: unrelated commits preserve active server presentation and do not replay completed instances
ok 404 - unrelated commits preserve active server presentation and do not replay completed instances
  ---
  duration_ms: 7.49815
  type: 'test'
  ...
# Subtest: retarget derives starting value from render-worker presentation, not a stale client acknowledgement
ok 405 - retarget derives starting value from render-worker presentation, not a stale client acknowledgement
  ---
  duration_ms: 5.263257
  type: 'test'
  ...
# Subtest: same-clock replacements do not collide in binary server identity
ok 406 - same-clock replacements do not collide in binary server identity
  ---
  duration_ms: 3.727854
  type: 'test'
  ...
# Subtest: a new trigger after completion starts from the retained server endpoint without replay
ok 407 - a new trigger after completion starts from the retained server endpoint without replay
  ---
  duration_ms: 3.076794
  type: 'test'
  ...
# Subtest: clearing implicit definitions and assigning a value releases server metadata and final presentation
ok 408 - clearing implicit definitions and assigning a value releases server metadata and final presentation
  ---
  duration_ms: 3.783093
  type: 'test'
  ...
# Subtest: binary SetInitialValueBeforeDelay retains delay semantics
ok 409 - binary SetInitialValueBeforeDelay retains delay semantics
  ---
  duration_ms: 2.692861
  type: 'test'
  ...
# Subtest: binary SetInitialValueAfterDelay retains delay semantics
ok 410 - binary SetInitialValueAfterDelay retains delay semantics
  ---
  duration_ms: 2.710187
  type: 'test'
  ...
# Subtest: reused instance identity with a changed descriptor is rejected without changing live server state
ok 411 - reused instance identity with a changed descriptor is rejected without changing live server state
  ---
  duration_ms: 5.630732
  type: 'test'
  ...
# Subtest: invalid second animation rolls back new clones and preserves the entire server scene
ok 412 - invalid second animation rolls back new clones and preserves the entire server scene
  ---
  duration_ms: 4.358649
  type: 'test'
  ...
# Subtest: component completion, unrelated commits and component stop preserve another completed component
ok 413 - component completion, unrelated commits and component stop preserve another completed component
  ---
  duration_ms: 5.005799
  type: 'test'
  ...
# Subtest: thousands of repeated implicit triggers keep instance ownership bounded and release clocks
ok 414 - thousands of repeated implicit triggers keep instance ownership bounded and release clocks
  ---
  duration_ms: 497.652485
  type: 'test'
  ...
# Subtest: native binary runtime XAML layout animation avoids doubled translation and stale retained pixels
ok 415 - native binary runtime XAML layout animation avoids doubled translation and stale retained pixels
  ---
  duration_ms: 23.10591
  type: 'test'
  ...
# Subtest: native binary AOT XAML layout animation avoids doubled translation and stale retained pixels
ok 416 - native binary AOT XAML layout animation avoids doubled translation and stale retained pixels
  ---
  duration_ms: 26.113691
  type: 'test'
  ...
# Subtest: binary implicit property-set expression preserves Vector4 declared type and FinalValue
ok 417 - binary implicit property-set expression preserves Vector4 declared type and FinalValue
  ---
  duration_ms: 2.67242
  type: 'test'
  ...
# Subtest: binary implicit property-set expression preserves Quaternion declared type and FinalValue
ok 418 - binary implicit property-set expression preserves Quaternion declared type and FinalValue
  ---
  duration_ms: 1.435415
  type: 'test'
  ...
# Subtest: binary implicit property-set expression preserves Matrix4x4 declared type and FinalValue
ok 419 - binary implicit property-set expression preserves Matrix4x4 declared type and FinalValue
  ---
  duration_ms: 1.99978
  type: 'test'
  ...
# Subtest: acknowledged render-worker starting values survive a full renderer recovery snapshot
ok 420 - acknowledged render-worker starting values survive a full renderer recovery snapshot
  ---
  duration_ms: 6.001015
  type: 'test'
  ...
# Subtest: native invalidation: a visual cache never consumes invalidation raised while rendering its snapshot
ok 421 - native invalidation: a visual cache never consumes invalidation raised while rendering its snapshot
  ---
  duration_ms: 21.768291
  type: 'test'
  ...
# Subtest: native invalidation: cached worker visual retains the final composition animation frame
ok 422 - native invalidation: cached worker visual retains the final composition animation frame
  ---
  duration_ms: 29.205947
  type: 'test'
  ...
# Subtest: invalidation: all realized cells and headers follow pixel column resize without hover
ok 423 - invalidation: all realized cells and headers follow pixel column resize without hover
  ---
  duration_ms: 116.971507
  type: 'test'
  ...
# Subtest: invalidation: one control invalidating itself during recording is redrawn on the next capture
ok 424 - invalidation: one control invalidating itself during recording is redrawn on the next capture
  ---
  duration_ms: 2.65677
  type: 'test'
  ...
# Subtest: invalidation: later sibling invalidating an already recorded sibling survives clean-parent reuse
ok 425 - invalidation: later sibling invalidating an already recorded sibling survives clean-parent reuse
  ---
  duration_ms: 2.640181
  type: 'test'
  ...
# Subtest: invalidation: RenderAfter requests do not mark newer content revisions as already recorded
ok 426 - invalidation: RenderAfter requests do not mark newer content revisions as already recorded
  ---
  duration_ms: 1.222758
  type: 'test'
  ...
# Subtest: invalidation: indeterminate progress records changing content without input and stops when disabled
ok 427 - invalidation: indeterminate progress records changing content without input and stops when disabled
  ---
  duration_ms: 36.942558
  type: 'test'
  ...
# Subtest: invalidation: transition from transparent content reaches the worker scene without mouse input
ok 428 - invalidation: transition from transparent content reaches the worker scene without mouse input
  ---
  duration_ms: 7.138539
  type: 'test'
  ...
# Subtest: invalidation: property keyframes generate worker deltas through their final frame
ok 429 - invalidation: property keyframes generate worker deltas through their final frame
  ---
  duration_ms: 3.304083
  type: 'test'
  ...
# Subtest: invalidation: progress resumes after a hidden ancestor is shown without hover
ok 430 - invalidation: progress resumes after a hidden ancestor is shown without hover
  ---
  duration_ms: 4.312574
  type: 'test'
  ...
# Subtest: invalidation: transparent ancestor stops frame requests and showing it resumes progress
ok 431 - invalidation: transparent ancestor stops frame requests and showing it resumes progress
  ---
  duration_ms: 6.084766
  type: 'test'
  ...
# Subtest: invalidation: detached/disposed animation requests do not keep the old root active
ok 432 - invalidation: detached/disposed animation requests do not keep the old root active
  ---
  duration_ms: 1.962418
  type: 'test'
  ...
# Subtest: invalidation: next-frame requests coalesce by owner and preserve unrelated retained drawing
ok 433 - invalidation: next-frame requests coalesce by owner and preserve unrelated retained drawing
  ---
  duration_ms: 2.653555
  type: 'test'
  ...
# Subtest: invalidation: column resize preserves existing binding subscriptions and recycled content presenters
ok 434 - invalidation: column resize preserves existing binding subscriptions and recycled content presenters
  ---
  duration_ms: 43.237193
  type: 'test'
  ...
# Subtest: invalidation: column constraints and star redistribution update cell arrangement in the same pass
ok 435 - invalidation: column constraints and star redistribution update cell arrangement in the same pass
  ---
  duration_ms: 29.3749
  type: 'test'
  ...
# Subtest: invalidation: column hiding and showing update both control layout and retained scene membership
ok 436 - invalidation: column hiding and showing update both control layout and retained scene membership
  ---
  duration_ms: 54.222822
  type: 'test'
  ...
# Subtest: invalidation: backpressure does not consume a render-time invalidation before the next transaction
ok 437 - invalidation: backpressure does not consume a render-time invalidation before the next transaction
  ---
  duration_ms: 2.547567
  type: 'test'
  ...
# Subtest: invalidation: replacing content during an active transition reaches the latest content and final opacity
ok 438 - invalidation: replacing content during an active transition reaches the latest content and final opacity
  ---
  duration_ms: 10.447812
  type: 'test'
  ...
# Subtest: invalidation: animation clock falls back when a worker RAF exists but has no owner window
ok 439 - invalidation: animation clock falls back when a worker RAF exists but has no owner window
  ---
  duration_ms: 47.441291
  type: 'test'
  ...
# Subtest: actual native Skia surface draws pixels and encodes PNG
ok 440 - actual native Skia surface draws pixels and encodes PNG
  ---
  duration_ms: 18.511441
  type: 'test'
  ...
# Subtest: native SVG path geometry has accurate bounds and fill hit testing
ok 441 - native SVG path geometry has accurate bounds and fill hit testing
  ---
  duration_ms: 4.686436
  type: 'test'
  ...
# Subtest: native path boolean intersection produces actual geometry
ok 442 - native path boolean intersection produces actual geometry
  ---
  duration_ms: 2.217018
  type: 'test'
  ...
# Subtest: multiple registered faces in one family retain independent native ownership
ok 443 - multiple registered faces in one family retain independent native ownership
  ---
  duration_ms: 110.802981
  type: 'test'
  ...
# Subtest: retained native paragraph keys are serialized once across repeated shaping queries
ok 444 - retained native paragraph keys are serialized once across repeated shaping queries
  ---
  duration_ms: 66.667762
  type: 'test'
  ...
# Subtest: font handles remain safe when disposed after their owning platform
ok 445 - font handles remain safe when disposed after their owning platform
  ---
  duration_ms: 27.594694
  type: 'test'
  ...
# Subtest: solid native paints are reused without changing the rendered color after eviction
ok 446 - solid native paints are reused without changing the rendered color after eviction
  ---
  duration_ms: 11.556399
  type: 'test'
  ...
# Subtest: GL DOM owner records RGBA without a Skia API and flips rows once
ok 447 - GL DOM owner records RGBA without a Skia API and flips rows once
  ---
  duration_ms: 10.159138
  type: 'test'
  ...
# Subtest: GL worker owner records RGBA without a Skia API and flips rows once
ok 448 - GL worker owner records RGBA without a Skia API and flips rows once
  ---
  duration_ms: 1.490835
  type: 'test'
  ...
# Subtest: GL warm captures reuse the bitmap descriptor and never read pixels again
ok 449 - GL warm captures reuse the bitmap descriptor and never read pixels again
  ---
  duration_ms: 1.086886
  type: 'test'
  ...
# Subtest: GL requested frame replaces immutable descriptor bytes without mutating an in-flight snapshot
ok 450 - GL requested frame replaces immutable descriptor bytes without mutating an in-flight snapshot
  ---
  duration_ms: 1.882649
  type: 'test'
  ...
# Subtest: GL resize releases old bitmap and publishes fresh dimensions
ok 451 - GL resize releases old bitmap and publishes fresh dimensions
  ---
  duration_ms: 1.186032
  type: 'test'
  ...
# Subtest: GL buffer limits fail before native context creation or allocation
ok 452 - GL buffer limits fail before native context creation or allocation
  ---
  duration_ms: 1.972474
  type: 'test'
  ...
# Subtest: GL context loss drops cached pixels and restoration reinitializes once
ok 453 - GL context loss drops cached pixels and restoration reinitializes once
  ---
  duration_ms: 1.913619
  type: 'test'
  ...
# Subtest: GL teardown always releases native context and bitmap even when deinit throws
ok 454 - GL teardown always releases native context and bitmap even when deinit throws
  ---
  duration_ms: 1.55276
  type: 'test'
  ...
# Subtest: GL direct native upload refreshes pixels after a requested frame
ok 455 - GL direct native upload refreshes pixels after a requested frame
  ---
  duration_ms: 146.28929
  type: 'test'
  ...
# Subtest: PathGeometry is a StreamGeometry with upstream figure and segment defaults
ok 456 - PathGeometry is a StreamGeometry with upstream figure and segment defaults
  ---
  duration_ms: 3.76152
  type: 'test'
  ...
# Subtest: unfilled figures contribute stroke but never fill, including geometry hit testing
ok 457 - unfilled figures contribute stroke but never fill, including geometry hit testing
  ---
  duration_ms: 16.025808
  type: 'test'
  ...
# Subtest: non-stroked segments still fill and closed broken contours return to original start
ok 458 - non-stroked segments still fill and closed broken contours return to original start
  ---
  duration_ms: 4.366057
  type: 'test'
  ...
# Subtest: StreamGeometry writer retains independent fill/stroke flags and rejects a concurrent writer
ok 459 - StreamGeometry writer retains independent fill/stroke flags and rejects a concurrent writer
  ---
  duration_ms: 1.051953
  type: 'test'
  ...
# Subtest: StreamGeometry writer abort preserves old path, rule and cache descriptor
ok 460 - StreamGeometry writer abort preserves old path, rule and cache descriptor
  ---
  duration_ms: 0.892737
  type: 'test'
  ...
# Subtest: stream writer publishes path and fill rule as one observable geometry revision
ok 461 - stream writer publishes path and fill rule as one observable geometry revision
  ---
  duration_ms: 0.572222
  type: 'test'
  ...
# Subtest: path geometry writer builds real figures and segment objects with transactional abort
ok 462 - path geometry writer builds real figures and segment objects with transactional abort
  ---
  duration_ms: 2.228418
  type: 'test'
  ...
# Subtest: path markup normalizes complete command stream: m10 20 5 5 h10 v-5 z
ok 463 - path markup normalizes complete command stream: m10 20 5 5 h10 v-5 z
  ---
  duration_ms: 1.155912
  type: 'test'
  ...
# Subtest: path markup normalizes complete command stream: M0 0C1 2 3 4 5 6s2 3 4 5
ok 464 - path markup normalizes complete command stream: M0 0C1 2 3 4 5 6s2 3 4 5
  ---
  duration_ms: 0.909655
  type: 'test'
  ...
# Subtest: path markup normalizes complete command stream: M0 0Q10 20 30 0t30 0
ok 465 - path markup normalizes complete command stream: M0 0Q10 20 30 0t30 0
  ---
  duration_ms: 0.869169
  type: 'test'
  ...
# Subtest: path markup normalizes complete command stream: M.1 -.2 L1e1 +2.5e+1
ok 466 - path markup normalizes complete command stream: M.1 -.2 L1e1 +2.5e+1
  ---
  duration_ms: 0.563871
  type: 'test'
  ...
# Subtest: path markup normalizes complete command stream: F1 M10 20 A30 40 45 0110 60
ok 467 - path markup normalizes complete command stream: F1 M10 20 A30 40 45 0110 60
  ---
  duration_ms: 1.023607
  type: 'test'
  ...
# Subtest: path markup normalizes complete command stream: M1 2L3 4Z m10 10l2 2
ok 468 - path markup normalizes complete command stream: M1 2L3 4Z m10 10l2 2
  ---
  duration_ms: 0.704018
  type: 'test'
  ...
# Subtest: path parser rejects malformed or ambiguous input: L10 20
ok 469 - path parser rejects malformed or ambiguous input: L10 20
  ---
  duration_ms: 0.398906
  type: 'test'
  ...
# Subtest: path parser rejects malformed or ambiguous input: M0
ok 470 - path parser rejects malformed or ambiguous input: M0
  ---
  duration_ms: 0.159885
  type: 'test'
  ...
# Subtest: path parser rejects malformed or ambiguous input: M0 0L
ok 471 - path parser rejects malformed or ambiguous input: M0 0L
  ---
  duration_ms: 0.168524
  type: 'test'
  ...
# Subtest: path parser rejects malformed or ambiguous input: M0 0 X1 2
ok 472 - path parser rejects malformed or ambiguous input: M0 0 X1 2
  ---
  duration_ms: 0.128358
  type: 'test'
  ...
# Subtest: path parser rejects malformed or ambiguous input: M0 0L1e999 2
ok 473 - path parser rejects malformed or ambiguous input: M0 0L1e999 2
  ---
  duration_ms: 0.276806
  type: 'test'
  ...
# Subtest: path parser rejects malformed or ambiguous input: M0 0,
ok 474 - path parser rejects malformed or ambiguous input: M0 0,
  ---
  duration_ms: 0.344926
  type: 'test'
  ...
# Subtest: path parser rejects malformed or ambiguous input: M0 0,,1 2
ok 475 - path parser rejects malformed or ambiguous input: M0 0,,1 2
  ---
  duration_ms: 0.224543
  type: 'test'
  ...
# Subtest: path parser rejects malformed or ambiguous input: M0 0A1 2 3 2 0 5 6
ok 476 - path parser rejects malformed or ambiguous input: M0 0A1 2 3 2 0 5 6
  ---
  duration_ms: 0.227418
  type: 'test'
  ...
# Subtest: path parser rejects malformed or ambiguous input: M0 0A-1 2 3 0 0 5 6
ok 477 - path parser rejects malformed or ambiguous input: M0 0A-1 2 3 0 0 5 6
  ---
  duration_ms: 0.22751
  type: 'test'
  ...
# Subtest: path parser rejects malformed or ambiguous input: Z
ok 478 - path parser rejects malformed or ambiguous input: Z
  ---
  duration_ms: 0.152218
  type: 'test'
  ...
# Subtest: path parser rejects malformed or ambiguous input: M0 0Z Z
ok 479 - path parser rejects malformed or ambiguous input: M0 0Z Z
  ---
  duration_ms: 0.202184
  type: 'test'
  ...
# Subtest: nested geometry changes propagate once and unchanged signatures do not recompile paths
ok 480 - nested geometry changes propagate once and unchanged signatures do not recompile paths
  ---
  duration_ms: 4.254836
  type: 'test'
  ...
# Subtest: path collections enforce typed mutations and reject geometry DAG cycles before mutation
ok 481 - path collections enforce typed mutations and reject geometry DAG cycles before mutation
  ---
  duration_ms: 0.963956
  type: 'test'
  ...
# Subtest: group and child affine transforms participate in native fill/hit/bounds rather than concatenated SVG text
ok 482 - group and child affine transforms participate in native fill/hit/bounds rather than concatenated SVG text
  ---
  duration_ms: 3.981872
  type: 'test'
  ...
# Subtest: geometry Boolean operations retain nested transforms and do not borrow an evicted native input
ok 483 - geometry Boolean operations retain nested transforms and do not borrow an evicted native input
  ---
  duration_ms: 3.393674
  type: 'test'
  ...
# Subtest: geometry backend leases restore prior native provider after a temporary platform is disposed
ok 484 - geometry backend leases restore prior native provider after a temporary platform is disposed
  ---
  duration_ms: 0.316096
  type: 'test'
  ...
# Subtest: native stroked geometry bounds, cap, dash hit testing and widening use actual path outline
ok 485 - native stroked geometry bounds, cap, dash hit testing and widening use actual path outline
  ---
  duration_ms: 12.558955
  type: 'test'
  ...
# Subtest: contour position/tangent and extraction operate on actual native curve
ok 486 - contour position/tangent and extraction operate on actual native curve
  ---
  duration_ms: 1.829581
  type: 'test'
  ...
# Subtest: PolyLineSegment collections notify, clone deeply, and record valid native commands
ok 487 - PolyLineSegment collections notify, clone deeply, and record valid native commands
  ---
  duration_ms: 1.214837
  type: 'test'
  ...
# Subtest: PolyBezierSegment collections notify, clone deeply, and record valid native commands
ok 488 - PolyBezierSegment collections notify, clone deeply, and record valid native commands
  ---
  duration_ms: 0.670265
  type: 'test'
  ...
# Subtest: PolyQuadraticBezierSegment collections notify, clone deeply, and record valid native commands
ok 489 - PolyQuadraticBezierSegment collections notify, clone deeply, and record valid native commands
  ---
  duration_ms: 0.72738
  type: 'test'
  ...
# Subtest: runtime XAML constructs all path segments and string Figures with typed values
ok 490 - runtime XAML constructs all path segments and string Figures with typed values
  ---
  duration_ms: 10.339564
  type: 'test'
  ...
# Subtest: AOT XAML constructs all path segments and string Figures with typed values
ok 491 - AOT XAML constructs all path segments and string Figures with typed values
  ---
  duration_ms: 27.617503
  type: 'test'
  ...
# Subtest: malformed nested geometry descriptions do not allocate partial owned child graphs
ok 492 - malformed nested geometry descriptions do not allocate partial owned child graphs
  ---
  duration_ms: 4.108135
  type: 'test'
  ...
# Subtest: ImageBrush uses native image shader with transparent uniform letterboxing
ok 493 - ImageBrush uses native image shader with transparent uniform letterboxing
  ---
  duration_ms: 23.663974
  type: 'test'
  ...
# Subtest: VisualBrush snapshots actual retained content and refreshes mutable brushes
ok 494 - VisualBrush snapshots actual retained content and refreshes mutable brushes
  ---
  duration_ms: 17.104685
  type: 'test'
  ...
# Subtest: BitmapCache reuses unchanged content, refreshes descendants, and releases on dispose
ok 495 - BitmapCache reuses unchanged content, refreshes descendants, and releases on dispose
  ---
  duration_ms: 11.278634
  type: 'test'
  ...
# Subtest: native blur and drop shadow affect pixels outside original geometry
ok 496 - native blur and drop shadow affect pixels outside original geometry
  ---
  duration_ms: 15.090824
  type: 'test'
  ...
# Subtest: inset shadows are clipped to the border and darken interior edge
ok 497 - inset shadows are clipped to the border and darken interior edge
  ---
  duration_ms: 10.143266
  type: 'test'
  ...
# Subtest: acrylic filters the existing native surface before applying material tint
ok 498 - acrylic filters the existing native surface before applying material tint
  ---
  duration_ms: 4.134196
  type: 'test'
  ...
# Subtest: resource native runtime 1x: theme/reparent/shared mutation updates actual RGBA
ok 499 - resource native runtime 1x: theme/reparent/shared mutation updates actual RGBA
  ---
  duration_ms: 50.642612
  type: 'test'
  ...
# Subtest: resource native AOT 1x: theme/reparent/shared mutation updates actual RGBA
ok 500 - resource native AOT 1x: theme/reparent/shared mutation updates actual RGBA
  ---
  duration_ms: 38.868613
  type: 'test'
  ...
# Subtest: resource native runtime 1.25x: theme/reparent/shared mutation updates actual RGBA
ok 501 - resource native runtime 1.25x: theme/reparent/shared mutation updates actual RGBA
  ---
  duration_ms: 38.88895
  type: 'test'
  ...
# Subtest: resource native AOT 1.25x: theme/reparent/shared mutation updates actual RGBA
ok 502 - resource native AOT 1.25x: theme/reparent/shared mutation updates actual RGBA
  ---
  duration_ms: 38.916125
  type: 'test'
  ...
# Subtest: resource native runtime 1.5x: theme/reparent/shared mutation updates actual RGBA
ok 503 - resource native runtime 1.5x: theme/reparent/shared mutation updates actual RGBA
  ---
  duration_ms: 49.420257
  type: 'test'
  ...
# Subtest: resource native AOT 1.5x: theme/reparent/shared mutation updates actual RGBA
ok 504 - resource native AOT 1.5x: theme/reparent/shared mutation updates actual RGBA
  ---
  duration_ms: 46.892837
  type: 'test'
  ...
# Subtest: resource native runtime 2x: theme/reparent/shared mutation updates actual RGBA
ok 505 - resource native runtime 2x: theme/reparent/shared mutation updates actual RGBA
  ---
  duration_ms: 57.557816
  type: 'test'
  ...
# Subtest: resource native AOT 2x: theme/reparent/shared mutation updates actual RGBA
ok 506 - resource native AOT 2x: theme/reparent/shared mutation updates actual RGBA
  ---
  duration_ms: 73.737893
  type: 'test'
  ...
# Subtest: resource native runtime 3x: theme/reparent/shared mutation updates actual RGBA
ok 507 - resource native runtime 3x: theme/reparent/shared mutation updates actual RGBA
  ---
  duration_ms: 148.421283
  type: 'test'
  ...
# Subtest: resource native AOT 3x: theme/reparent/shared mutation updates actual RGBA
ok 508 - resource native AOT 3x: theme/reparent/shared mutation updates actual RGBA
  ---
  duration_ms: 157.044918
  type: 'test'
  ...
# Subtest: resource AOT fixture is reproducible emitted ESM and does not embed runtime evaluation
ok 509 - resource AOT fixture is reproducible emitted ESM and does not embed runtime evaluation
  ---
  duration_ms: 5.98444
  type: 'test'
  ...
# Subtest: value priorities expose lower priorities when disposed
ok 510 - value priorities expose lower priorities when disposed
  ---
  duration_ms: 2.327549
  type: 'test'
  ...
# Subtest: later same-priority value wins and removal reveals prior
ok 511 - later same-priority value wins and removal reveals prior
  ---
  duration_ms: 0.270806
  type: 'test'
  ...
# Subtest: inheritance notifications and local overrides
ok 512 - inheritance notifications and local overrides
  ---
  duration_ms: 2.674749
  type: 'test'
  ...
# Subtest: inheritance cycles are rejected
ok 513 - inheritance cycles are rejected
  ---
  duration_ms: 0.832106
  type: 'test'
  ...
# Subtest: RxJS observable binding lifecycle and SetCurrentValue
ok 514 - RxJS observable binding lifecycle and SetCurrentValue
  ---
  duration_ms: 0.727101
  type: 'test'
  ...
# Subtest: style observable does not replace local observable binding
ok 515 - style observable does not replace local observable binding
  ---
  duration_ms: 0.40393
  type: 'test'
  ...
# Subtest: direct properties call setter and publish once
ok 516 - direct properties call setter and publish once
  ---
  duration_ms: 0.516591
  type: 'test'
  ...
# Subtest: ReactiveWeb nested source replacement rebinds path
ok 517 - ReactiveWeb nested source replacement rebinds path
  ---
  duration_ms: 6.08373
  type: 'test'
  ...
# Subtest: ReactiveWeb two-way textbox binding
ok 518 - ReactiveWeb two-way textbox binding
  ---
  duration_ms: 5.547254
  type: 'test'
  ...
# Subtest: OneTime binding takes initial source only
ok 519 - OneTime binding takes initial source only
  ---
  duration_ms: 1.101726
  type: 'test'
  ...
# Subtest: binding fallback applies to missing source path
ok 520 - binding fallback applies to missing source path
  ---
  duration_ms: 0.555154
  type: 'test'
  ...
# Subtest: binding target-null replacement preserves null semantics
ok 521 - binding target-null replacement preserves null semantics
  ---
  duration_ms: 0.452695
  type: 'test'
  ...
# Subtest: unsafe binding path rejected: __proto__.polluted
ok 522 - unsafe binding path rejected: __proto__.polluted
  ---
  duration_ms: 0.198354
  type: 'test'
  ...
# Subtest: unsafe binding path rejected: constructor.name
ok 523 - unsafe binding path rejected: constructor.name
  ---
  duration_ms: 0.094695
  type: 'test'
  ...
# Subtest: unsafe binding path rejected: Value["__proto__"]
ok 524 - unsafe binding path rejected: Value["__proto__"]
  ---
  duration_ms: 0.172014
  type: 'test'
  ...
# Subtest: binding path parses array and dictionary indexers
ok 525 - binding path parses array and dictionary indexers
  ---
  duration_ms: 0.259145
  type: 'test'
  ...
# Subtest: dynamic resource updates existing target
ok 526 - dynamic resource updates existing target
  ---
  duration_ms: 3.196361
  type: 'test'
  ...
# Subtest: conditional styles activate and deactivate without defeating local values
ok 527 - conditional styles activate and deactivate without defeating local values
  ---
  duration_ms: 5.971532
  type: 'test'
  ...
# Subtest: attached properties are supported in style setters
ok 528 - attached properties are supported in style setters
  ---
  duration_ms: 0.741713
  type: 'test'
  ...
# Subtest: measure/arrange applies margin and alignment
ok 529 - measure/arrange applies margin and alignment
  ---
  duration_ms: 1.255978
  type: 'test'
  ...
# Subtest: Grid resolves pixel and weighted star columns
ok 530 - Grid resolves pixel and weighted star columns
  ---
  duration_ms: 4.703603
  type: 'test'
  ...
# Subtest: Grid star row behaves as auto under infinite measure
ok 531 - Grid star row behaves as auto under infinite measure
  ---
  duration_ms: 1.073195
  type: 'test'
  ...
# Subtest: Grid layout invalidates after definition changes
ok 532 - Grid layout invalidates after definition changes
  ---
  duration_ms: 2.640549
  type: 'test'
  ...
# Subtest: StackPanel sums children and spacing
ok 533 - StackPanel sums children and spacing
  ---
  duration_ms: 1.432268
  type: 'test'
  ...
# Subtest: WrapPanel starts a new line when width is exceeded
ok 534 - WrapPanel starts a new line when width is exceeded
  ---
  duration_ms: 2.467673
  type: 'test'
  ...
# Subtest: RelativePanel detects circular sibling references
ok 535 - RelativePanel detects circular sibling references
  ---
  duration_ms: 1.415698
  type: 'test'
  ...
# Subtest: visual ownership rejects duplicates and cycles
ok 536 - visual ownership rejects duplicates and cycles
  ---
  duration_ms: 1.224338
  type: 'test'
  ...
# Subtest: headless mouse click invokes a genuine ReactiveCommand
ok 537 - headless mouse click invokes a genuine ReactiveCommand
  ---
  duration_ms: 6.054382
  type: 'test'
  ...
# Subtest: button keyboard activation and disabled state
ok 538 - button keyboard activation and disabled state
  ---
  duration_ms: 1.831474
  type: 'test'
  ...
# Subtest: routed event tunnels before bubbling
ok 539 - routed event tunnels before bubbling
  ---
  duration_ms: 0.467247
  type: 'test'
  ...
# Subtest: virtual ListBox realizes a bounded viewport for 10,000 items
ok 540 - virtual ListBox realizes a bounded viewport for 10,000 items
  ---
  duration_ms: 21.697865
  type: 'test'
  ...
# Subtest: virtual ListBox nested in unconstrained Grid converges
ok 541 - virtual ListBox nested in unconstrained Grid converges
  ---
  duration_ms: 12.33465
  type: 'test'
  ...
# Subtest: Menu rebuild preserves caller-owned MenuItem instances
ok 542 - Menu rebuild preserves caller-owned MenuItem instances
  ---
  duration_ms: 3.436186
  type: 'test'
  ...
# Subtest: scalar XAML resources, attached properties and namescope
ok 543 - scalar XAML resources, attached properties and namescope
  ---
  duration_ms: 12.598985
  type: 'test'
  ...
# Subtest: XAML two-way bindings integrate ReactiveWeb
ok 544 - XAML two-way bindings integrate ReactiveWeb
  ---
  duration_ms: 4.231521
  type: 'test'
  ...
# Subtest: AOT emitter produces executable ESM without eval
ok 545 - AOT emitter produces executable ESM without eval
  ---
  duration_ms: 48.843271
  type: 'test'
  ...
# Subtest: ControlTemplate and TemplateBinding propagate content
ok 546 - ControlTemplate and TemplateBinding propagate content
  ---
  duration_ms: 6.871415
  type: 'test'
  ...
# Subtest: XML parser rejects DOCTYPE
ok 547 - XML parser rejects DOCTYPE
  ---
  duration_ms: 0.257465
  type: 'test'
  ...
# Subtest: XML parser rejects external entity
ok 548 - XML parser rejects external entity
  ---
  duration_ms: 0.286715
  type: 'test'
  ...
# Subtest: XML parser rejects bare ampersand
ok 549 - XML parser rejects bare ampersand
  ---
  duration_ms: 0.103922
  type: 'test'
  ...
# Subtest: XML parser rejects duplicate attribute
ok 550 - XML parser rejects duplicate attribute
  ---
  duration_ms: 0.095621
  type: 'test'
  ...
# Subtest: XML parser rejects mismatched close
ok 551 - XML parser rejects mismatched close
  ---
  duration_ms: 0.078117
  type: 'test'
  ...
# Subtest: XML parser rejects undeclared namespace
ok 552 - XML parser rejects undeclared namespace
  ---
  duration_ms: 0.075261
  type: 'test'
  ...
# Subtest: XML parser rejects multiple roots
ok 553 - XML parser rejects multiple roots
  ---
  duration_ms: 0.079241
  type: 'test'
  ...
# Subtest: XML parser rejects invalid codepoint
ok 554 - XML parser rejects invalid codepoint
  ---
  duration_ms: 0.122794
  type: 'test'
  ...
# Subtest: XML parser enforces nesting limit
ok 555 - XML parser enforces nesting limit
  ---
  duration_ms: 0.256137
  type: 'test'
  ...
# Subtest: XML parser handles namespaced attributes and escaped text
ok 556 - XML parser handles namespaced attributes and escaped text
  ---
  duration_ms: 0.21353
  type: 'test'
  ...
# Subtest: markup extension parser preserves nested expressions and quoted commas
ok 557 - markup extension parser preserves nested expressions and quoted commas
  ---
  duration_ms: 0.148687
  type: 'test'
  ...
# Subtest: unknown XAML types and properties fail rather than being ignored
ok 558 - unknown XAML types and properties fail rather than being ignored
  ---
  duration_ms: 1.082717
  type: 'test'
  ...
# Subtest: XAML property assignment cannot pollute prototypes
ok 559 - XAML property assignment cannot pollute prototypes
  ---
  duration_ms: 0.638956
  type: 'test'
  ...
# Subtest: animation samples keyframes and restores base value
ok 560 - animation samples keyframes and restores base value
  ---
  duration_ms: 1.732642
  type: 'test'
  ...
# Subtest: animation abort releases priority values and subscription
ok 561 - animation abort releases priority values and subscription
  ---
  duration_ms: 0.432168
  type: 'test'
  ...
# Subtest: LRU cache eviction disposes native resources
ok 562 - LRU cache eviction disposes native resources
  ---
  duration_ms: 0.300468
  type: 'test'
  ...
# Subtest: affine matrix inverse restores transformed coordinates
ok 563 - affine matrix inverse restores transformed coordinates
  ---
  duration_ms: 0.104586
  type: 'test'
  ...
# Subtest: Color uses Avalonia ARGB hexadecimal ordering
ok 564 - Color uses Avalonia ARGB hexadecimal ordering
  ---
  duration_ms: 0.215161
  type: 'test'
  ...
# Subtest: Calendar selected date updates the selected-date collection
ok 565 - Calendar selected date updates the selected-date collection
  ---
  duration_ms: 0.779095
  type: 'test'
  ...
# Subtest: ScrollBar derives from RangeBase rather than inheriting reversed Slider behavior
ok 566 - ScrollBar derives from RangeBase rather than inheriting reversed Slider behavior
  ---
  duration_ms: 3.579879
  type: 'test'
  ...
# Subtest: ScrollBar Vertical: proportional drag without jump and release event
ok 567 - ScrollBar Vertical: proportional drag without jump and release event
  ---
  duration_ms: 8.047184
  type: 'test'
  ...
# Subtest: ScrollBar Horizontal: proportional drag without jump and release event
ok 568 - ScrollBar Horizontal: proportional drag without jump and release event
  ---
  duration_ms: 2.138905
  type: 'test'
  ...
# Subtest: ScrollBar tiny viewport bounds never create oversized thumbs or divide by zero
ok 569 - ScrollBar tiny viewport bounds never create oversized thumbs or divide by zero
  ---
  duration_ms: 1.617249
  type: 'test'
  ...
# Subtest: ScrollBar reverse direction is geometry-consistent and keyboard increments follow its orientation
ok 570 - ScrollBar reverse direction is geometry-consistent and keyboard increments follow its orientation
  ---
  duration_ms: 3.283718
  type: 'test'
  ...
# Subtest: ScrollBar track press pages rather than jumps and releases repeat timers
ok 571 - ScrollBar track press pages rather than jumps and releases repeat timers
  ---
  duration_ms: 1.88924
  type: 'test'
  ...
# Subtest: ScrollBar page-repeat progresses while held and stops on capture loss
ok 572 - ScrollBar page-repeat progresses while held and stops on capture loss
  ---
  duration_ms: 86.526915
  type: 'test'
  ...
# Subtest: ScrollBar ignores right clicks and additional pointers during a drag
ok 573 - ScrollBar ignores right clicks and additional pointers during a drag
  ---
  duration_ms: 0.944484
  type: 'test'
  ...
# Subtest: ScrollBar visibility, zero range and explicit values remain coherent
ok 574 - ScrollBar visibility, zero range and explicit values remain coherent
  ---
  duration_ms: 0.802142
  type: 'test'
  ...
# Subtest: ScrollViewer scrollbar hits win over a child Button occupying the complete content
ok 575 - ScrollViewer scrollbar hits win over a child Button occupying the complete content
  ---
  duration_ms: 12.643098
  type: 'test'
  ...
# Subtest: ScrollViewer horizontal and vertical thumbs can independently reach both ends
ok 576 - ScrollViewer horizontal and vertical thumbs can independently reach both ends
  ---
  duration_ms: 8.806255
  type: 'test'
  ...
# Subtest: ScrollViewer deferred scrolling previews the thumb without moving content until release
ok 577 - ScrollViewer deferred scrolling previews the thumb without moving content until release
  ---
  duration_ms: 3.009066
  type: 'test'
  ...
# Subtest: ScrollViewer Hidden permits scrolling but Disabled does not
ok 578 - ScrollViewer Hidden permits scrolling but Disabled does not
  ---
  duration_ms: 2.788783
  type: 'test'
  ...
# Subtest: non-overlay ScrollViewer tracks reserve space and solve cross-axis overflow
ok 579 - non-overlay ScrollViewer tracks reserve space and solve cross-axis overflow
  ---
  duration_ms: 1.458105
  type: 'test'
  ...
# Subtest: ScrollViewer viewport clip prevents content hits and rendering in reserved chrome
ok 580 - ScrollViewer viewport clip prevents content hits and rendering in reserved chrome
  ---
  duration_ms: 2.124291
  type: 'test'
  ...
# Subtest: ScrollViewer resize and content replacement clamp stale offsets and notify extent deltas
ok 581 - ScrollViewer resize and content replacement clamp stale offsets and notify extent deltas
  ---
  duration_ms: 1.875719
  type: 'test'
  ...
# Subtest: ScrollViewer BringIntoView handles both axes, padding and partially visible large targets
ok 582 - ScrollViewer BringIntoView handles both axes, padding and partially visible large targets
  ---
  duration_ms: 3.479565
  type: 'test'
  ...
# Subtest: wheel deltaMode=0 respects CSS pixels, lines or viewport pages
ok 583 - wheel deltaMode=0 respects CSS pixels, lines or viewport pages
  ---
  duration_ms: 2.044038
  type: 'test'
  ...
# Subtest: wheel deltaMode=1 respects CSS pixels, lines or viewport pages
ok 584 - wheel deltaMode=1 respects CSS pixels, lines or viewport pages
  ---
  duration_ms: 3.365654
  type: 'test'
  ...
# Subtest: wheel deltaMode=2 respects CSS pixels, lines or viewport pages
ok 585 - wheel deltaMode=2 respects CSS pixels, lines or viewport pages
  ---
  duration_ms: 2.488491
  type: 'test'
  ...
# Subtest: Shift-wheel scrolls horizontally and disabled chaining consumes boundary input
ok 586 - Shift-wheel scrolls horizontally and disabled chaining consumes boundary input
  ---
  duration_ms: 2.623139
  type: 'test'
  ...
# Subtest: ListBox has an interactive scrollbar without changing selection
ok 587 - ListBox has an interactive scrollbar without changing selection
  ---
  duration_ms: 12.625765
  type: 'test'
  ...
# Subtest: TreeView has an interactive scrollbar without changing selection
ok 588 - TreeView has an interactive scrollbar without changing selection
  ---
  duration_ms: 24.89325
  type: 'test'
  ...
# Subtest: ListBox recycles row controls rather than allocating new containers on every scroll
ok 589 - ListBox recycles row controls rather than allocating new containers on every scroll
  ---
  duration_ms: 93.837606
  type: 'test'
  ...
# Subtest: ListBox horizontal chrome pans wide items without scrolling or selecting rows
ok 590 - ListBox horizontal chrome pans wide items without scrolling or selecting rows
  ---
  duration_ms: 13.502439
  type: 'test'
  ...
# Subtest: TableView both-axis scrollbars exclude headers and preserve header alignment
ok 591 - TableView both-axis scrollbars exclude headers and preserve header alignment
  ---
  duration_ms: 34.400462
  type: 'test'
  ...
# Subtest: multiline TextBox supports vertical drag, wheel, and horizontal pan without changing text or selection
ok 592 - multiline TextBox supports vertical drag, wheel, and horizontal pan without changing text or selection
  ---
  duration_ms: 12.81375
  type: 'test'
  ...
# Subtest: wrapped TextBox disables horizontal chrome and remaps viewport when resizing
ok 593 - wrapped TextBox disables horizontal chrome and remaps viewport when resizing
  ---
  duration_ms: 12.030076
  type: 'test'
  ...
# Subtest: TextBox measurement layouts are retained and disposed with their owner
ok 594 - TextBox measurement layouts are retained and disposed with their owner
  ---
  duration_ms: 2.219468
  type: 'test'
  ...
# Subtest: scroll chrome still works with runtime XAML attached scrollbar options
ok 595 - scroll chrome still works with runtime XAML attached scrollbar options
  ---
  duration_ms: 11.361566
  type: 'test'
  ...
# Subtest: reserved horizontal chrome does not oscillate realization at an item-height boundary
ok 596 - reserved horizontal chrome does not oscillate realization at an item-height boundary
  ---
  duration_ms: 12.100913
  type: 'test'
  ...
# Subtest: TableView header and reserved horizontal track share a stable realization viewport
ok 597 - TableView header and reserved horizontal track share a stable realization viewport
  ---
  duration_ms: 26.46975
  type: 'test'
  ...
# Subtest: ScrollBarMaximum and LargeChange notify bindings for extent-only and viewport-only changes
ok 598 - ScrollBarMaximum and LargeChange notify bindings for extent-only and viewport-only changes
  ---
  duration_ms: 4.05046
  type: 'test'
  ...
# Subtest: RangeBase matches the templated hierarchy and retains finite values on invalid assignments
ok 599 - RangeBase matches the templated hierarchy and retains finite values on invalid assignments
  ---
  duration_ms: 0.748123
  type: 'test'
  ...
# Subtest: RangeBase raises typed ValueChanged events and ScrollBar custom templates have layout and lifetime
ok 600 - RangeBase raises typed ValueChanged events and ScrollBar custom templates have layout and lifetime
  ---
  duration_ms: 1.514718
  type: 'test'
  ...
# Subtest: disjoint virtual scrolling retargets attached scalar presenters without tree churn
ok 601 - disjoint virtual scrolling retargets attached scalar presenters without tree churn
  ---
  duration_ms: 17.870406
  type: 'test'
  ...
# Subtest: surplus recycled scalar rows release prior item data and their empty presenter is owned
ok 602 - surplus recycled scalar rows release prior item data and their empty presenter is owned
  ---
  duration_ms: 10.650573
  type: 'test'
  ...
# Subtest: secondary document waits for load, then releases all lifecycle listeners
ok 603 - secondary document waits for load, then releases all lifecycle listeners
  ---
  duration_ms: 10.482104
  type: 'test'
  ...
# Subtest: secondary already-complete document needs no timer or listener after completion
ok 604 - secondary already-complete document needs no timer or listener after completion
  ---
  duration_ms: 0.395427
  type: 'test'
  ...
# Subtest: secondary document replacement and closed-window startup reject
ok 605 - secondary document replacement and closed-window startup reject
  ---
  duration_ms: 1.266869
  type: 'test'
  ...
# Subtest: secondary document cancellation propagates the exact reason and removes listeners
ok 606 - secondary document cancellation propagates the exact reason and removes listeners
  ---
  duration_ms: 0.499009
  type: 'test'
  ...
# Subtest: secondary document timeout is bounded and removes its lifecycle listeners
ok 607 - secondary document timeout is bounded and removes its lifecycle listeners
  ---
  duration_ms: 6.233424
  type: 'test'
  ...
# Subtest: secondary renderer starts with listeners already installed and accepts only native-ready render role
ok 608 - secondary renderer starts with listeners already installed and accepts only native-ready render role
  ---
  duration_ms: 1.073507
  type: 'test'
  ...
# Subtest: secondary throw failure settles before publishing channels
ok 609 - secondary throw failure settles before publishing channels
  ---
  duration_ms: 0.629343
  type: 'test'
  ...
# Subtest: secondary error failure settles before publishing channels
ok 610 - secondary error failure settles before publishing channels
  ---
  duration_ms: 3.817704
  type: 'test'
  ...
# Subtest: secondary messageerror failure settles before publishing channels
ok 611 - secondary messageerror failure settles before publishing channels
  ---
  duration_ms: 0.451221
  type: 'test'
  ...
# Subtest: secondary bootstrap failure settles before publishing channels
ok 612 - secondary bootstrap failure settles before publishing channels
  ---
  duration_ms: 0.370122
  type: 'test'
  ...
# Subtest: secondary renderer abort before start allocates no worker delivery or listener
ok 613 - secondary renderer abort before start allocates no worker delivery or listener
  ---
  duration_ms: 0.188144
  type: 'test'
  ...
# Subtest: one canceled native-module delivery does not dispose the shared source or affect its sibling
ok 614 - one canceled native-module delivery does not dispose the shared source or affect its sibling
  ---
  duration_ms: 34.158225
  type: 'test'
  ...
# Subtest: pre-aborted delivery never creates a MessageChannel and successful delivery removes its abort listener
ok 615 - pre-aborted delivery never creates a MessageChannel and successful delivery removes its abort listener
  ---
  duration_ms: 2.300717
  type: 'test'
  ...
# Subtest: secondary OpenWindow waits for the popup document and native bootstrap before transferring UI endpoints
ok 616 - secondary OpenWindow waits for the popup document and native bootstrap before transferring UI endpoints
  ---
  duration_ms: 4.128076
  type: 'test'
  ...
# Subtest: secondary constructor failure rolls back popup, channels, host registration and only its own WASM lease
ok 617 - secondary constructor failure rolls back popup, channels, host registration and only its own WASM lease
  ---
  duration_ms: 1.374129
  type: 'test'
  ...
# Subtest: secondary post failure rolls back popup, channels, host registration and only its own WASM lease
ok 618 - secondary post failure rolls back popup, channels, host registration and only its own WASM lease
  ---
  duration_ms: 1.074463
  type: 'test'
  ...
# Subtest: secondary entry failure rolls back popup, channels, host registration and only its own WASM lease
ok 619 - secondary entry failure rolls back popup, channels, host registration and only its own WASM lease
  ---
  duration_ms: 1.398679
  type: 'test'
  ...
# Subtest: secondary disposal during native initialization cancels the pending open instead of awaiting a dead channel
ok 620 - secondary disposal during native initialization cancels the pending open instead of awaiting a dead channel
  ---
  duration_ms: 2.306952
  type: 'test'
  ...
# Subtest: secondary parent disposal during document loading closes the unpublished popup
ok 621 - secondary parent disposal during document loading closes the unpublished popup
  ---
  duration_ms: 0.761751
  type: 'test'
  ...
# Subtest: failed secondary bootstrap rejects actual ShowDialog and WhenOpened, restores owner and disposes the unshown Window
ok 622 - failed secondary bootstrap rejects actual ShowDialog and WhenOpened, restores owner and disposes the unshown Window
  ---
  duration_ms: 6.622648
  type: 'test'
  ...
# Subtest: closing a pending worker Window is safe and rejects late host attachment while releasing its returned ports
ok 623 - closing a pending worker Window is safe and rejects late host attachment while releasing its returned ports
  ---
  duration_ms: 1.313494
  type: 'test'
  ...
# Subtest: secondary committed document requires source, origin, token, final URL and ready state
ok 624 - secondary committed document requires source, origin, token, final URL and ready state
  ---
  duration_ms: 0.890871
  type: 'test'
  ...
# Subtest: secondary acknowledged url mismatch rejects and closes only that popup
ok 625 - secondary acknowledged url mismatch rejects and closes only that popup
  ---
  duration_ms: 0.29473
  type: 'test'
  ...
# Subtest: secondary acknowledged loading mismatch rejects and closes only that popup
ok 626 - secondary acknowledged loading mismatch rejects and closes only that popup
  ---
  duration_ms: 0.227251
  type: 'test'
  ...
# Subtest: secondary acknowledged closed mismatch rejects and closes only that popup
ok 627 - secondary acknowledged closed mismatch rejects and closes only that popup
  ---
  duration_ms: 0.137554
  type: 'test'
  ...
# Subtest: secondary document blocked popup, timeout, cancellation and pre-abort leave no owner listener
ok 628 - secondary document blocked popup, timeout, cancellation and pre-abort leave no owner listener
  ---
  duration_ms: 11.321085
  type: 'test'
  ...
# Subtest: secondary host rejects cross-origin and non-HTTP documents before opening
ok 629 - secondary host rejects cross-origin and non-HTTP documents before opening
  ---
  duration_ms: 0.497342
  type: 'test'
  ...
# Subtest: startup: two workers receive one compilation over distinct original ports
ok 630 - startup: two workers receive one compilation over distinct original ports
  ---
  duration_ms: 39.926398
  type: 'test'
  ...
# Subtest: startup: a renderer restart gets a fresh port without downloading again
ok 631 - startup: a renderer restart gets a fresh port without downloading again
  ---
  duration_ms: 5.687772
  type: 'test'
  ...
# Subtest: startup: module readiness before the request does not drop the delivery
ok 632 - startup: module readiness before the request does not drop the delivery
  ---
  duration_ms: 4.103649
  type: 'test'
  ...
# Subtest: startup: pending compilation is delivered after an early request
ok 633 - startup: pending compilation is delivered after an early request
  ---
  duration_ms: 5.374932
  type: 'test'
  ...
# Subtest: startup: compilation failures reject every waiting worker and permit a retry
ok 634 - startup: compilation failures reject every waiting worker and permit a retry
  ---
  duration_ms: 3.896956
  type: 'test'
  ...
# Subtest: startup: disposal settles waiters, closes ports, and ignores late compilation
ok 635 - startup: disposal settles waiters, closes ports, and ignores late compilation
  ---
  duration_ms: 8.391043
  type: 'test'
  ...
# Subtest: startup: invalid prepared modules reject through the protocol without stranded source ports
ok 636 - startup: invalid prepared modules reject through the protocol without stranded source ports
  ---
  duration_ms: 0.840324
  type: 'test'
  ...
# Subtest: startup: caller timeout bounds both request and preparation lifetimes
ok 637 - startup: caller timeout bounds both request and preparation lifetimes
  ---
  duration_ms: 23.346476
  type: 'test'
  ...
# Subtest: startup: explicit clone fallback acknowledges local compilation
ok 638 - startup: explicit clone fallback acknowledges local compilation
  ---
  duration_ms: 1.287694
  type: 'test'
  ...
# Subtest: startup: agent-cluster messageerror falls back without sharing native state
ok 639 - startup: agent-cluster messageerror falls back without sharing native state
  ---
  duration_ms: 0.594376
  type: 'test'
  ...
# Subtest: startup: malformed protocol, missing port and invalid timeouts reject
ok 640 - startup: malformed protocol, missing port and invalid timeouts reject
  ---
  duration_ms: 1.523322
  type: 'test'
  ...
# Subtest: startup: duplicate worker requests never produce duplicate module deliveries
ok 641 - startup: duplicate worker requests never produce duplicate module deliveries
  ---
  duration_ms: 5.543164
  type: 'test'
  ...
# Subtest: startup: moved browser service classes preserve public constructor identity
ok 642 - startup: moved browser service classes preserve public constructor identity
  ---
  duration_ms: 446.250597
  type: 'test'
  ...
# Subtest: startup: default catalog entry has no eager application or graphics import
ok 643 - startup: default catalog entry has no eager application or graphics import
  ---
  duration_ms: 11.180279
  type: 'test'
  ...
# Subtest: startup: lazy AOT inventory loads only MainView eagerly and preserves all original builders
ok 644 - startup: lazy AOT inventory loads only MainView eagerly and preserves all original builders
  ---
  duration_ms: 108.392938
  type: 'test'
  ...
# Subtest: startup: newer navigation wins even when an earlier AOT module resolves last
ok 645 - startup: newer navigation wins even when an earlier AOT module resolves last
  ---
  duration_ms: 318.286644
  type: 'test'
  ...
# Subtest: startup: Home invalidates a pending route and suppresses its late import failure
ok 646 - startup: Home invalidates a pending route and suppresses its late import failure
  ---
  duration_ms: 167.525926
  type: 'test'
  ...
# Subtest: submission fence resolves its captured frame while a newer animation batch is in flight
ok 647 - submission fence resolves its captured frame while a newer animation batch is in flight
  ---
  duration_ms: 9.925749
  type: 'test'
  ...
# Subtest: submission fence includes backpressured work but never chases later revisions
ok 648 - submission fence includes backpressured work but never chases later revisions
  ---
  duration_ms: 2.228595
  type: 'test'
  ...
# Subtest: submission fences retain independent targets across multiple callers
ok 649 - submission fences retain independent targets across multiple callers
  ---
  duration_ms: 1.495003
  type: 'test'
  ...
# Subtest: semantic no-op capture waits for submission of the acknowledged transaction, not another frame
ok 650 - semantic no-op capture waits for submission of the acknowledged transaction, not another frame
  ---
  duration_ms: 1.2398
  type: 'test'
  ...
# Subtest: submission notification before processed acknowledgement can complete a prepared fence
ok 651 - submission notification before processed acknowledgement can complete a prepared fence
  ---
  duration_ms: 1.22503
  type: 'test'
  ...
# Subtest: hidden submission is requested only for processed work and coalesces outstanding fences
ok 652 - hidden submission is requested only for processed work and coalesces outstanding fences
  ---
  duration_ms: 1.823719
  type: 'test'
  ...
# Subtest: stale generation submissions cannot satisfy current fences
ok 653 - stale generation submissions cannot satisfy current fences
  ---
  duration_ms: 3.249639
  type: 'test'
  ...
# Subtest: renderer failure rejects all pending fences and releases their queue slots
ok 654 - renderer failure rejects all pending fences and releases their queue slots
  ---
  duration_ms: 1.8314
  type: 'test'
  ...
# Subtest: submission fence timeout releases its queue slot
ok 655 - submission fence timeout releases its queue slot
  ---
  duration_ms: 12.066567
  type: 'test'
  ...
# Subtest: submission fence queue remains bounded without abandoning its existing caller
ok 656 - submission fence queue remains bounded without abandoning its existing caller
  ---
  duration_ms: 1.256937
  type: 'test'
  ...
# Subtest: restart during initialization rejects a flush of the previous generation
ok 657 - restart during initialization rejects a flush of the previous generation
  ---
  duration_ms: 0.56053
  type: 'test'
  ...
# Subtest: old hidden-render rejection cannot poison or unlock a restarted renderer
ok 658 - old hidden-render rejection cannot poison or unlock a restarted renderer
  ---
  duration_ms: 1.847086
  type: 'test'
  ...
# Subtest: TableView is a ListBox with live read-only Binding definitions and actual cell controls
ok 659 - TableView is a ListBox with live read-only Binding definitions and actual cell controls
  ---
  duration_ms: 29.335784
  type: 'test'
  ...
# Subtest: TableView XAML assigns Binding rather than evaluating on the column DataContext
ok 660 - TableView XAML assigns Binding rather than evaluating on the column DataContext
  ---
  duration_ms: 11.080106
  type: 'test'
  ...
# Subtest: TableView CellTemplate receives row data and takes precedence over Binding
ok 661 - TableView CellTemplate receives row data and takes precedence over Binding
  ---
  duration_ms: 6.086997
  type: 'test'
  ...
# Subtest: TableView rejects duplicate or cross-owned columns before mutating collections
ok 662 - TableView rejects duplicate or cross-owned columns before mutating collections
  ---
  duration_ms: 5.462587
  type: 'test'
  ...
# Subtest: TableView star, auto, pixel and constrained column widths share one row/header layout
ok 663 - TableView star, auto, pixel and constrained column widths share one row/header layout
  ---
  duration_ms: 16.496683
  type: 'test'
  ...
# Subtest: TableView 10,000 rows recycle real cell containers and release stale bindings
ok 664 - TableView 10,000 rows recycle real cell containers and release stale bindings
  ---
  duration_ms: 150.451757
  type: 'test'
  ...
# Subtest: TableView checkbox cell subscriptions and controls are disposed when recycled
ok 665 - TableView checkbox cell subscriptions and controls are disposed when recycled
  ---
  duration_ms: 13.113695
  type: 'test'
  ...
# Subtest: TableView header click sorting preserves selection identity and can be cancelled
ok 666 - TableView header click sorting preserves selection identity and can be cancelled
  ---
  duration_ms: 21.691282
  type: 'test'
  ...
# Subtest: TableView nullable resize override respects owning table changes
ok 667 - TableView nullable resize override respects owning table changes
  ---
  duration_ms: 2.526438
  type: 'test'
  ...
# Subtest: grapheme boundaries preserve emoji ZWJ, combining marks, flags and CRLF
ok 668 - grapheme boundaries preserve emoji ZWJ, combining marks, flags and CRLF
  ---
  duration_ms: 2.306574
  type: 'test'
  ...
# Subtest: TextBox deletes complete graphemes and enforces MaxLength without lone surrogates
ok 669 - TextBox deletes complete graphemes and enforces MaxLength without lone surrogates
  ---
  duration_ms: 7.129668
  type: 'test'
  ...
# Subtest: a native IME composition is a single undo/redo transaction
ok 670 - a native IME composition is a single undo/redo transaction
  ---
  duration_ms: 1.372623
  type: 'test'
  ...
# Subtest: password masking maps visual caret positions to original UTF-16 boundaries and supports reveal
ok 671 - password masking maps visual caret positions to original UTF-16 boundaries and supports reveal
  ---
  duration_ms: 3.591152
  type: 'test'
  ...
# Subtest: fallback line breaking retains source indices across CRLF and never truncates a grapheme
ok 672 - fallback line breaking retains source indices across CRLF and never truncates a grapheme
  ---
  duration_ms: 0.721934
  type: 'test'
  ...
# Subtest: rich inline ownership, inheritance, dynamic invalidation and XAML loading are functional
ok 673 - rich inline ownership, inheritance, dynamic invalidation and XAML loading are functional
  ---
  duration_ms: 15.882142
  type: 'test'
  ...
# Subtest: native SkParagraph shapes ligatures, Arabic and mixed-direction text with cluster hit testing
ok 674 - native SkParagraph shapes ligatures, Arabic and mixed-direction text with cluster hit testing
  ---
  duration_ms: 59.839444
  type: 'test'
  ...
# Subtest: native rich paragraph rendering uses per-run sizes, colors, wrapping and source indices
ok 675 - native rich paragraph rendering uses per-run sizes, colors, wrapping and source indices
  ---
  duration_ms: 27.830732
  type: 'test'
  ...
# Subtest: native paragraph cache eviction cannot invalidate a retained TextLayout
ok 676 - native paragraph cache eviction cannot invalidate a retained TextLayout
  ---
  duration_ms: 16.772599
  type: 'test'
  ...
# Subtest: inline UI containers participate in native text layout, visual arrangement and hit testing
ok 677 - inline UI containers participate in native text layout, visual arrangement and hit testing
  ---
  duration_ms: 7.971564
  type: 'test'
  ...
# Subtest: TextFormatter consumes source runs, preserves CRLF indices, and returns line-break continuations
ok 678 - TextFormatter consumes source runs, preserves CRLF indices, and returns line-break continuations
  ---
  duration_ms: 4.095111
  type: 'test'
  ...
# Subtest: wrapped formatter lines reuse a paragraph rather than rereading and reshaping the source
ok 679 - wrapped formatter lines reuse a paragraph rather than rereading and reshaping the source
  ---
  duration_ms: 2.00592
  type: 'test'
  ...
# Subtest: source run styles survive formatting and drawing records
ok 680 - source run styles survive formatting and drawing records
  ---
  duration_ms: 1.015948
  type: 'test'
  ...
# Subtest: TextLine caret navigation is UTF-16-indexed and grapheme safe
ok 681 - TextLine caret navigation is UTF-16-indexed and grapheme safe
  ---
  duration_ms: 1.77572
  type: 'test'
  ...
# Subtest: formatter rejects non-advancing runs and oversized paragraphs
ok 682 - formatter rejects non-advancing runs and oversized paragraphs
  ---
  duration_ms: 0.271152
  type: 'test'
  ...
# Subtest: TextLine collapse and interword justification are executable layout operations
ok 683 - TextLine collapse and interword justification are executable layout operations
  ---
  duration_ms: 1.371688
  type: 'test'
  ...
# Subtest: repeated TextBlock rendering retains the same layout without measuring
ok 684 - repeated TextBlock rendering retains the same layout without measuring
  ---
  duration_ms: 6.597679
  type: 'test'
  ...
# Subtest: TextBlock invalidates retained layout for shaping properties, width and inline changes
ok 685 - TextBlock invalidates retained layout for shaping properties, width and inline changes
  ---
  duration_ms: 3.772034
  type: 'test'
  ...
# Subtest: in-place foreground brush changes invalidate native descriptor snapshots
ok 686 - in-place foreground brush changes invalidate native descriptor snapshots
  ---
  duration_ms: 0.741744
  type: 'test'
  ...
# Subtest: text service generations invalidate retained layouts after font changes
ok 687 - text service generations invalidate retained layouts after font changes
  ---
  duration_ms: 0.382462
  type: 'test'
  ...
# Subtest: Control.DrawText retains bounded label layouts and respects mutable brush colors
ok 688 - Control.DrawText retains bounded label layouts and respects mutable brush colors
  ---
  duration_ms: 1.74795
  type: 'test'
  ...
# Subtest: text editor does not rebuild layout on caret or selection changes
ok 689 - text editor does not rebuild layout on caret or selection changes
  ---
  duration_ms: 6.989373
  type: 'test'
  ...
# Subtest: password layout reuse refreshes the logical mapping when equal-length masks hide different clusters
ok 690 - password layout reuse refreshes the logical mapping when equal-length masks hide different clusters
  ---
  duration_ms: 3.174395
  type: 'test'
  ...
# Subtest: grapheme cache is immutable, bounded, and does not expose text in diagnostics
ok 691 - grapheme cache is immutable, bounded, and does not expose text in diagnostics
  ---
  duration_ms: 4.882083
  type: 'test'
  ...
# Subtest: fallback caret hit testing uses logarithmic prefix measurements and reuses them
ok 692 - fallback caret hit testing uses logarithmic prefix measurements and reuses them
  ---
  duration_ms: 79.045632
  type: 'test'
  ...
# Subtest: negative letter spacing retains a non-monotonic fallback hit-test path
ok 693 - negative letter spacing retains a non-monotonic fallback hit-test path
  ---
  duration_ms: 0.803576
  type: 'test'
  ...
# Subtest: provider registrations restore the previous provider after out-of-order disposal
ok 694 - provider registrations restore the previous provider after out-of-order disposal
  ---
  duration_ms: 0.233631
  type: 'test'
  ...
# Subtest: font stretch and letter spacing survive XAML property conversion
ok 695 - font stretch and letter spacing survive XAML property conversion
  ---
  duration_ms: 8.093983
  type: 'test'
  ...
# Subtest: text raster plan includes italic overhang and unusually tall combining-mark ink
ok 696 - text raster plan includes italic overhang and unusually tall combining-mark ink
  ---
  duration_ms: 0.391857
  type: 'test'
  ...
# Subtest: text tiles cover large lines exactly without requiring an oversized canvas
ok 697 - text tiles cover large lines exactly without requiring an oversized canvas
  ---
  duration_ms: 0.759385
  type: 'test'
  ...
# Subtest: device-phase raster destinations land on the original physical pixel grid
ok 698 - device-phase raster destinations land on the original physical pixel grid
  ---
  duration_ms: 0.428832
  type: 'test'
  ...
# Subtest: rotated or sheared text uses the largest affine stretch rather than device DPR alone
ok 699 - rotated or sheared text uses the largest affine stretch rather than device DPR alone
  ---
  duration_ms: 0.13723
  type: 'test'
  ...
# Subtest: invalid raster sizes fail explicitly before allocation
ok 700 - invalid raster sizes fail explicitly before allocation
  ---
  duration_ms: 0.190578
  type: 'test'
  ...
# Subtest: wide fallback paragraph wrapping searches break candidates instead of every prefix
ok 701 - wide fallback paragraph wrapping searches break candidates instead of every prefix
  ---
  duration_ms: 88.655669
  type: 'test'
  ...
# Subtest: fallback ellipsis binary search never splits a grapheme and avoids a quadratic scan
ok 702 - fallback ellipsis binary search never splits a grapheme and avoids a quadratic scan
  ---
  duration_ms: 18.080254
  type: 'test'
  ...
# Subtest: WrapWithOverflow preserves an unbreakable word while Wrap can split it
ok 703 - WrapWithOverflow preserves an unbreakable word while Wrap can split it
  ---
  duration_ms: 0.592738
  type: 'test'
  ...
# Subtest: font metrics establish stable baselines; combining ink does not move line spacing
ok 704 - font metrics establish stable baselines; combining ink does not move line spacing
  ---
  duration_ms: 3.297135
  type: 'test'
  ...
# Subtest: viewport and caret line lookup are logarithmic for a 10000-line document
ok 705 - viewport and caret line lookup are logarithmic for a 10000-line document
  ---
  duration_ms: 28.896055
  type: 'test'
  ...
# Subtest: line aggregation handles documents beyond the JavaScript argument-count limit
ok 706 - line aggregation handles documents beyond the JavaScript argument-count limit
  ---
  duration_ms: 127.246908
  type: 'test'
  ...
# Subtest: MaxLines stops shaping invisible paragraphs after one overflow sentinel
ok 707 - MaxLines stops shaping invisible paragraphs after one overflow sentinel
  ---
  duration_ms: 3.307124
  type: 'test'
  ...
# Subtest: MaxLines with wrapped overflow still marks and fits the ellipsis
ok 708 - MaxLines with wrapped overflow still marks and fits the ellipsis
  ---
  duration_ms: 14.057637
  type: 'test'
  ...
# Subtest: FormattedText retains a borrowed layout and invalidates on brush/font/width changes
ok 709 - FormattedText retains a borrowed layout and invalidates on brush/font/width changes
  ---
  duration_ms: 10.03903
  type: 'test'
  ...
# Subtest: uncacheable rich/feature descriptors still have bounded layout ownership
ok 710 - uncacheable rich/feature descriptors still have bounded layout ownership
  ---
  duration_ms: 0.83426
  type: 'test'
  ...
# Subtest: z-order snapshots are reused and invalidate for values, add/remove and public reorder
ok 711 - z-order snapshots are reused and invalidate for values, add/remove and public reorder
  ---
  duration_ms: 5.202323
  type: 'test'
  ...
# Subtest: typeface descriptors are retained and external mutations do not alter control properties
ok 712 - typeface descriptors are retained and external mutations do not alter control properties
  ---
  duration_ms: 1.394389
  type: 'test'
  ...
# Subtest: scrollbars expose correct automation role/range and automation changes scroll the owner
ok 713 - scrollbars expose correct automation role/range and automation changes scroll the owner
  ---
  duration_ms: 11.345722
  type: 'test'
  ...
# Subtest: wheel mode is sampled before delta values
ok 714 - wheel mode is sampled before delta values
  ---
  duration_ms: 1.571861
  type: 'test'
  ...
# Subtest: deep document caret positions segment only the touched line and preserve CRLF ties
ok 715 - deep document caret positions segment only the touched line and preserve CRLF ties
  ---
  duration_ms: 73.029511
  type: 'test'
  ...
# Subtest: FormattedText culture and disposed borrowed layouts invalidate safely
ok 716 - FormattedText culture and disposed borrowed layouts invalidate safely
  ---
  duration_ms: 0.489297
  type: 'test'
  ...
# Subtest: default scalar content updates retain the owned TextBlock presenter
ok 717 - default scalar content updates retain the owned TextBlock presenter
  ---
  duration_ms: 6.652038
  type: 'test'
  ...
# Subtest: implicit and explicit templates never inherit the default scalar presenter fast path
ok 718 - implicit and explicit templates never inherit the default scalar presenter fast path
  ---
  duration_ms: 1.355793
  type: 'test'
  ...
# Subtest: threading: binary round-trip retains UTF8, floating values, typed buffers and isolated ownership
ok 719 - threading: binary round-trip retains UTF8, floating values, typed buffers and isolated ownership
  ---
  duration_ms: 3.744761
  type: 'test'
  ...
# Subtest: threading: malformed protocol, cycles, dangerous keys and unsupported functions fail closed
ok 720 - threading: malformed protocol, cycles, dangerous keys and unsupported functions fail closed
  ---
  duration_ms: 0.973193
  type: 'test'
  ...
# Subtest: threading: buffer pool is byte bounded and never reuses transferred detached memory
ok 721 - threading: buffer pool is byte bounded and never reuses transferred detached memory
  ---
  duration_ms: 0.394793
  type: 'test'
  ...
# Subtest: threading: backpressure computes the next delta from acknowledged state, preserving prerequisite objects
ok 722 - threading: backpressure computes the next delta from acknowledged state, preserving prerequisite objects
  ---
  duration_ms: 0.616377
  type: 'test'
  ...
# Subtest: threading: clean scene capture does not call Control.Render and placement changes do not rerecord content
ok 723 - threading: clean scene capture does not call Control.Render and placement changes do not rerecord content
  ---
  duration_ms: 9.949721
  type: 'test'
  ...
# Subtest: threading: server applies a portable gradient/text scene without accessing UI controls
ok 724 - threading: server applies a portable gradient/text scene without accessing UI controls
  ---
  duration_ms: 15.103492
  type: 'test'
  ...
# Subtest: threading: invalid graph and sequence are rejected without changing the committed scene
ok 725 - threading: invalid graph and sequence are rejected without changing the committed scene
  ---
  duration_ms: 7.285074
  type: 'test'
  ...
# Subtest: threading: server materializes primitive visual defaults and ticks keyframes without UI access
ok 726 - threading: server materializes primitive visual defaults and ticks keyframes without UI access
  ---
  duration_ms: 13.658828
  type: 'test'
  ...
# Subtest: threading: all node arguments are prepared before scene mutation
ok 727 - threading: all node arguments are prepared before scene mutation
  ---
  duration_ms: 3.751027
  type: 'test'
  ...
# Subtest: threading: delta references cannot delete a still-live resource
ok 728 - threading: delta references cannot delete a still-live resource
  ---
  duration_ms: 2.660131
  type: 'test'
  ...
# Subtest: threading: an unrecorded composition mutation cannot receive an early processed acknowledgement
ok 729 - threading: an unrecorded composition mutation cannot receive an early processed acknowledgement
  ---
  duration_ms: 0.915582
  type: 'test'
  ...
# Subtest: threading: semantic projection emits incremental mutations and preserves node identity
ok 730 - threading: semantic projection emits incremental mutations and preserves node identity
  ---
  duration_ms: 0.687473
  type: 'test'
  ...
# Subtest: threading: control RPC transfers buffers and rejects unknown operations
ok 731 - threading: control RPC transfers buffers and rejects unknown operations
  ---
  duration_ms: 43.955074
  type: 'test'
  ...
# Subtest: threading: control RPC is bounded and rejects pending work on disposal
ok 732 - threading: control RPC is bounded and rejects pending work on disposal
  ---
  duration_ms: 6.607259
  type: 'test'
  ...
# Subtest: threading: ellipse replay preserves center and both radii without per-frame argument arrays
ok 733 - threading: ellipse replay preserves center and both radii without per-frame argument arrays
  ---
  duration_ms: 0.319752
  type: 'test'
  ...
# Subtest: threading: compositor scroll acknowledgement reconciles sequenced deltas once
ok 734 - threading: compositor scroll acknowledgement reconciles sequenced deltas once
  ---
  duration_ms: 1.062958
  type: 'test'
  ...
# Subtest: threading: virtual scroll coverage prevents speculative blank rows and rejects duplicate events
ok 735 - threading: virtual scroll coverage prevents speculative blank rows and rejects duplicate events
  ---
  duration_ms: 0.303937
  type: 'test'
  ...
# Subtest: threading: scroll fast path maps CSS delta modes and updates header and thumb transforms
ok 736 - threading: scroll fast path maps CSS delta modes and updates header and thumb transforms
  ---
  duration_ms: 0.490602
  type: 'test'
  ...
# Subtest: threading: scroll queues are bounded and removed policies cannot retain input
ok 737 - threading: scroll queues are bounded and removed policies cannot retain input
  ---
  duration_ms: 33.419966
  type: 'test'
  ...
# Subtest: threading: fast-scroll policy is explicit and excludes editor, rotated or animated content
ok 738 - threading: fast-scroll policy is explicit and excludes editor, rotated or animated content
  ---
  duration_ms: 24.943217
  type: 'test'
  ...
# Subtest: threading: custom worker messages are queued before connection and acknowledgement trims only consumed messages
ok 739 - threading: custom worker messages are queued before connection and acknowledgement trims only consumed messages
  ---
  duration_ms: 1.484014
  type: 'test'
  ...
# Subtest: threading: registered worker custom handler receives durable state and messages only on server
ok 740 - threading: registered worker custom handler receives durable state and messages only on server
  ---
  duration_ms: 12.053355
  type: 'test'
  ...
# Subtest: threading: a burst of pre-capture composition waits shares one bounded promise
ok 741 - threading: a burst of pre-capture composition waits shares one bounded promise
  ---
  duration_ms: 0.856551
  type: 'test'
  ...
# Subtest: threading: concurrent render RPCs are bounded after initialization and reject on failure
ok 742 - threading: concurrent render RPCs are bounded after initialization and reject on failure
  ---
  duration_ms: 0.49343
  type: 'test'
  ...
# Subtest: threading: clean off-tree VisualBrush retains every nested descendant and tracks changed ink
ok 743 - threading: clean off-tree VisualBrush retains every nested descendant and tracks changed ink
  ---
  duration_ms: 10.496439
  type: 'test'
  ...
# Subtest: property cache: repeated inherited reads do not resolve metadata or priorities again
ok 744 - property cache: repeated inherited reads do not resolve metadata or priorities again
  ---
  duration_ms: 7.808964
  type: 'test'
  ...
# Subtest: property cache: parent handlers immediately observe fresh descendant values
ok 745 - property cache: parent handlers immediately observe fresh descendant values
  ---
  duration_ms: 1.08465
  type: 'test'
  ...
# Subtest: property cache: reparent notifications see all newly inherited descendant properties
ok 746 - property cache: reparent notifications see all newly inherited descendant properties
  ---
  duration_ms: 2.067914
  type: 'test'
  ...
# Subtest: property cache: local shadows isolate their descendants and ClearValue reconnects inheritance
ok 747 - property cache: local shadows isolate their descendants and ClearValue reconnects inheritance
  ---
  duration_ms: 1.118626
  type: 'test'
  ...
# Subtest: property cache: priority removal, animation base values and same-priority order remain correct
ok 748 - property cache: priority removal, animation base values and same-priority order remain correct
  ---
  duration_ms: 0.702262
  type: 'test'
  ...
# Subtest: property cache: changing the order on an existing slot invalidates its winning entry
ok 749 - property cache: changing the order on an existing slot invalidates its winning entry
  ---
  duration_ms: 0.70314
  type: 'test'
  ...
# Subtest: property cache: observable bindings replace cached values and dispose without stale roots
ok 750 - property cache: observable bindings replace cached values and dispose without stale roots
  ---
  duration_ms: 1.545352
  type: 'test'
  ...
# Subtest: property cache: coerced values are never frozen, including through inherited nodes
ok 751 - property cache: coerced values are never frozen, including through inherited nodes
  ---
  duration_ms: 0.542418
  type: 'test'
  ...
# Subtest: property cache: direct getters continue to execute on every read
ok 752 - property cache: direct getters continue to execute on every read
  ---
  duration_ms: 0.504206
  type: 'test'
  ...
# Subtest: property cache: null, undefined, NaN and per-instance factories preserve value semantics
ok 753 - property cache: null, undefined, NaN and per-instance factories preserve value semantics
  ---
  duration_ms: 0.855892
  type: 'test'
  ...
# Subtest: property cache: metadata override invalidates already cached derived defaults
ok 754 - property cache: metadata override invalidates already cached derived defaults
  ---
  duration_ms: 0.32373
  type: 'test'
  ...
# Subtest: property cache: AddOwner and newly registered inherited properties invalidate lookup inventories
ok 755 - property cache: AddOwner and newly registered inherited properties invalidate lookup inventories
  ---
  duration_ms: 1.058522
  type: 'test'
  ...
# Subtest: property cache: metadata can disable inheritance for a derived node and its descendants
ok 756 - property cache: metadata can disable inheritance for a derived node and its descendants
  ---
  duration_ms: 1.015122
  type: 'test'
  ...
# Subtest: property cache: disposed objects release retained resolved entries and factories
ok 757 - property cache: disposed objects release retained resolved entries and factories
  ---
  duration_ms: 0.686824
  type: 'test'
  ...
# Subtest: layout: a batch of leaf arrange invalidations reaches the root only once
ok 758 - layout: a batch of leaf arrange invalidations reaches the root only once
  ---
  duration_ms: 10.908424
  type: 'test'
  ...
# Subtest: layout: a batch of leaf measure invalidations reaches the root only once
ok 759 - layout: a batch of leaf measure invalidations reaches the root only once
  ---
  duration_ms: 1.804423
  type: 'test'
  ...
# Subtest: layout: invalidation raised inside ArrangeOverride is not overwritten
ok 760 - layout: invalidation raised inside ArrangeOverride is not overwritten
  ---
  duration_ms: 2.108914
  type: 'test'
  ...
# Subtest: layout: identity-transform translations are cached but track bounds and nonidentity transforms
ok 761 - layout: identity-transform translations are cached but track bounds and nonidentity transforms
  ---
  duration_ms: 0.877686
  type: 'test'
  ...
# Subtest: table: steady-state disjoint viewport jumps keep row/cell/text visual identities attached
ok 762 - table: steady-state disjoint viewport jumps keep row/cell/text visual identities attached
  ---
  duration_ms: 109.834639
  type: 'test'
  ...
# Subtest: table: recycled scalar bindings unsubscribe old rows and observe their new row
ok 763 - table: recycled scalar bindings unsubscribe old rows and observe their new row
  ---
  duration_ms: 67.038442
  type: 'test'
  ...
# Subtest: table: visible-column cache updates for visibility, replacement and order changes
ok 764 - table: visible-column cache updates for visibility, replacement and order changes
  ---
  duration_ms: 33.65102
  type: 'test'
  ...
# Subtest: table: custom data templates still rebuild and dispose obsolete instances
ok 765 - table: custom data templates still rebuild and dispose obsolete instances
  ---
  duration_ms: 0.770458
  type: 'test'
  ...
# Subtest: render transform: caller mutation cannot poison a cached translation
ok 766 - render transform: caller mutation cannot poison a cached translation
  ---
  duration_ms: 0.266364
  type: 'test'
  ...
# Subtest: button command: parameter and CanExecute notifications invalidate automation state
ok 767 - button command: parameter and CanExecute notifications invalidate automation state
  ---
  duration_ms: 1.620546
  type: 'test'
  ...
# Subtest: editor: masking and read-only changes synchronize the existing native input without a text edit
ok 768 - editor: masking and read-only changes synchronize the existing native input without a text edit
  ---
  duration_ms: 3.803941
  type: 'test'
  ...
# Subtest: Avalonia text raster compatibility exports are the actual upstream functions
ok 769 - Avalonia text raster compatibility exports are the actual upstream functions
  ---
  duration_ms: 1.735225
  type: 'test'
  ...
# Subtest: text module matches the merged upstream Git blob and consumer pins that exact revision
ok 770 - text module matches the merged upstream Git blob and consumer pins that exact revision
  ---
  duration_ms: 7.428029
  type: 'test'
  ...
# Subtest: shared clipped text planning is proportional to the viewport, not line length
ok 771 - shared clipped text planning is proportional to the viewport, not line length
  ---
  duration_ms: 0.791054
  type: 'test'
  ...
# Subtest: worker native perf: device clips are reused through transform-only state changes
ok 772 - worker native perf: device clips are reused through transform-only state changes
  ---
  duration_ms: 36.528652
  type: 'test'
  ...
# Subtest: worker native perf: nested clip and layer changes refresh only at the relevant scope
ok 773 - worker native perf: nested clip and layer changes refresh only at the relevant scope
  ---
  duration_ms: 10.491186
  type: 'test'
  ...
# Subtest: worker native perf: direct native mutation is uncached by default and explicit invalidation is honored
ok 774 - worker native perf: direct native mutation is uncached by default and explicit invalidation is honored
  ---
  duration_ms: 0.757145
  type: 'test'
  ...
# Subtest: worker native perf: cached clip state preserves RGBA through transforms clips opacity geometry and effects
ok 775 - worker native perf: cached clip state preserves RGBA through transforms clips opacity geometry and effects
  ---
  duration_ms: 18.692935
  type: 'test'
  ...
# Subtest: worker perf: packet-local UTF8 dictionary eliminates repeated field and value encoding
ok 776 - worker perf: packet-local UTF8 dictionary eliminates repeated field and value encoding
  ---
  duration_ms: 24.722071
  type: 'test'
  ...
# Subtest: worker perf: string definitions encode into destination storage without temporary encode arrays
ok 777 - worker perf: string definitions encode into destination storage without temporary encode arrays
  ---
  duration_ms: 0.530816
  type: 'test'
  ...
# Subtest: worker perf: dictionary scope is one transaction including transfer-buffer reuse
ok 778 - worker perf: dictionary scope is one transaction including transfer-buffer reuse
  ---
  duration_ms: 0.41903
  type: 'test'
  ...
# Subtest: worker perf: strings preserve Unicode and standard lone-surrogate replacement
ok 779 - worker perf: strings preserve Unicode and standard lone-surrogate replacement
  ---
  duration_ms: 0.688488
  type: 'test'
  ...
# Subtest: worker perf: inline string encoding respects an exact small byte budget
ok 780 - worker perf: inline string encoding respects an exact small byte budget
  ---
  duration_ms: 0.701166
  type: 'test'
  ...
# Subtest: worker perf: invalid and forward dictionary references fail closed
ok 781 - worker perf: invalid and forward dictionary references fail closed
  ---
  duration_ms: 0.197908
  type: 'test'
  ...
# Subtest: worker perf: malformed UTF8 and truncated dictionary payloads fail closed
ok 782 - worker perf: malformed UTF8 and truncated dictionary payloads fail closed
  ---
  duration_ms: 0.283761
  type: 'test'
  ...
# Subtest: worker perf: v1 transaction reading remains available for recorded diagnostics
ok 783 - worker perf: v1 transaction reading remains available for recorded diagnostics
  ---
  duration_ms: 0.114581
  type: 'test'
  ...
# Subtest: worker perf: non-string reference identity is never shared by the dictionary
ok 784 - worker perf: non-string reference identity is never shared by the dictionary
  ---
  duration_ms: 0.357581
  type: 'test'
  ...
# Subtest: worker perf: deterministic nested Unicode/typed-array corpus roundtrips
ok 785 - worker perf: deterministic nested Unicode/typed-array corpus roundtrips
  ---
  duration_ms: 2.056682
  type: 'test'
  ...
# Subtest: worker perf: deeply repeated objects still respect nesting and key safety
ok 786 - worker perf: deeply repeated objects still respect nesting and key safety
  ---
  duration_ms: 0.888699
  type: 'test'
  ...
# Subtest: worker perf: placement-only patches omit retained drawing instructions and resource metadata
ok 787 - worker perf: placement-only patches omit retained drawing instructions and resource metadata
  ---
  duration_ms: 19.001423
  type: 'test'
  ...
# Subtest: worker perf: pending patches are rebased against ACK, not an intermediate desired state
ok 788 - worker perf: pending patches are rebased against ACK, not an intermediate desired state
  ---
  duration_ms: 0.413401
  type: 'test'
  ...
# Subtest: worker perf: patch rejects missing target without mutating scene
ok 789 - worker perf: patch rejects missing target without mutating scene
  ---
  duration_ms: 2.633192
  type: 'test'
  ...
# Subtest: worker perf: patch rejects Id replacement without mutating scene
ok 790 - worker perf: patch rejects Id replacement without mutating scene
  ---
  duration_ms: 3.129556
  type: 'test'
  ...
# Subtest: worker perf: patch rejects unknown field without mutating scene
ok 791 - worker perf: patch rejects unknown field without mutating scene
  ---
  duration_ms: 3.546965
  type: 'test'
  ...
# Subtest: worker perf: patch rejects prototype member without mutating scene
ok 792 - worker perf: patch rejects prototype member without mutating scene
  ---
  duration_ms: 2.874701
  type: 'test'
  ...
# Subtest: worker perf: conflicting patch/remove operations and patches in full snapshots are rejected
ok 793 - worker perf: conflicting patch/remove operations and patches in full snapshots are rejected
  ---
  duration_ms: 1.824807
  type: 'test'
  ...
# Subtest: worker perf: patched commands are checked even when content revision is unchanged
ok 794 - worker perf: patched commands are checked even when content revision is unchanged
  ---
  duration_ms: 1.788038
  type: 'test'
  ...
# Subtest: worker perf: changed native descriptors fail before committed state is replaced
ok 795 - worker perf: changed native descriptors fail before committed state is replaced
  ---
  duration_ms: 2.622548
  type: 'test'
  ...
# Subtest: worker perf: removal revalidates cached references of untouched display lists
ok 796 - worker perf: removal revalidates cached references of untouched display lists
  ---
  duration_ms: 2.739868
  type: 'test'
  ...
# Subtest: worker perf: placement-only transaction does not repeat graph validation
ok 797 - worker perf: placement-only transaction does not repeat graph validation
  ---
  duration_ms: 2.779621
  type: 'test'
  ...
# Subtest: worker perf: cached descriptors are immutable, including nested clip arrays
ok 798 - worker perf: cached descriptors are immutable, including nested clip arrays
  ---
  duration_ms: 3.288867
  type: 'test'
  ...
# Subtest: worker perf: cycle inserted by a patch is rejected after prior topology was cached
ok 799 - worker perf: cycle inserted by a patch is rejected after prior topology was cached
  ---
  duration_ms: 1.363647
  type: 'test'
  ...
# Subtest: worker perf: actual resource references participate in cycle checks even without declared Depends
ok 800 - worker perf: actual resource references participate in cycle checks even without declared Depends
  ---
  duration_ms: 2.064894
  type: 'test'
  ...
# Subtest: worker perf: retained reference summaries handle deep shared descriptors without rescanning
ok 801 - worker perf: retained reference summaries handle deep shared descriptors without rescanning
  ---
  duration_ms: 5.614873
  type: 'test'
  ...
# Subtest: worker perf: off-tree VisualBrush in a TEXT RESOURCE stays live and invalidates independently
ok 802 - worker perf: off-tree VisualBrush in a TEXT RESOURCE stays live and invalidates independently
  ---
  duration_ms: 3.676189
  type: 'test'
  ...
# Subtest: worker perf: equal independent text layouts share one immutable resource
ok 803 - worker perf: equal independent text layouts share one immutable resource
  ---
  duration_ms: 0.458122
  type: 'test'
  ...
# Subtest: worker perf: text resource interning preserves width, color, typeface and spacing differences
ok 804 - worker perf: text resource interning preserves width, color, typeface and spacing differences
  ---
  duration_ms: 1.280218
  type: 'test'
  ...
# Subtest: worker perf: one shared-resource owner changing revision cannot overwrite another owner
ok 805 - worker perf: one shared-resource owner changing revision cannot overwrite another owner
  ---
  duration_ms: 0.172195
  type: 'test'
  ...
# Subtest: worker perf: shared text is retained until its last visible consumer is gone
ok 806 - worker perf: shared text is retained until its last visible consumer is gone
  ---
  duration_ms: 4.194885
  type: 'test'
  ...
# Subtest: worker perf: no-editor acknowledgement traffic is suppressed but focus/editor updates are not
ok 807 - worker perf: no-editor acknowledgement traffic is suppressed but focus/editor updates are not
  ---
  duration_ms: 0.499027
  type: 'test'
  ...
# Subtest: worker perf: key/focus event forwarding does not force a canvas layout read
ok 808 - worker perf: key/focus event forwarding does not force a canvas layout read
  ---
  duration_ms: 0.417427
  type: 'test'
  ...
# Subtest: worker perf: submitted/frame duplicate notification projects state once but acknowledges credit
ok 809 - worker perf: submitted/frame duplicate notification projects state once but acknowledges credit
  ---
  duration_ms: 0.832275
  type: 'test'
  ...
# Subtest: worker perf: exact identity transforms skip native state operations without losing ink
ok 810 - worker perf: exact identity transforms skip native state operations without losing ink
  ---
  duration_ms: 2.314722
  type: 'test'
  ...
# Subtest: bootstrap installs message handler synchronously without importing the runtime
ok 811 - bootstrap installs message handler synchronously without importing the runtime
  ---
  duration_ms: 6.421578
  type: 'test'
  ...
# Subtest: bootstrap owns the original transferred objects before top-level await resolves
ok 812 - bootstrap owns the original transferred objects before top-level await resolves
  ---
  duration_ms: 5.754446
  type: 'test'
  ...
# Subtest: duplicate initialize is ignored while graph is suspended and after ready
ok 813 - duplicate initialize is ignored while graph is suspended and after ready
  ---
  duration_ms: 0.749461
  type: 'test'
  ...
# Subtest: non-initialization messages do not trigger graph import or allocate a queue
ok 814 - non-initialization messages do not trigger graph import or allocate a queue
  ---
  duration_ms: 0.840779
  type: 'test'
  ...
# Subtest: bootstrap reports sync-import and closes instead of timing out
ok 815 - bootstrap reports sync-import and closes instead of timing out
  ---
  duration_ms: 1.298052
  type: 'test'
  ...
# Subtest: bootstrap reports async-import and closes instead of timing out
ok 816 - bootstrap reports async-import and closes instead of timing out
  ---
  duration_ms: 0.718593
  type: 'test'
  ...
# Subtest: bootstrap reports missing-export and closes instead of timing out
ok 817 - bootstrap reports missing-export and closes instead of timing out
  ---
  duration_ms: 0.646088
  type: 'test'
  ...
# Subtest: bootstrap reports entry-rejection and closes instead of timing out
ok 818 - bootstrap reports entry-rejection and closes instead of timing out
  ---
  duration_ms: 2.086025
  type: 'test'
  ...
# Subtest: startup stage notifications remain ordered while the entry is awaiting work
ok 819 - startup stage notifications remain ordered while the entry is awaiting work
  ---
  duration_ms: 1.866789
  type: 'test'
  ...
# Subtest: production entry generation embeds bootstrap instead of statically importing asynchronous dependencies
ok 820 - production entry generation embeds bootstrap instead of statically importing asynchronous dependencies
  ---
  duration_ms: 9.822507
  type: 'test'
  ...
# Subtest: render-worker bootstrap failure does not attempt to reuse or retransfer its canvas
ok 821 - render-worker bootstrap failure does not attempt to reuse or retransfer its canvas
  ---
  duration_ms: 3.311588
  type: 'test'
  ...
# Subtest: disposing a not-yet-ready renderer settles initialization instead of leaving a pending promise
ok 822 - disposing a not-yet-ready renderer settles initialization instead of leaving a pending promise
  ---
  duration_ms: 1.680795
  type: 'test'
  ...
# Subtest: XAML explicit constructor overloads preserve argument types in runtime and direct AOT
ok 823 - XAML explicit constructor overloads preserve argument types in runtime and direct AOT
  ---
  duration_ms: 26.660073
  type: 'test'
  ...
# Subtest: XAML registered factories receive optional and variadic arguments without eval
ok 824 - XAML registered factories receive optional and variadic arguments without eval
  ---
  duration_ms: 8.087096
  type: 'test'
  ...
# Subtest: XAML generic factories cache closed types and typed arrays reject incompatible elements
ok 825 - XAML generic factories cache closed types and typed arrays reject incompatible elements
  ---
  duration_ms: 16.886753
  type: 'test'
  ...
# Subtest: XAML array resources remain keyed and nested object arguments do not become RootObject
ok 826 - XAML array resources remain keyed and nested object arguments do not become RootObject
  ---
  duration_ms: 8.572059
  type: 'test'
  ...
# Subtest: XAML failure disposes constructed objects once in both execution paths
ok 827 - XAML failure disposes constructed objects once in both execution paths
  ---
  duration_ms: 3.342454
  type: 'test'
  ...
# Subtest: overload ambiguity, nullability and numeric validation are explicit
ok 828 - overload ambiguity, nullability and numeric validation are explicit
  ---
  duration_ms: 1.682512
  type: 'test'
  ...
# Subtest: XAML duplicate constructor directives and missing generic arity fail before silent defaults
ok 829 - XAML duplicate constructor directives and missing generic arity fail before silent defaults
  ---
  duration_ms: 1.432602
  type: 'test'
  ...
# Subtest: resource XAML runtime: default and explicit shared true are lazy once, false builds separately
ok 830 - resource XAML runtime: default and explicit shared true are lazy once, false builds separately
  ---
  duration_ms: 18.087973
  type: 'test'
  ...
# Subtest: resource XAML runtime: unshared controls can be adopted by separate content parents
ok 831 - resource XAML runtime: unshared controls can be adopted by separate content parents
  ---
  duration_ms: 11.87019
  type: 'test'
  ...
# Subtest: resource XAML runtime: named values are eager; names inside templates do not force creation
ok 832 - resource XAML runtime: named values are eager; names inside templates do not force creation
  ---
  duration_ms: 5.992395
  type: 'test'
  ...
# Subtest: resource XAML runtime: value types and strings stay eager and shared false outside dictionaries does not duplicate
ok 833 - resource XAML runtime: value types and strings stay eager and shared false outside dictionaries does not duplicate
  ---
  duration_ms: 5.223273
  type: 'test'
  ...
# Subtest: resource XAML runtime: malformed sharing metadata fails before resource creation
ok 834 - resource XAML runtime: malformed sharing metadata fails before resource creation
  ---
  duration_ms: 1.973665
  type: 'test'
  ...
# Subtest: resource XAML runtime: forward lexical dependencies resolve inside a standalone dictionary
ok 835 - resource XAML runtime: forward lexical dependencies resolve inside a standalone dictionary
  ---
  duration_ms: 2.758046
  type: 'test'
  ...
# Subtest: resource XAML runtime: explicit dictionary populates its real owner and observes updates before realization
ok 836 - resource XAML runtime: explicit dictionary populates its real owner and observes updates before realization
  ---
  duration_ms: 3.530673
  type: 'test'
  ...
# Subtest: resource XAML runtime: deferred markup services retain declaring root, URI, namescope and parents
ok 837 - resource XAML runtime: deferred markup services retain declaring root, URI, namescope and parents
  ---
  duration_ms: 3.927441
  type: 'test'
  ...
# Subtest: resource XAML runtime: deferred bindings preserve typed compile context and inherited data context
ok 838 - resource XAML runtime: deferred bindings preserve typed compile context and inherited data context
  ---
  duration_ms: 8.246346
  type: 'test'
  ...
# Subtest: resource XAML runtime: static override of the same key falls through to its merged value
ok 839 - resource XAML runtime: static override of the same key falls through to its merged value
  ---
  duration_ms: 4.386595
  type: 'test'
  ...
# Subtest: resource XAML runtime: dynamic resource in a deferred brush follows declaration theme
ok 840 - resource XAML runtime: dynamic resource in a deferred brush follows declaration theme
  ---
  duration_ms: 5.458134
  type: 'test'
  ...
# Subtest: resource XAML runtime: nested declaration uses nearest theme not original document root
ok 841 - resource XAML runtime: nested declaration uses nearest theme not original document root
  ---
  duration_ms: 4.258023
  type: 'test'
  ...
# Subtest: resource XAML runtime: failing deferred construction disposes only failed graph and retries cleanly
ok 842 - resource XAML runtime: failing deferred construction disposes only failed graph and retries cleanly
  ---
  duration_ms: 5.015009
  type: 'test'
  ...
# Subtest: resource XAML runtime: declaration names survive late resource realization and independent template scopes
ok 843 - resource XAML runtime: declaration names survive late resource realization and independent template scopes
  ---
  duration_ms: 3.45261
  type: 'test'
  ...
# Subtest: resource XAML runtime: resources inside reusable templates are independent per template instance
ok 844 - resource XAML runtime: resources inside reusable templates are independent per template instance
  ---
  duration_ms: 3.834275
  type: 'test'
  ...
# Subtest: resource XAML AOT: default and explicit shared true are lazy once, false builds separately
ok 845 - resource XAML AOT: default and explicit shared true are lazy once, false builds separately
  ---
  duration_ms: 26.894693
  type: 'test'
  ...
# Subtest: resource XAML AOT: unshared controls can be adopted by separate content parents
ok 846 - resource XAML AOT: unshared controls can be adopted by separate content parents
  ---
  duration_ms: 9.050798
  type: 'test'
  ...
# Subtest: resource XAML AOT: named values are eager; names inside templates do not force creation
ok 847 - resource XAML AOT: named values are eager; names inside templates do not force creation
  ---
  duration_ms: 4.757816
  type: 'test'
  ...
# Subtest: resource XAML AOT: value types and strings stay eager and shared false outside dictionaries does not duplicate
ok 848 - resource XAML AOT: value types and strings stay eager and shared false outside dictionaries does not duplicate
  ---
  duration_ms: 5.505355
  type: 'test'
  ...
# Subtest: resource XAML AOT: malformed sharing metadata fails before resource creation
ok 849 - resource XAML AOT: malformed sharing metadata fails before resource creation
  ---
  duration_ms: 4.117839
  type: 'test'
  ...
# Subtest: resource XAML AOT: forward lexical dependencies resolve inside a standalone dictionary
ok 850 - resource XAML AOT: forward lexical dependencies resolve inside a standalone dictionary
  ---
  duration_ms: 6.592505
  type: 'test'
  ...
# Subtest: resource XAML AOT: explicit dictionary populates its real owner and observes updates before realization
ok 851 - resource XAML AOT: explicit dictionary populates its real owner and observes updates before realization
  ---
  duration_ms: 18.124024
  type: 'test'
  ...
# Subtest: resource XAML AOT: deferred markup services retain declaring root, URI, namescope and parents
ok 852 - resource XAML AOT: deferred markup services retain declaring root, URI, namescope and parents
  ---
  duration_ms: 9.18155
  type: 'test'
  ...
# Subtest: resource XAML AOT: deferred bindings preserve typed compile context and inherited data context
ok 853 - resource XAML AOT: deferred bindings preserve typed compile context and inherited data context
  ---
  duration_ms: 5.568247
  type: 'test'
  ...
# Subtest: resource XAML AOT: static override of the same key falls through to its merged value
ok 854 - resource XAML AOT: static override of the same key falls through to its merged value
  ---
  duration_ms: 12.648524
  type: 'test'
  ...
# Subtest: resource XAML AOT: dynamic resource in a deferred brush follows declaration theme
ok 855 - resource XAML AOT: dynamic resource in a deferred brush follows declaration theme
  ---
  duration_ms: 10.556269
  type: 'test'
  ...
# Subtest: resource XAML AOT: nested declaration uses nearest theme not original document root
ok 856 - resource XAML AOT: nested declaration uses nearest theme not original document root
  ---
  duration_ms: 9.18587
  type: 'test'
  ...
# Subtest: resource XAML AOT: failing deferred construction disposes only failed graph and retries cleanly
ok 857 - resource XAML AOT: failing deferred construction disposes only failed graph and retries cleanly
  ---
  duration_ms: 3.465534
  type: 'test'
  ...
# Subtest: resource XAML AOT: declaration names survive late resource realization and independent template scopes
ok 858 - resource XAML AOT: declaration names survive late resource realization and independent template scopes
  ---
  duration_ms: 8.95328
  type: 'test'
  ...
# Subtest: resource XAML AOT: resources inside reusable templates are independent per template instance
ok 859 - resource XAML AOT: resources inside reusable templates are independent per template instance
  ---
  duration_ms: 7.476541
  type: 'test'
  ...
# Subtest: resource AOT: lazy callback invokes direct ESM constructors without interpreting resource AST
ok 860 - resource AOT: lazy callback invokes direct ESM constructors without interpreting resource AST
  ---
  duration_ms: 8.64385
  type: 'test'
  ...
# Subtest: resource XAML runtime: events in late resources retain original file code-behind
ok 861 - resource XAML runtime: events in late resources retain original file code-behind
  ---
  duration_ms: 4.880429
  type: 'test'
  ...
# Subtest: resource XAML AOT: events in late resources retain original file code-behind
ok 862 - resource XAML AOT: events in late resources retain original file code-behind
  ---
  duration_ms: 5.932885
  type: 'test'
  ...
# Subtest: resource XAML runtime True: resource key extensions run at declaration exactly once
ok 863 - resource XAML runtime True: resource key extensions run at declaration exactly once
  ---
  duration_ms: 2.416208
  type: 'test'
  ...
# Subtest: resource XAML runtime False: resource key extensions run at declaration exactly once
ok 864 - resource XAML runtime False: resource key extensions run at declaration exactly once
  ---
  duration_ms: 2.24367
  type: 'test'
  ...
# Subtest: resource XAML AOT True: resource key extensions run at declaration exactly once
ok 865 - resource XAML AOT True: resource key extensions run at declaration exactly once
  ---
  duration_ms: 3.850387
  type: 'test'
  ...
# Subtest: resource XAML AOT False: resource key extensions run at declaration exactly once
ok 866 - resource XAML AOT False: resource key extensions run at declaration exactly once
  ---
  duration_ms: 12.03187
  type: 'test'
  ...
# Subtest: resource definitions scale to a thousand dormant controls without running constructors
ok 867 - resource definitions scale to a thousand dormant controls without running constructors
  ---
  duration_ms: 452.969392
  type: 'test'
  ...
# Subtest: resource catalog actions change only the unshared brush and materialize the deferred control once
ok 868 - resource catalog actions change only the unshared brush and materialize the deferred control once
  ---
  duration_ms: 136.839019
  type: 'test'
  ...
# Subtest: namespace runtime/AOT false: attached binding and worker pixels at 1x
ok 869 - namespace runtime/AOT false: attached binding and worker pixels at 1x
  ---
  duration_ms: 69.075059
  type: 'test'
  ...
# Subtest: namespace runtime/AOT false: attached binding and worker pixels at 1.25x
ok 870 - namespace runtime/AOT false: attached binding and worker pixels at 1.25x
  ---
  duration_ms: 15.203996
  type: 'test'
  ...
# Subtest: namespace runtime/AOT false: attached binding and worker pixels at 1.5x
ok 871 - namespace runtime/AOT false: attached binding and worker pixels at 1.5x
  ---
  duration_ms: 16.489278
  type: 'test'
  ...
# Subtest: namespace runtime/AOT false: attached binding and worker pixels at 2x
ok 872 - namespace runtime/AOT false: attached binding and worker pixels at 2x
  ---
  duration_ms: 30.769346
  type: 'test'
  ...
# Subtest: namespace runtime/AOT false: attached binding and worker pixels at 3x
ok 873 - namespace runtime/AOT false: attached binding and worker pixels at 3x
  ---
  duration_ms: 54.151938
  type: 'test'
  ...
# Subtest: namespace runtime/AOT true: attached binding and worker pixels at 1x
ok 874 - namespace runtime/AOT true: attached binding and worker pixels at 1x
  ---
  duration_ms: 19.794961
  type: 'test'
  ...
# Subtest: namespace runtime/AOT true: attached binding and worker pixels at 1.25x
ok 875 - namespace runtime/AOT true: attached binding and worker pixels at 1.25x
  ---
  duration_ms: 25.502484
  type: 'test'
  ...
# Subtest: namespace runtime/AOT true: attached binding and worker pixels at 1.5x
ok 876 - namespace runtime/AOT true: attached binding and worker pixels at 1.5x
  ---
  duration_ms: 16.761752
  type: 'test'
  ...
# Subtest: namespace runtime/AOT true: attached binding and worker pixels at 2x
ok 877 - namespace runtime/AOT true: attached binding and worker pixels at 2x
  ---
  duration_ms: 33.642588
  type: 'test'
  ...
# Subtest: namespace runtime/AOT true: attached binding and worker pixels at 3x
ok 878 - namespace runtime/AOT true: attached binding and worker pixels at 3x
  ---
  duration_ms: 53.513129
  type: 'test'
  ...
# Subtest: runtime Ignorable drops attributes and complete subtrees before extension parsing
ok 879 - runtime Ignorable drops attributes and complete subtrees before extension parsing
  ---
  duration_ms: 13.8542
  type: 'test'
  ...
# Subtest: runtime Ignorable is URI based when a child rebinds the lexical prefix
ok 880 - runtime Ignorable is URI based when a child rebinds the lexical prefix
  ---
  duration_ms: 4.454509
  type: 'test'
  ...
# Subtest: runtime local Ignorable does not leak across empty or nonempty sibling elements
ok 881 - runtime local Ignorable does not leak across empty or nonempty sibling elements
  ---
  duration_ms: 7.053504
  type: 'test'
  ...
# Subtest: runtime mapped ignorable namespaces are understood and lexical extension aliases are mapped
ok 882 - runtime mapped ignorable namespaces are understood and lexical extension aliases are mapped
  ---
  duration_ms: 3.91115
  type: 'test'
  ...
# Subtest: runtime namespaced attached members resolve the specified owner, not its default-namespace homonym
ok 883 - runtime namespaced attached members resolve the specified owner, not its default-namespace homonym
  ---
  duration_ms: 1.786641
  type: 'test'
  ...
# Subtest: runtime namespaced property elements provide the correct actual target property to extensions
ok 884 - runtime namespaced property elements provide the correct actual target property to extensions
  ---
  duration_ms: 1.737785
  type: 'test'
  ...
# Subtest: runtime unknown nonignorable attributes cannot masquerade as local properties or events
ok 885 - runtime unknown nonignorable attributes cannot masquerade as local properties or events
  ---
  duration_ms: 2.069329
  type: 'test'
  ...
# Subtest: runtime namespace mappings survive deferred template construction and binding updates
ok 886 - runtime namespace mappings survive deferred template construction and binding updates
  ---
  duration_ms: 8.478603
  type: 'test'
  ...
# Subtest: runtime XML attribute normalization preserves character references and xml:space text
ok 887 - runtime XML attribute normalization preserves character references and xml:space text
  ---
  duration_ms: 1.82046
  type: 'test'
  ...
# Subtest: runtime ignored content never runs registered constructors or captures names
ok 888 - runtime ignored content never runs registered constructors or captures names
  ---
  duration_ms: 2.727607
  type: 'test'
  ...
# Subtest: AOT Ignorable drops attributes and complete subtrees before extension parsing
ok 889 - AOT Ignorable drops attributes and complete subtrees before extension parsing
  ---
  duration_ms: 13.967512
  type: 'test'
  ...
# Subtest: AOT Ignorable is URI based when a child rebinds the lexical prefix
ok 890 - AOT Ignorable is URI based when a child rebinds the lexical prefix
  ---
  duration_ms: 4.135495
  type: 'test'
  ...
# Subtest: AOT local Ignorable does not leak across empty or nonempty sibling elements
ok 891 - AOT local Ignorable does not leak across empty or nonempty sibling elements
  ---
  duration_ms: 3.730622
  type: 'test'
  ...
# Subtest: AOT mapped ignorable namespaces are understood and lexical extension aliases are mapped
ok 892 - AOT mapped ignorable namespaces are understood and lexical extension aliases are mapped
  ---
  duration_ms: 2.994731
  type: 'test'
  ...
# Subtest: AOT namespaced attached members resolve the specified owner, not its default-namespace homonym
ok 893 - AOT namespaced attached members resolve the specified owner, not its default-namespace homonym
  ---
  duration_ms: 2.788091
  type: 'test'
  ...
# Subtest: AOT namespaced property elements provide the correct actual target property to extensions
ok 894 - AOT namespaced property elements provide the correct actual target property to extensions
  ---
  duration_ms: 3.680388
  type: 'test'
  ...
# Subtest: AOT unknown nonignorable attributes cannot masquerade as local properties or events
ok 895 - AOT unknown nonignorable attributes cannot masquerade as local properties or events
  ---
  duration_ms: 9.738127
  type: 'test'
  ...
# Subtest: AOT namespace mappings survive deferred template construction and binding updates
ok 896 - AOT namespace mappings survive deferred template construction and binding updates
  ---
  duration_ms: 8.346499
  type: 'test'
  ...
# Subtest: AOT XML attribute normalization preserves character references and xml:space text
ok 897 - AOT XML attribute normalization preserves character references and xml:space text
  ---
  duration_ms: 2.197045
  type: 'test'
  ...
# Subtest: AOT ignored content never runs registered constructors or captures names
ok 898 - AOT ignored content never runs registered constructors or captures names
  ---
  duration_ms: 2.375702
  type: 'test'
  ...
# Subtest: XDocumentXamlParser and settings expose upstream-compatible mapping names
ok 899 - XDocumentXamlParser and settings expose upstream-compatible mapping names
  ---
  duration_ms: 0.331231
  type: 'test'
  ...
# Subtest: namespace mapping is a single step, not transitive
ok 900 - namespace mapping is a single step, not transitive
  ---
  duration_ms: 0.109062
  type: 'test'
  ...
# Subtest: mapping to the same expanded attribute name is rejected before construction
ok 901 - mapping to the same expanded attribute name is rejected before construction
  ---
  duration_ms: 0.277075
  type: 'test'
  ...
# Subtest: namespace mappings are snapshotted per parse and do not mutate caller input
ok 902 - namespace mappings are snapshotted per parse and do not mutate caller input
  ---
  duration_ms: 0.097404
  type: 'test'
  ...
# Subtest: XML compatibility rejects undeclared Ignorable
ok 903 - XML compatibility rejects undeclared Ignorable
  ---
  duration_ms: 0.148828
  type: 'test'
  ...
# Subtest: XML compatibility rejects unsupported compatibility directive
ok 904 - XML compatibility rejects unsupported compatibility directive
  ---
  duration_ms: 0.092728
  type: 'test'
  ...
# Subtest: XML compatibility rejects unsupported AlternateContent
ok 905 - XML compatibility rejects unsupported AlternateContent
  ---
  duration_ms: 0.093046
  type: 'test'
  ...
# Subtest: XML compatibility rejects ignored XML remains well-formed
ok 906 - XML compatibility rejects ignored XML remains well-formed
  ---
  duration_ms: 0.156486
  type: 'test'
  ...
# Subtest: XML compatibility rejects ignored references remain valid
ok 907 - XML compatibility rejects ignored references remain valid
  ---
  duration_ms: 0.114698
  type: 'test'
  ...
# Subtest: XML compatibility rejects DTD still rejected
ok 908 - XML compatibility rejects DTD still rejected
  ---
  duration_ms: 0.045731
  type: 'test'
  ...
# Subtest: XML compatibility rejects reserved xml binding
ok 909 - XML compatibility rejects reserved xml binding
  ---
  duration_ms: 0.063984
  type: 'test'
  ...
# Subtest: XML compatibility rejects reserved xmlns binding
ok 910 - XML compatibility rejects reserved xmlns binding
  ---
  duration_ms: 0.062896
  type: 'test'
  ...
# Subtest: XML compatibility rejects XML URI alias
ok 911 - XML compatibility rejects XML URI alias
  ---
  duration_ms: 3.599343
  type: 'test'
  ...
# Subtest: XML compatibility rejects undeclared prefix
ok 912 - XML compatibility rejects undeclared prefix
  ---
  duration_ms: 0.156304
  type: 'test'
  ...
# Subtest: XML compatibility rejects empty prefix mapping
ok 913 - XML compatibility rejects empty prefix mapping
  ---
  duration_ms: 0.112748
  type: 'test'
  ...
# Subtest: XML compatibility rejects multiple colons
ok 914 - XML compatibility rejects multiple colons
  ---
  duration_ms: 0.074345
  type: 'test'
  ...
# Subtest: XML compatibility rejects empty local name
ok 915 - XML compatibility rejects empty local name
  ---
  duration_ms: 0.069991
  type: 'test'
  ...
# Subtest: XML compatibility rejects invalid local name
ok 916 - XML compatibility rejects invalid local name
  ---
  duration_ms: 0.059117
  type: 'test'
  ...
# Subtest: XML compatibility rejects unsafe prefix
ok 917 - XML compatibility rejects unsafe prefix
  ---
  duration_ms: 0.0962
  type: 'test'
  ...
# Subtest: XML compatibility rejects unescaped CDATA terminator
ok 918 - XML compatibility rejects unescaped CDATA terminator
  ---
  duration_ms: 0.081192
  type: 'test'
  ...
# Subtest: XML compatibility rejects invalid xml:space
ok 919 - XML compatibility rejects invalid xml:space
  ---
  duration_ms: 0.134458
  type: 'test'
  ...
# Subtest: XML compatibility rejects literal control character
ok 920 - XML compatibility rejects literal control character
  ---
  duration_ms: 0.06805
  type: 'test'
  ...
# Subtest: XML compatibility rejects literal isolated surrogate
ok 921 - XML compatibility rejects literal isolated surrogate
  ---
  duration_ms: 0.115757
  type: 'test'
  ...
# Subtest: XML compatibility rejects literal U+FFFE
ok 922 - XML compatibility rejects literal U+FFFE
  ---
  duration_ms: 0.062445
  type: 'test'
  ...
# Subtest: XML compatibility rejects invalid referenced U+FFFF
ok 923 - XML compatibility rejects invalid referenced U+FFFF
  ---
  duration_ms: 0.085449
  type: 'test'
  ...
# Subtest: XML compatibility rejects non-XML whitespace outside root
ok 924 - XML compatibility rejects non-XML whitespace outside root
  ---
  duration_ms: 0.05933
  type: 'test'
  ...
# Subtest: skipped descendants count against depth, node and character limits
ok 925 - skipped descendants count against depth, node and character limits
  ---
  duration_ms: 0.433875
  type: 'test'
  ...
# Subtest: XML normalization retains significant Unicode content and nested whitespace modes
ok 926 - XML normalization retains significant Unicode content and nested whitespace modes
  ---
  duration_ms: 0.934936
  type: 'test'
  ...
# Subtest: compatibility diagnostics keep source file and original element positions
ok 927 - compatibility diagnostics keep source file and original element positions
  ---
  duration_ms: 0.420315
  type: 'test'
  ...
# Subtest: invalid namespace mapping tables reject reserved namespaces without following a chain
ok 928 - invalid namespace mapping tables reject reserved namespaces without following a chain
  ---
  duration_ms: 0.302482
  type: 'test'
  ...
# Subtest: XML compatibility rejects adjacent attributes
ok 929 - XML compatibility rejects adjacent attributes
  ---
  duration_ms: 0.126098
  type: 'test'
  ...
# Subtest: XML compatibility rejects hexadecimal marker case
ok 930 - XML compatibility rejects hexadecimal marker case
  ---
  duration_ms: 0.090512
  type: 'test'
  ...
# Subtest: XML compatibility rejects CDATA outside root
ok 931 - XML compatibility rejects CDATA outside root
  ---
  duration_ms: 0.062577
  type: 'test'
  ...
# Subtest: an already ignored subtree does not evaluate inner compatibility directives
ok 932 - an already ignored subtree does not evaluate inner compatibility directives
  ---
  duration_ms: 0.239641
  type: 'test'
  ...
# Subtest: ordinary XAML takes the compatibility allocation fast path without cloning attributes or namespaces
ok 933 - ordinary XAML takes the compatibility allocation fast path without cloning attributes or namespaces
  ---
  duration_ms: 9.73945
  type: 'test'
  ...
# Subtest: runtime mapping preserves x:Type and prefixed attached members in nested lexical scopes
ok 934 - runtime mapping preserves x:Type and prefixed attached members in nested lexical scopes
  ---
  duration_ms: 1.004109
  type: 'test'
  ...
# Subtest: AOT mapping preserves x:Type and prefixed attached members in nested lexical scopes
ok 935 - AOT mapping preserves x:Type and prefixed attached members in nested lexical scopes
  ---
  duration_ms: 2.373762
  type: 'test'
  ...
# Subtest: namespace AOT fixture is the reproducible direct compiler output
ok 936 - namespace AOT fixture is the reproducible direct compiler output
  ---
  duration_ms: 3.219157
  type: 'test'
  ...
# Subtest: runtime custom Design attached property is not silently discarded
ok 937 - runtime custom Design attached property is not silently discarded
  ---
  duration_ms: 2.008717
  type: 'test'
  ...
# Subtest: AOT custom Design attached property is not silently discarded
ok 938 - AOT custom Design attached property is not silently discarded
  ---
  duration_ms: 5.087439
  type: 'test'
  ...
# Subtest: XAML runtime: target property, root, scoped names, URI and type resolver are real services
ok 939 - XAML runtime: target property, root, scoped names, URI and type resolver are real services
  ---
  duration_ms: 11.715705
  type: 'test'
  ...
# Subtest: XAML runtime: nested named extensions see their immediate outer extension and property
ok 940 - XAML runtime: nested named extensions see their immediate outer extension and property
  ---
  duration_ms: 1.957506
  type: 'test'
  ...
# Subtest: XAML runtime: xml:base is nested and restored for siblings; retained service snapshots do not change
ok 941 - XAML runtime: xml:base is nested and restored for siblings; retained service snapshots do not change
  ---
  duration_ms: 3.367642
  type: 'test'
  ...
# Subtest: XAML runtime: unknown services delegate and explicit Map entries preserve false and null
ok 942 - XAML runtime: unknown services delegate and explicit Map entries preserve false and null
  ---
  duration_ms: 1.500832
  type: 'test'
  ...
# Subtest: XAML runtime: object-element extensions get actual attached-property target
ok 943 - XAML runtime: object-element extensions get actual attached-property target
  ---
  duration_ms: 2.026327
  type: 'test'
  ...
# Subtest: XAML runtime: a custom namespace Binding name is not hijacked by built-in binding
ok 944 - XAML runtime: a custom namespace Binding name is not hijacked by built-in binding
  ---
  duration_ms: 1.547749
  type: 'test'
  ...
# Subtest: XAML runtime: inherited CompileBindings honors order, false scopes and explicit ReflectionBinding
ok 945 - XAML runtime: inherited CompileBindings honors order, false scopes and explicit ReflectionBinding
  ---
  duration_ms: 6.44162
  type: 'test'
  ...
# Subtest: XAML runtime: inherited typed compiled binding rejects unknown members instead of silently reflecting
ok 946 - XAML runtime: inherited typed compiled binding rejects unknown members instead of silently reflecting
  ---
  duration_ms: 1.659733
  type: 'test'
  ...
# Subtest: XAML runtime: deferred template distinguishes original file root and intermediate template root
ok 947 - XAML runtime: deferred template distinguishes original file root and intermediate template root
  ---
  duration_ms: 3.360952
  type: 'test'
  ...
# Subtest: XAML runtime: failed extension releases partial constructed graph exactly once
ok 948 - XAML runtime: failed extension releases partial constructed graph exactly once
  ---
  duration_ms: 1.773364
  type: 'test'
  ...
# Subtest: XAML runtime: asynchronous ProvideValue is rejected rather than assigning an unresolved Promise
ok 949 - XAML runtime: asynchronous ProvideValue is rejected rather than assigning an unresolved Promise
  ---
  duration_ms: 1.434873
  type: 'test'
  ...
# Subtest: XAML AOT: target property, root, scoped names, URI and type resolver are real services
ok 950 - XAML AOT: target property, root, scoped names, URI and type resolver are real services
  ---
  duration_ms: 11.432727
  type: 'test'
  ...
# Subtest: XAML AOT: nested named extensions see their immediate outer extension and property
ok 951 - XAML AOT: nested named extensions see their immediate outer extension and property
  ---
  duration_ms: 2.556319
  type: 'test'
  ...
# Subtest: XAML AOT: xml:base is nested and restored for siblings; retained service snapshots do not change
ok 952 - XAML AOT: xml:base is nested and restored for siblings; retained service snapshots do not change
  ---
  duration_ms: 4.577806
  type: 'test'
  ...
# Subtest: XAML AOT: unknown services delegate and explicit Map entries preserve false and null
ok 953 - XAML AOT: unknown services delegate and explicit Map entries preserve false and null
  ---
  duration_ms: 4.236932
  type: 'test'
  ...
# Subtest: XAML AOT: object-element extensions get actual attached-property target
ok 954 - XAML AOT: object-element extensions get actual attached-property target
  ---
  duration_ms: 4.872998
  type: 'test'
  ...
# Subtest: XAML AOT: a custom namespace Binding name is not hijacked by built-in binding
ok 955 - XAML AOT: a custom namespace Binding name is not hijacked by built-in binding
  ---
  duration_ms: 2.094737
  type: 'test'
  ...
# Subtest: XAML AOT: inherited CompileBindings honors order, false scopes and explicit ReflectionBinding
ok 956 - XAML AOT: inherited CompileBindings honors order, false scopes and explicit ReflectionBinding
  ---
  duration_ms: 4.598033
  type: 'test'
  ...
# Subtest: XAML AOT: inherited typed compiled binding rejects unknown members instead of silently reflecting
ok 957 - XAML AOT: inherited typed compiled binding rejects unknown members instead of silently reflecting
  ---
  duration_ms: 2.515114
  type: 'test'
  ...
# Subtest: XAML AOT: deferred template distinguishes original file root and intermediate template root
ok 958 - XAML AOT: deferred template distinguishes original file root and intermediate template root
  ---
  duration_ms: 3.289178
  type: 'test'
  ...
# Subtest: XAML AOT: failed extension releases partial constructed graph exactly once
ok 959 - XAML AOT: failed extension releases partial constructed graph exactly once
  ---
  duration_ms: 2.473708
  type: 'test'
  ...
# Subtest: XAML AOT: asynchronous ProvideValue is rejected rather than assigning an unresolved Promise
ok 960 - XAML AOT: asynchronous ProvideValue is rejected rather than assigning an unresolved Promise
  ---
  duration_ms: 2.728003
  type: 'test'
  ...
# Subtest: successful XAML context drops construction ownership arrays and rejects reuse
ok 961 - successful XAML context drops construction ownership arrays and rejects reuse
  ---
  duration_ms: 1.352968
  type: 'test'
  ...
# Subtest: XAML runtime: inherited DataType resolves at its declaring namespace, not a shadowed child prefix
ok 962 - XAML runtime: inherited DataType resolves at its declaring namespace, not a shadowed child prefix
  ---
  duration_ms: 2.38091
  type: 'test'
  ...
# Subtest: XAML AOT: inherited DataType resolves at its declaring namespace, not a shadowed child prefix
ok 963 - XAML AOT: inherited DataType resolves at its declaring namespace, not a shadowed child prefix
  ---
  duration_ms: 3.820755
  type: 'test'
  ...
# Subtest: XAML runtime: extension-local URI survives EndInit and attribute extension failure releases its instance
ok 964 - XAML runtime: extension-local URI survives EndInit and attribute extension failure releases its instance
  ---
  duration_ms: 1.97955
  type: 'test'
  ...
# Subtest: XAML AOT: extension-local URI survives EndInit and attribute extension failure releases its instance
ok 965 - XAML AOT: extension-local URI survives EndInit and attribute extension failure releases its instance
  ---
  duration_ms: 4.17937
  type: 'test'
  ...
# Subtest: XAML runtime: template-local directives override declaration scope without losing URI or typed context
ok 966 - XAML runtime: template-local directives override declaration scope without losing URI or typed context
  ---
  duration_ms: 2.298359
  type: 'test'
  ...
# Subtest: XAML AOT: template-local directives override declaration scope without losing URI or typed context
ok 967 - XAML AOT: template-local directives override declaration scope without losing URI or typed context
  ---
  duration_ms: 7.660799
  type: 'test'
  ...
# Subtest: XAML runtime: custom namespace DataTemplate is an ordinary registered object, not a deferred template
ok 968 - XAML runtime: custom namespace DataTemplate is an ordinary registered object, not a deferred template
  ---
  duration_ms: 1.372604
  type: 'test'
  ...
# Subtest: XAML AOT: custom namespace DataTemplate is an ordinary registered object, not a deferred template
ok 969 - XAML AOT: custom namespace DataTemplate is an ordinary registered object, not a deferred template
  ---
  duration_ms: 8.768967
  type: 'test'
  ...
# Subtest: XamlX transformer restores parent stack after a nested transformation failure
ok 970 - XamlX transformer restores parent stack after a nested transformation failure
  ---
  duration_ms: 0.712367
  type: 'test'
  ...
1..970
# tests 970
# suites 0
# pass 970
# fail 0
# cancelled 0
# skipped 0
# todo 0
# duration_ms 12867.080598

> avaloniaweb-workspace@0.6.2-alpha.1 verify:workers
> node scripts/verify-workers.mjs

{"Passed":true,"Files":562,"SourceFingerprint":"6bbc379ecb3ff0e14339de517f36b843bf93682c5cac400b0ac205f740edd56b","NativeWasm":"not duplicated","WorkerImportMaps":false}

> avaloniaweb-workspace@0.6.2-alpha.1 pack:all
> node scripts/pack.mjs

@wieslawsoltes/avalonia-animation: wieslawsoltes-avalonia-animation-0.6.2-alpha.1.tgz (8274 bytes)
@wieslawsoltes/avalonia: wieslawsoltes-avalonia-0.6.2-alpha.1.tgz (2568 bytes)
@wieslawsoltes/avalonia-base: wieslawsoltes-avalonia-base-0.6.2-alpha.1.tgz (19955 bytes)
@wieslawsoltes/avalonia-browser: wieslawsoltes-avalonia-browser-0.6.2-alpha.1.tgz (1466863 bytes)
@wieslawsoltes/avalonia-composition: wieslawsoltes-avalonia-composition-0.6.2-alpha.1.tgz (15449 bytes)
@wieslawsoltes/avalonia-controls: wieslawsoltes-avalonia-controls-0.6.2-alpha.1.tgz (73950 bytes)
@wieslawsoltes/avalonia-data: wieslawsoltes-avalonia-data-0.6.2-alpha.1.tgz (12902 bytes)
@wieslawsoltes/avalonia-diagnostics: wieslawsoltes-avalonia-diagnostics-0.6.2-alpha.1.tgz (2980 bytes)
@wieslawsoltes/avalonia-headless: wieslawsoltes-avalonia-headless-0.6.2-alpha.1.tgz (3107 bytes)
@wieslawsoltes/avalonia-markup-xaml: wieslawsoltes-avalonia-markup-xaml-0.6.2-alpha.1.tgz (14884 bytes)
@wieslawsoltes/avalonia-media: wieslawsoltes-avalonia-media-0.6.2-alpha.1.tgz (40517 bytes)
@wieslawsoltes/avalonia-opengl: wieslawsoltes-avalonia-opengl-0.6.2-alpha.1.tgz (5943 bytes)
@wieslawsoltes/avalonia-reactiveui: wieslawsoltes-avalonia-reactiveui-0.6.2-alpha.1.tgz (3646 bytes)
@wieslawsoltes/avalonia-rendering: wieslawsoltes-avalonia-rendering-0.6.2-alpha.1.tgz (31378 bytes)
@wieslawsoltes/avalonia-skia: wieslawsoltes-avalonia-skia-0.6.2-alpha.1.tgz (26596 bytes)
@wieslawsoltes/avalonia-styling: wieslawsoltes-avalonia-styling-0.6.2-alpha.1.tgz (12925 bytes)
@wieslawsoltes/avalonia-themes-fluent: wieslawsoltes-avalonia-themes-fluent-0.6.2-alpha.1.tgz (2911 bytes)
@wieslawsoltes/xamlx: wieslawsoltes-xamlx-0.6.2-alpha.1.tgz (12428 bytes)
Packed 18 packages; nothing published.

> avaloniaweb-workspace@0.6.2-alpha.1 test:packages
> node scripts/test-packages.mjs

{
  Passed: true,
  DeferredResourceApis: true,
  XamlNamespaceApis: true,
  EffectTransitionApis: true,
  GlyphPathApis: true,
  ImplicitAnimationApis: true,
  Packages: 18,
  FacadeExports: 559,
  PublicRegistryInstalled: false,
  StartupSubpaths: true,
  CorePortApis: true,
  Version: '0.6.2-alpha.1',
  SourceFingerprint: '6bbc379ecb3ff0e14339de517f36b843bf93682c5cac400b0ac205f740edd56b',
  FinalSourceFingerprint: '6bbc379ecb3ff0e14339de517f36b843bf93682c5cac400b0ac205f740edd56b'
}
RUN native Skia catalog startup
PASS native Skia catalog startup
RUN catalog route Buttons
PASS catalog route Buttons
RUN catalog route ButtonSpinner
PASS catalog route ButtonSpinner
RUN catalog route CheckBox
PASS catalog route CheckBox
RUN catalog route ColorPicker
PASS catalog route ColorPicker
RUN catalog route ComboBox
PASS catalog route ComboBox
RUN catalog route NumericUpDown
PASS catalog route NumericUpDown
RUN catalog route RadioButton
PASS catalog route RadioButton
RUN catalog route Slider
PASS catalog route Slider
RUN catalog route ToggleSwitch
PASS catalog route ToggleSwitch
RUN catalog route AutoCompleteBox
PASS catalog route AutoCompleteBox
RUN catalog route Label
PASS catalog route Label
RUN catalog route TextBox
PASS catalog route TextBox
RUN catalog route TextBlock
PASS catalog route TextBlock
RUN catalog route Carousel
PASS catalog route Carousel
RUN catalog route ListBox
PASS catalog route ListBox
RUN catalog route PipsPager
PASS catalog route PipsPager
RUN catalog route RefreshContainer
PASS catalog route RefreshContainer
RUN catalog route TableView
PASS catalog route TableView
RUN catalog route TreeView
PASS catalog route TreeView
RUN catalog route Calendar
PASS catalog route Calendar
RUN catalog route CalendarDatePicker
PASS catalog route CalendarDatePicker
RUN catalog route DateTimePicker
PASS catalog route DateTimePicker
RUN catalog route CommandBar
PASS catalog route CommandBar
RUN catalog route ContextFlyout
PASS catalog route ContextFlyout
RUN catalog route ContextMenu
PASS catalog route ContextMenu
RUN catalog route Flyouts
PASS catalog route Flyouts
RUN catalog route Menu
PASS catalog route Menu
RUN catalog route CarouselPage
PASS catalog route CarouselPage
RUN catalog route ContentPage
PASS catalog route ContentPage
RUN catalog route DrawerPage
PASS catalog route DrawerPage
RUN catalog route NavigationPage
PASS catalog route NavigationPage
RUN catalog route SplitView
PASS catalog route SplitView
RUN catalog route TabbedPage
PASS catalog route TabbedPage
RUN catalog route TabControl
PASS catalog route TabControl
RUN catalog route TabStrip
PASS catalog route TabStrip
RUN catalog route Border
PASS catalog route Border
RUN catalog route Canvas
PASS catalog route Canvas
RUN catalog route ContainerQueries
PASS catalog route ContainerQueries
RUN catalog route Expander
PASS catalog route Expander
RUN catalog route FlexPanel
PASS catalog route FlexPanel
RUN catalog route HeaderedContentControl
PASS catalog route HeaderedContentControl
RUN catalog route LayoutTransformControl
PASS catalog route LayoutTransformControl
RUN catalog route RelativePanel
PASS catalog route RelativePanel
RUN catalog route ScrollViewer
PASS catalog route ScrollViewer
RUN catalog route Viewbox
PASS catalog route Viewbox
RUN catalog route WrapPanel
PASS catalog route WrapPanel
RUN catalog route Acrylic
PASS catalog route Acrylic
RUN catalog route BitmapCache
PASS catalog route BitmapCache
RUN catalog route Composition
PASS catalog route Composition
RUN catalog route CustomDrawing
PASS catalog route CustomDrawing
RUN catalog route Image
PASS catalog route Image
RUN catalog route OpenGL
PASS catalog route OpenGL
RUN catalog route OpenGLLease
PASS catalog route OpenGLLease
RUN catalog route OpenGLInterop
PASS catalog route OpenGLInterop
RUN catalog route TransitioningContentControl
PASS catalog route TransitioningContentControl
RUN catalog route AdornerLayer
PASS catalog route AdornerLayer
RUN catalog route DataValidation
PASS catalog route DataValidation
RUN catalog route Dialogs
PASS catalog route Dialogs
RUN catalog route Notifications
PASS catalog route Notifications
RUN catalog route ProgressBar
PASS catalog route ProgressBar
RUN catalog route ToolTip
PASS catalog route ToolTip
RUN catalog route Accelerator
PASS catalog route Accelerator
RUN catalog route Clipboard
PASS catalog route Clipboard
RUN catalog route Cursor
PASS catalog route Cursor
RUN catalog route DragDrop
PASS catalog route DragDrop
RUN catalog route Focus
PASS catalog route Focus
RUN catalog route Gestures
PASS catalog route Gestures
RUN catalog route Pointers
PASS catalog route Pointers
RUN catalog route NativeEmbed
PASS catalog route NativeEmbed
RUN catalog route PlatformInformation
PASS catalog route PlatformInformation
RUN catalog route PlatformSettings
PASS catalog route PlatformSettings
RUN catalog route Screens
PASS catalog route Screens
RUN catalog route ThemeVariants
PASS catalog route ThemeVariants
RUN catalog route WindowCustomizations
PASS catalog route WindowCustomizations
RUN pointer clicks execute genuine ReactiveWeb commands and update binding
PASS pointer clicks execute genuine ReactiveWeb commands and update binding
RUN browser textarea input, selection and two-way ReactiveWeb binding
PASS browser textarea input, selection and two-way ReactiveWeb binding
RUN pointer slider updates progress and numeric binding
PASS pointer slider updates progress and numeric binding
RUN 10,000-item ListBox keyboard selection and bounded realization
PASS 10,000-item ListBox keyboard selection and bounded realization
RUN retained ComboBox popup selection and dismissal
PASS retained ComboBox popup selection and dismissal
RUN calendar native painting and keyboard date navigation
PASS calendar native painting and keyboard date navigation
RUN TableView header sorting and pointer row selection
PASS TableView header sorting and pointer row selection
RUN flyout light dismissal releases retained popup
PASS flyout light dismissal releases retained popup
RUN theme change propagates dynamic resources
PASS theme change propagates dynamic resources
RUN live XAML compiler produces and instantiates a changed view
PASS live XAML compiler produces and instantiates a changed view
RUN NavigationPage push and pop retain correct stack
PASS NavigationPage push and pop retain correct stack
RUN trusted click opens a real browser window with its own Skia surface
PASS trusted click opens a real browser window with its own Skia surface
RUN browser modal owner disabling and result delivery
PASS browser modal owner disabling and result delivery
RUN RxJS-debounced catalog navigation filter
PASS RxJS-debounced catalog navigation filter
RUN container query style activation and removal through real slider input
PASS container query style activation and removal through real slider input
RUN native visual bitmap cache reuse and geometry invalidation
PASS native visual bitmap cache reuse and geometry invalidation
RUN acrylic native rendering and live material property invalidation
PASS acrylic native rendering and live material property invalidation
RUN composition clocks, expression animation, cancellation and route disposal
PASS composition clocks, expression animation, cancellation and route disposal
RUN native HTML input binding, focus traversal, clipping and deterministic removal
PASS native HTML input binding, focus traversal, clipping and deterministic removal
RUN browser editing preserves emoji ZWJ and combining grapheme boundaries
PASS browser editing preserves emoji ZWJ and combining grapheme boundaries
RUN browser composition-event bridge groups preedit into one undo transaction (synthetic IME)
PASS browser composition-event bridge groups preedit into one undo transaction (synthetic IME)
RUN read-only TableView realizes bounded real row and cell controls
PASS read-only TableView realizes bounded real row and cell controls
RUN CDP two-contact touch input drives pinch scale and releases capture
PASS CDP two-contact touch input drives pinch scale and releases capture
RUN CDP touch drag scrolls real ScrollViewer without clicking child buttons
PASS CDP touch drag scrolls real ScrollViewer without clicking child buttons
RUN CDP simultaneous contacts preserve independent button press and release
PASS CDP simultaneous contacts preserve independent button press and release
RUN CDP touch cancellation clears capture and pressed state without activation
PASS CDP touch cancellation clears capture and pressed state without activation
RUN real WebGL2 shader pixels transfer into native Skia
PASS real WebGL2 shader pixels transfer into native Skia
RUN WebGL leases restore state and reject simultaneous ownership
PASS WebGL leases restore state and reject simultaneous ownership
RUN WebGL context loss, restoration and disposal lifecycle
PASS WebGL context loss, restoration and disposal lifecycle
RUN Chromium accessibility tree exposes table hierarchy and actual grid cells
PASS Chromium accessibility tree exposes table hierarchy and actual grid cells
RUN accessibility activation respects enabled state and disposes old page nodes
PASS accessibility activation respects enabled state and disposes old page nodes
RUN automation password mirrors withhold values and preserve explicit accessible names
PASS automation password mirrors withhold values and preserve explicit accessible names
RUN focused password editing uses a protected native input and clears inactive buffers
PASS focused password editing uses a protected native input and clears inactive buffers
RUN navigation disposes prior page tree and leaves no popups
PASS navigation disposes prior page tree and leaves no popups
RUN no JavaScript page errors
PASS no JavaScript page errors
RUN no missing local assets
PASS no missing local assets
RUN no rendering errors during catalog sweep
PASS no rendering errors during catalog sweep
FINALIZE home
FINALIZE screenshot
FINALIZE dispose
FINALIZE context
FINALIZE browser
{"passed": 112, "failed": 0, "skipped": 0, "elapsedSeconds": 52.09}
PASS fractional origin / italic overhang / 1x 
PASS combining marks and browser shaping / 1x 
PASS letter spacing / 1x 
PASS fractional origin / italic overhang / 1.25x 
PASS combining marks and browser shaping / 1.25x 
PASS letter spacing / 1.25x 
PASS fractional origin / italic overhang / 1.5x 
PASS combining marks and browser shaping / 1.5x 
PASS letter spacing / 1.5x 
PASS fractional origin / italic overhang / 2x 
PASS combining marks and browser shaping / 2x 
PASS letter spacing / 2x 
PASS fractional origin / italic overhang / 3x 
PASS combining marks and browser shaping / 3x 
PASS letter spacing / 3x 
PASS nonuniform device scale preserves separate horizontal and vertical resolution 
PASS long shaped line crosses many independently cached tile boundaries 
PASS deep horizontal scrolling preserves phase and skips offscreen tile planning 
PASS 10000-line document paints only visible lines after deep vertical scrolling 
PASS ink-aware line culling preserves combining marks above their line boxes 
PASS overlapping combining marks retain isolated RGBA composition #335bb5 
PASS overlapping combining marks retain isolated RGBA composition rgba(51,91,181,0.5) 
PASS caret remains pixel-aligned and one nominal DIP / 1x 
PASS caret remains pixel-aligned and one nominal DIP / 1.25x 
PASS caret remains pixel-aligned and one nominal DIP / 1.5x 
PASS caret remains pixel-aligned and one nominal DIP / 2x 
PASS caret remains pixel-aligned and one nominal DIP / 3x 
PASS offscreen portions do not rasterize or upload 
PASS 1000 warm TextBlock redraws do not build layouts, rasterize, upload or measure 
{"Passed": 29, "Failed": 0, "PageErrors": [], "MissingAssets": []}
PASS ScrollViewer thumb receives actual mouse drag without selecting or clicking content
PASS ListBox thumb receives actual mouse drag without selecting or clicking content
PASS TreeView thumb receives actual mouse drag without selecting or clicking content
PASS TableView thumb receives actual mouse drag without selecting or clicking content
PASS TextBox thumb receives actual mouse drag without selecting or clicking content
PASS ScrollViewer horizontal thumb pans content and retains header/editor state
PASS ListBox horizontal thumb pans content and retains header/editor state
PASS TableView horizontal thumb pans content and retains header/editor state
PASS TextBox horizontal thumb pans content and retains header/editor state
PASS capture continues outside viewport and releases at the maximum
PASS track click advances one viewport instead of teleporting the thumb
PASS deferred drag previews only the thumb and commits on release
PASS DOM wheel pixels and Shift-wheel horizontal scrolling retain exact deltas
PASS wheel over either scrollbar uses the same pixel units as its content
PASS mouse scrollbar focus and accessibility range keyboard commands scroll the host
PASS Hidden still scrolls while Disabled rejects wheel input and clears offset
PASS editor content shrink clamps offsets and removes obsolete tracks
PASS disabling the scroll host during drag releases capture safely
PASS compact overlay thumb stays interactive above a full-size Button
PASS browser accessibility projection exposes a live scrollbar range
{"passed": 20, "failed": 0, "pageErrors": [], "missingAssets": [], "completed": true}
PASS ScrollViewer thumb receives actual mouse drag without selecting or clicking content
PASS ListBox thumb receives actual mouse drag without selecting or clicking content
PASS TreeView thumb receives actual mouse drag without selecting or clicking content
PASS TableView thumb receives actual mouse drag without selecting or clicking content
PASS TextBox thumb receives actual mouse drag without selecting or clicking content
PASS ScrollViewer horizontal thumb pans content and retains header/editor state
PASS ListBox horizontal thumb pans content and retains header/editor state
PASS TableView horizontal thumb pans content and retains header/editor state
PASS TextBox horizontal thumb pans content and retains header/editor state
PASS capture continues outside viewport and releases at the maximum
PASS track click advances one viewport instead of teleporting the thumb
PASS deferred drag previews only the thumb and commits on release
PASS DOM wheel pixels and Shift-wheel horizontal scrolling retain exact deltas
PASS wheel over either scrollbar uses the same pixel units as its content
PASS mouse scrollbar focus and accessibility range keyboard commands scroll the host
PASS Hidden still scrolls while Disabled rejects wheel input and clears offset
PASS editor content shrink clamps offsets and removes obsolete tracks
PASS disabling the scroll host during drag releases capture safely
PASS compact overlay thumb stays interactive above a full-size Button
PASS browser accessibility projection exposes a live scrollbar range
{"passed": 20, "failed": 0, "pageErrors": [], "missingAssets": [], "completed": true}
PASS warm paint does not rebuild or mutate accessibility DOM
PASS detached LabeledBy updates its consumer and releases replaced dependencies
PASS transitive and cyclic label relationships converge without stale names
PASS Control-valued content label remains live without replacing the button node
PASS visibility removes and restores complete automation subtrees
PASS raw nodes flatten descendants and preserve reorder identity
PASS command availability and parameter changes update aria-disabled
PASS inherited disabling refreshes descendant semantics
PASS focus projects editor semantics and transfers ownership between parents
PASS password conversion clears mirrored values and native plain-text buffers
PASS recycled table rows retain accessibility nodes with updated content
PASS explicit rendering consumes scheduled callbacks and settled UI stays idle
{"Passed": 12, "Failed": 0, "Completed": true, "PageErrors": [], "MissingAssets": []}
PASS source module startup, nonblank TableView and restart render-worker
PASS source module startup, nonblank TableView and restart full-isolation
PASS dist module startup, nonblank TableView and restart render-worker
PASS dist module startup, nonblank TableView and restart full-isolation
PASS nested module startup, nonblank TableView and restart render-worker
PASS nested module startup, nonblank TableView and restart full-isolation
PASS delayed top-level-await dependency render-worker
PASS automatic backend selection render-worker
PASS fail fast and release workers: render-worker/loader
PASS fail fast and release workers: render-worker/graph
PASS fail fast and release workers: render-worker/pending
PASS delayed top-level-await dependency full-isolation
PASS automatic backend selection full-isolation
PASS fail fast and release workers: full-isolation/loader
PASS fail fast and release workers: full-isolation/graph
PASS fail fast and release workers: full-isolation/pending
PASS invalid isolated application import releases both workers
{
  "Passed": 17,
  "Failed": 0,
  "Errors": [],
  "MissingAssets": [],
  "BlockedByBrowserPolicy": false
}
PASS source HTTP render-worker
PASS source HTTP full-isolation
PASS dist HTTP render-worker
PASS dist HTTP full-isolation
{
  "Passed": 4,
  "Failed": 0,
  "Errors": [],
  "MissingAssets": [],
  "BlockedByBrowserPolicy": false
}
PASS default 
PASS single 
PASS render-worker 
PASS full-isolation 
{"Variant": "optimized", "Trial": 0, "Passed": true, "ReadyMilliseconds": 1071.292504999974, "Requests": 304, "WasmRequests": 1, "AotBuilderRequests": 1, "MainResources": 22, "Browser": "143.0.7499.4", "PngBytes": 253250, "Errors": []}
{"Variant": "optimized", "Trial": 1, "Passed": true, "ReadyMilliseconds": 1048.5486730000275, "Requests": 304, "WasmRequests": 1, "AotBuilderRequests": 1, "MainResources": 22, "Browser": "143.0.7499.4", "PngBytes": 253250, "Errors": []}
{"Variant": "optimized", "Trial": 2, "Passed": true, "ReadyMilliseconds": 1045.6909420000216, "Requests": 304, "WasmRequests": 1, "AotBuilderRequests": 1, "MainResources": 22, "Browser": "143.0.7499.4", "PngBytes": 253250, "Errors": []}
PASS render-worker actual worker ownership
PASS full-isolation actual worker ownership
PASS single navigate TableView
PASS render-worker navigate TableView
PASS full-isolation navigate TableView
/home/runner/work/Weblonia/Weblonia/tests/threading-browser.py:59: DeprecationWarning: Image.Image.getdata is deprecated and will be removed in Pillow 14 (2027-10-15). Use get_flattened_data instead.
  actual=pixels(pages[mode],mode).crop((0,0,1200,865));diff=ImageChops.difference(reference,actual);maximum=max(v[1]for v in diff.getextrema());changed=sum(1 for px in diff.getdata()if max(px)>2)
PASS render-worker RGBA TableView
PASS full-isolation RGBA TableView
PASS single navigate TextBlock
PASS render-worker navigate TextBlock
PASS full-isolation navigate TextBlock
PASS render-worker RGBA TextBlock
PASS full-isolation RGBA TextBlock
PASS single navigate ScrollViewer
PASS render-worker navigate ScrollViewer
PASS full-isolation navigate ScrollViewer
PASS render-worker RGBA ScrollViewer
PASS full-isolation RGBA ScrollViewer
PASS single navigate Image
PASS render-worker navigate Image
PASS full-isolation navigate Image
PASS render-worker RGBA Image
PASS full-isolation RGBA Image
PASS single navigate Acrylic
PASS render-worker navigate Acrylic
PASS full-isolation navigate Acrylic
PASS render-worker RGBA Acrylic
PASS full-isolation RGBA Acrylic
PASS single navigate Composition
PASS render-worker navigate Composition
PASS full-isolation navigate Composition
PASS render-worker RGBA Composition
PASS full-isolation RGBA Composition
PASS single navigate BitmapCache
PASS render-worker navigate BitmapCache
PASS full-isolation navigate BitmapCache
PASS render-worker RGBA BitmapCache
PASS full-isolation RGBA BitmapCache
PASS three threads: animation continues through UI stall
PASS three threads: control query
{
  "Passed": 39,
  "Failed": 0,
  "Errors": [],
  "Missing": []
}
PASS isolated native text editing and grapheme-safe backward deletion
PASS focused edit switches to password without plaintext semantic exposure
PASS render clock and animation advance during a confirmed UI-worker stall
PASS compositor wheel scrolling continues during UI stall and reconciles exactly once
PASS virtual table fast scrolling respects realized-content coverage
PASS three threads vertical scrollbar routes real mouse capture
PASS three threads horizontal scrollbar routes real mouse capture
PASS registered native DOM module binds to UI-worker model and cleans up
PASS isolated renderer restart replaces canvas and rebuilds identical committed pixels
PASS native editor still works after renderer restart
PASS registered custom visual executes, acknowledges bounded messages and restores durable state
PASS 200 immediate state changes coalesce without losing final values or queuing scene deltas
PASS hidden target explicit flush completes without an idle render loop
PASS host resize reaches UI layout and the worker-owned backing canvas
PASS live browser platform preferences are forwarded into the UI worker
PASS worker-owned Window opens a real browser window with its own render worker
PASS real isolated modal window blocks owner and returns its exact result
PASS repeated native-ready windows release child hosts and independent WASM deliveries
PASS failed secondary bootstrap restores modal owner and leaves the next real window usable
{
  "Passed": 19,
  "Failed": 0,
  "Errors": [],
  "MissingAssets": []
}
/home/runner/work/Weblonia/Weblonia/tests/threading-quality.py:47: DeprecationWarning: Image.Image.getdata is deprecated and will be removed in Pillow 14 (2027-10-15). Use get_flattened_data instead.
  diff=ImageChops.difference(reference,actual);maximum=max(v[1]for v in diff.getextrema());bad=sum(1 for px in diff.getdata()if max(px)>2)
PASS render-worker browser-fonts 1.25x RGBA
PASS full-isolation browser-fonts 1.25x RGBA
PASS render-worker scrolled-editor 1.25x RGBA
PASS full-isolation scrolled-editor 1.25x RGBA
PASS render-worker native-fonts 1.25x RGBA
PASS full-isolation native-fonts 1.25x RGBA
PASS render-worker browser-fonts 2x RGBA
PASS full-isolation browser-fonts 2x RGBA
PASS render-worker scrolled-editor 2x RGBA
PASS full-isolation scrolled-editor 2x RGBA
PASS render-worker native-fonts 2x RGBA
PASS full-isolation native-fonts 2x RGBA
{
  "Passed": 12,
  "Failed": 0,
  "Errors": [],
  "MissingAssets": []
}
PASS render-worker Buttons
PASS render-worker ButtonSpinner
PASS render-worker CheckBox
PASS render-worker ColorPicker
PASS render-worker ComboBox
PASS render-worker NumericUpDown
PASS render-worker RadioButton
PASS render-worker Slider
PASS render-worker ToggleSwitch
PASS render-worker AutoCompleteBox
PASS render-worker Label
PASS render-worker TextBox
PASS render-worker TextBlock
PASS render-worker Carousel
PASS render-worker ListBox
PASS render-worker PipsPager
PASS render-worker RefreshContainer
PASS render-worker TableView
PASS render-worker TreeView
PASS render-worker Calendar
PASS render-worker CalendarDatePicker
PASS render-worker DateTimePicker
PASS render-worker CommandBar
PASS render-worker ContextFlyout
PASS render-worker ContextMenu
PASS render-worker Flyouts
PASS render-worker Menu
PASS render-worker CarouselPage
PASS render-worker ContentPage
PASS render-worker DrawerPage
PASS render-worker NavigationPage
PASS render-worker SplitView
PASS render-worker TabbedPage
PASS render-worker TabControl
PASS render-worker TabStrip
PASS render-worker Border
PASS render-worker Canvas
PASS render-worker ContainerQueries
PASS render-worker Expander
PASS render-worker FlexPanel
PASS render-worker HeaderedContentControl
PASS render-worker LayoutTransformControl
PASS render-worker RelativePanel
PASS render-worker ScrollViewer
PASS render-worker Viewbox
PASS render-worker WrapPanel
PASS render-worker Acrylic
PASS render-worker BitmapCache
PASS render-worker Composition
PASS render-worker CustomDrawing
PASS render-worker Image
PASS render-worker OpenGL
PASS render-worker OpenGLLease
PASS render-worker OpenGLInterop
PASS render-worker TransitioningContentControl
PASS render-worker AdornerLayer
PASS render-worker DataValidation
PASS render-worker Dialogs
PASS render-worker Notifications
PASS render-worker ProgressBar
PASS render-worker ToolTip
PASS render-worker Accelerator
PASS render-worker Clipboard
PASS render-worker Cursor
PASS render-worker DragDrop
PASS render-worker Focus
PASS render-worker Gestures
PASS render-worker Pointers
PASS render-worker NativeEmbed
PASS render-worker PlatformInformation
PASS render-worker PlatformSettings
PASS render-worker Screens
PASS render-worker ThemeVariants
PASS render-worker WindowCustomizations
PASS full-isolation Buttons
PASS full-isolation ButtonSpinner
PASS full-isolation CheckBox
PASS full-isolation ColorPicker
PASS full-isolation ComboBox
PASS full-isolation NumericUpDown
PASS full-isolation RadioButton
PASS full-isolation Slider
PASS full-isolation ToggleSwitch
PASS full-isolation AutoCompleteBox
PASS full-isolation Label
PASS full-isolation TextBox
PASS full-isolation TextBlock
PASS full-isolation Carousel
PASS full-isolation ListBox
PASS full-isolation PipsPager
PASS full-isolation RefreshContainer
PASS full-isolation TableView
PASS full-isolation TreeView
PASS full-isolation Calendar
PASS full-isolation CalendarDatePicker
PASS full-isolation DateTimePicker
PASS full-isolation CommandBar
PASS full-isolation ContextFlyout
PASS full-isolation ContextMenu
PASS full-isolation Flyouts
PASS full-isolation Menu
PASS full-isolation CarouselPage
PASS full-isolation ContentPage
PASS full-isolation DrawerPage
PASS full-isolation NavigationPage
PASS full-isolation SplitView
PASS full-isolation TabbedPage
PASS full-isolation TabControl
PASS full-isolation TabStrip
PASS full-isolation Border
PASS full-isolation Canvas
PASS full-isolation ContainerQueries
PASS full-isolation Expander
PASS full-isolation FlexPanel
PASS full-isolation HeaderedContentControl
PASS full-isolation LayoutTransformControl
PASS full-isolation RelativePanel
PASS full-isolation ScrollViewer
PASS full-isolation Viewbox
PASS full-isolation WrapPanel
PASS full-isolation Acrylic
PASS full-isolation BitmapCache
PASS full-isolation Composition
PASS full-isolation CustomDrawing
PASS full-isolation Image
PASS full-isolation OpenGL
PASS full-isolation OpenGLLease
PASS full-isolation OpenGLInterop
PASS full-isolation TransitioningContentControl
PASS full-isolation AdornerLayer
PASS full-isolation DataValidation
PASS full-isolation Dialogs
PASS full-isolation Notifications
PASS full-isolation ProgressBar
PASS full-isolation ToolTip
PASS full-isolation Accelerator
PASS full-isolation Clipboard
PASS full-isolation Cursor
PASS full-isolation DragDrop
PASS full-isolation Focus
PASS full-isolation Gestures
PASS full-isolation Pointers
PASS full-isolation NativeEmbed
PASS full-isolation PlatformInformation
PASS full-isolation PlatformSettings
PASS full-isolation Screens
PASS full-isolation ThemeVariants
PASS full-isolation WindowCustomizations
{
  "Passed": 148,
  "Failed": 0,
  "Errors": [],
  "MissingAssets": [],
  "OpenGlQualified": [
    {
      "Mode": "render-worker",
      "Route": "OpenGL"
    },
    {
      "Mode": "render-worker",
      "Route": "OpenGLLease"
    },
    {
      "Mode": "render-worker",
      "Route": "OpenGLInterop"
    },
    {
      "Mode": "full-isolation",
      "Route": "OpenGL"
    },
    {
      "Mode": "full-isolation",
      "Route": "OpenGLLease"
    },
    {
      "Mode": "full-isolation",
      "Route": "OpenGLInterop"
    }
  ]
}
single repaint {"Milliseconds": {"Median": 29.0, "P95": 31.1, "Min": 27.6, "Max": 34}, "LayoutMilliseconds": {"Median": 0.0, "P95": 0, "Min": 0, "Max": 0}, "RenderOrRecordMilliseconds": {"Median": 28.9, "P95": 31.1, "Min": 27.6, "Max": 34}, "AutomationMilliseconds": {"Median": 0.0, "P95": 0, "Min": 0, "Max": 0}, "SubmittedLatencyMilliseconds": {"Median": 29.0, "P95": 31.1, "Min": 27.6, "Max": 34}}
single vertical {"Milliseconds": {"Median": 30.5, "P95": 33.9, "Min": 29.4, "Max": 37.6}, "LayoutMilliseconds": {"Median": 1.3, "P95": 3, "Min": 1.1, "Max": 4.2}, "RenderOrRecordMilliseconds": {"Median": 27.4, "P95": 30, "Min": 26.5, "Max": 32.2}, "AutomationMilliseconds": {"Median": 1.0, "P95": 1.3, "Min": 0.9, "Max": 1.9}, "SubmittedLatencyMilliseconds": {"Median": 30.55, "P95": 33.9, "Min": 29.4, "Max": 37.6}}
single horizontal {"Milliseconds": {"Median": 27.5, "P95": 29.4, "Min": 25, "Max": 29.9}, "LayoutMilliseconds": {"Median": 0.4, "P95": 0.5, "Min": 0, "Max": 0.6}, "RenderOrRecordMilliseconds": {"Median": 27.05, "P95": 28.8, "Min": 24.6, "Max": 29.4}, "AutomationMilliseconds": {"Median": 0.1, "P95": 0.2, "Min": 0, "Max": 0.2}, "SubmittedLatencyMilliseconds": {"Median": 27.55, "P95": 29.4, "Min": 25.1, "Max": 30}}
render-worker repaint {"Milliseconds": {"Median": 0.2, "P95": 0.3, "Min": 0.1, "Max": 0.6}, "LayoutMilliseconds": {"Median": 0.0, "P95": 0, "Min": 0, "Max": 0}, "RenderOrRecordMilliseconds": {"Median": 0.2, "P95": 0.3, "Min": 0, "Max": 0.6}, "AutomationMilliseconds": {"Median": 0.0, "P95": 0, "Min": 0, "Max": 0}, "SubmittedLatencyMilliseconds": {"Median": 0.2, "P95": 0.4, "Min": 0.1, "Max": 0.7}}
render-worker vertical {"Milliseconds": {"Median": 5.35, "P95": 7, "Min": 3.8, "Max": 11.1}, "LayoutMilliseconds": {"Median": 1.85, "P95": 3.2, "Min": 1.3, "Max": 5.2}, "RenderOrRecordMilliseconds": {"Median": 2.1, "P95": 3.1, "Min": 1.5, "Max": 4.2}, "AutomationMilliseconds": {"Median": 1.2, "P95": 1.7, "Min": 0.9, "Max": 1.8}, "SubmittedLatencyMilliseconds": {"Median": 34.3, "P95": 45.9, "Min": 30, "Max": 48}}
render-worker horizontal {"Milliseconds": {"Median": 1.9, "P95": 2.4, "Min": 0.5, "Max": 5.4}, "LayoutMilliseconds": {"Median": 0.5, "P95": 0.9, "Min": 0, "Max": 1.1}, "RenderOrRecordMilliseconds": {"Median": 1.1, "P95": 1.6, "Min": 0.4, "Max": 4.9}, "AutomationMilliseconds": {"Median": 0.05, "P95": 0.1, "Min": 0, "Max": 0.2}, "SubmittedLatencyMilliseconds": {"Median": 32.9, "P95": 35.6, "Min": 0.5, "Max": 36}}
full-isolation repaint {"Milliseconds": {"Median": 0.2, "P95": 0.3, "Min": 0.1, "Max": 0.4}, "LayoutMilliseconds": {"Median": 0.0, "P95": 0, "Min": 0, "Max": 0}, "RenderOrRecordMilliseconds": {"Median": 0.2, "P95": 0.3, "Min": 0.1, "Max": 0.3}, "AutomationMilliseconds": {"Median": 0.0, "P95": 0, "Min": 0, "Max": 0}, "SubmittedLatencyMilliseconds": {"Median": 0.2, "P95": 0.3, "Min": 0.1, "Max": 0.4}}
full-isolation vertical {"Milliseconds": {"Median": 4.75, "P95": 7, "Min": 3.5, "Max": 10.7}, "LayoutMilliseconds": {"Median": 1.7, "P95": 3, "Min": 1.2, "Max": 4.8}, "RenderOrRecordMilliseconds": {"Median": 2.0, "P95": 2.8, "Min": 1.5, "Max": 5.1}, "AutomationMilliseconds": {"Median": 1.0, "P95": 1.4, "Min": 0.7, "Max": 1.6}, "SubmittedLatencyMilliseconds": {"Median": 34.85, "P95": 47.5, "Min": 32.2, "Max": 49}}
full-isolation horizontal {"Milliseconds": {"Median": 1.7, "P95": 2.2, "Min": 0.3, "Max": 2.6}, "LayoutMilliseconds": {"Median": 0.45, "P95": 0.8, "Min": 0, "Max": 0.9}, "RenderOrRecordMilliseconds": {"Median": 1.2, "P95": 1.6, "Min": 0.3, "Max": 2}, "AutomationMilliseconds": {"Median": 0.0, "P95": 0.1, "Min": 0, "Max": 0.2}, "SubmittedLatencyMilliseconds": {"Median": 32.6, "P95": 36.4, "Min": 0.3, "Max": 41}}
{
  "Passed": true,
  "Completed": true
}
PASS single timer-driven column width without input
PASS single header-only mouse drag updates all rows
PASS single progress advances naturally and stops without global rerecording
PASS single hidden progress resumes without input
PASS single transition intermediate and final frames without hover
PASS single overlapping transition replacement completes latest content
PASS single reentrant invalidation survives capture
PASS single cached-reentrant invalidation survives capture
PASS render-worker timer-driven column width without input
PASS render-worker header-only mouse drag updates all rows
PASS render-worker progress advances naturally and stops without global rerecording
PASS render-worker hidden progress resumes without input
PASS render-worker transition intermediate and final frames without hover
PASS render-worker overlapping transition replacement completes latest content
PASS render-worker reentrant invalidation survives capture
PASS render-worker cached-reentrant invalidation survives capture
PASS render-worker render-side custom invalidation survives render completion
PASS full-isolation timer-driven column width without input
PASS full-isolation header-only mouse drag updates all rows
PASS full-isolation progress advances naturally and stops without global rerecording
PASS full-isolation hidden progress resumes without input
PASS full-isolation transition intermediate and final frames without hover
PASS full-isolation overlapping transition replacement completes latest content
PASS full-isolation reentrant invalidation survives capture
PASS full-isolation cached-reentrant invalidation survives capture
PASS full-isolation render-side custom invalidation survives render completion
{
  "Passed": 26,
  "Failed": 0,
  "Errors": [],
  "MissingAssets": []
}
PASS vertical completes without render error
PASS horizontal completes without render error
PASS UTF8 references exceed fresh encodes
PASS placement changes use sparse patches
PASS identical text resources are interned
PASS server validation reuses immutable reference summaries
PASS exact identity transforms skip native canvas operations
PASS transport retains one in-flight batch and a bounded transfer pool
PASS 100 warm repaint requests create no new packets or string encodes
{
  "Completed": true,
  "Passed": 9,
  "Failed": 0,
  "Errors": [],
  "MissingAssets": []
}
PASS single 
PASS render-worker 
PASS full-isolation 
PASS single 
PASS render-worker 
PASS full-isolation 
STAGE single False navigation
STAGE single False mount
STAGE single False presented pixels
STAGE single False command
STAGE single False presented pixels
STAGE single False command
STAGE single False dispose
PASS single False 
STAGE single True navigation
STAGE single True mount
STAGE single True presented pixels
STAGE single True command
STAGE single True presented pixels
STAGE single True command
STAGE single True dispose
PASS single True 
STAGE render-worker False navigation
STAGE render-worker False mount
STAGE render-worker False presented pixels
STAGE render-worker False command
STAGE render-worker False presented pixels
STAGE render-worker False command
STAGE render-worker False restart
STAGE render-worker False presented pixels
STAGE render-worker False dispose
PASS render-worker False 
STAGE render-worker True navigation
STAGE render-worker True mount
STAGE render-worker True presented pixels
STAGE render-worker True command
STAGE render-worker True presented pixels
STAGE render-worker True command
STAGE render-worker True restart
STAGE render-worker True presented pixels
STAGE render-worker True dispose
PASS render-worker True 
STAGE full-isolation False navigation
STAGE full-isolation False mount
STAGE full-isolation False presented pixels
STAGE full-isolation False command
STAGE full-isolation False presented pixels
STAGE full-isolation False command
STAGE full-isolation False restart
STAGE full-isolation False presented pixels
STAGE full-isolation False dispose
PASS full-isolation False 
STAGE full-isolation True navigation
STAGE full-isolation True mount
STAGE full-isolation True presented pixels
STAGE full-isolation True command
STAGE full-isolation True presented pixels
STAGE full-isolation True command
STAGE full-isolation True restart
STAGE full-isolation True presented pixels
STAGE full-isolation True dispose
PASS full-isolation True 
STAGE HTTP server shutdown
PASS single False 
PASS single True 
PASS render-worker False 
PASS render-worker True 
PASS full-isolation False 
PASS full-isolation True 
PASS single False 
PASS single True 
PASS render-worker False 
PASS render-worker True 
PASS full-isolation False 
PASS full-isolation True 
STAGE single False startup
STAGE single False mount
STAGE single False theme
STAGE single False move
STAGE single False mutate
STAGE single False realize
PASS single False 
STAGE single True startup
STAGE single True mount
STAGE single True theme
STAGE single True move
STAGE single True mutate
STAGE single True realize
PASS single True 
STAGE render-worker False startup
STAGE render-worker False mount
STAGE render-worker False theme
STAGE render-worker False move
STAGE render-worker False mutate
STAGE render-worker False realize
STAGE render-worker False restart
PASS render-worker False 
STAGE render-worker True startup
STAGE render-worker True mount
STAGE render-worker True theme
STAGE render-worker True move
STAGE render-worker True mutate
STAGE render-worker True realize
STAGE render-worker True restart
PASS render-worker True 
STAGE full-isolation False startup
STAGE full-isolation False mount
STAGE full-isolation False theme
STAGE full-isolation False move
STAGE full-isolation False mutate
STAGE full-isolation False realize
STAGE full-isolation False restart
PASS full-isolation False 
STAGE full-isolation True startup
STAGE full-isolation True mount
STAGE full-isolation True theme
STAGE full-isolation True move
STAGE full-isolation True mutate
STAGE full-isolation True realize
STAGE full-isolation True restart
PASS full-isolation True 

> avaloniaweb-workspace@0.6.2-alpha.1 verify:release
> node scripts/verify-release.mjs

{"Version":"0.6.2-alpha.1","SourceFingerprint":"6bbc379ecb3ff0e14339de517f36b843bf93682c5cac400b0ac205f740edd56b","Node":970,"Browser":112,"Scrollbars":[[1,20],[1.25,20]],"Text":29,"Packages":18,"Threading":{"Browser":39,"Integration":19,"Quality":12,"Catalog":148}}

> avaloniaweb-workspace@0.6.2-alpha.1 benchmark
> node --import ./scripts/register-loader.mjs scripts/benchmark.mjs artifacts/benchmark-current.json

