
> avaloniaweb-workspace@0.6.2-alpha.1 verify:vendor
> node scripts/verify-vendor.mjs

{"Passed":true,"Files":122,"SkiaSharpWebCommit":"d5a9e8573c747804930eb76a81d05d2c5dde2d3a"}

> avaloniaweb-workspace@0.6.2-alpha.1 test:record
> node scripts/validate-node.mjs

TAP version 13
# Subtest: Automation peers are cached, dispatch notifications, and release owner subscriptions
ok 1 - Automation peers are cached, dispatch notifications, and release owner subscriptions
  ---
  duration_ms: 3.057693
  type: 'test'
  ...
# Subtest: Automation XAML metadata, labeled-by cycles and custom peer overrides
ok 2 - Automation XAML metadata, labeled-by cycles and custom peer overrides
  ---
  duration_ms: 9.569184
  type: 'test'
  ...
# Subtest: Invoke/toggle/radio providers enforce disabled and mutually exclusive behavior
ok 3 - Invoke/toggle/radio providers enforce disabled and mutually exclusive behavior
  ---
  duration_ms: 3.158635
  type: 'test'
  ...
# Subtest: Value and range providers preserve password privacy and read-only/range contracts
ok 4 - Value and range providers preserve password privacy and read-only/range contracts
  ---
  duration_ms: 8.911763
  type: 'test'
  ...
# Subtest: Selection peers represent offscreen items without allocating the whole list
ok 5 - Selection peers represent offscreen items without allocating the whole list
  ---
  duration_ms: 17.526684
  type: 'test'
  ...
# Subtest: Table automation exposes actual headers, rows, grid cell identity and current row indices
ok 6 - Table automation exposes actual headers, rows, grid cell identity and current row indices
  ---
  duration_ms: 27.352629
  type: 'test'
  ...
# Subtest: Tree expansion peers update underlying hierarchy and report sibling positions
ok 7 - Tree expansion peers update underlying hierarchy and report sibling positions
  ---
  duration_ms: 9.807473
  type: 'test'
  ...
# Subtest: Scroll and clipping automation use measured viewport and enforce unsupported axes
ok 8 - Scroll and clipping automation use measured viewport and enforce unsupported axes
  ---
  duration_ms: 2.882559
  type: 'test'
  ...
# Subtest: Visual adoption rejects a conflicting logical parent without a partial mutation
ok 9 - Visual adoption rejects a conflicting logical parent without a partial mutation
  ---
  duration_ms: 0.352971
  type: 'test'
  ...
# Subtest: catalog defaults to full isolation with no override
ok 10 - catalog defaults to full isolation with no override
  ---
  duration_ms: 0.728436
  type: 'test'
  ...
# Subtest: catalog keeps explicit single URL override
ok 11 - catalog keeps explicit single URL override
  ---
  duration_ms: 0.183556
  type: 'test'
  ...
# Subtest: catalog keeps explicit render-worker URL override
ok 12 - catalog keeps explicit render-worker URL override
  ---
  duration_ms: 0.092339
  type: 'test'
  ...
# Subtest: catalog keeps explicit full-isolation URL override
ok 13 - catalog keeps explicit full-isolation URL override
  ---
  duration_ms: 0.069265
  type: 'test'
  ...
# Subtest: catalog legacy override precedes the URL
ok 14 - catalog legacy override precedes the URL
  ---
  duration_ms: 0.086891
  type: 'test'
  ...
# Subtest: catalog boot options precede legacy and URL overrides
ok 15 - catalog boot options precede legacy and URL overrides
  ---
  duration_ms: 0.097106
  type: 'test'
  ...
# Subtest: AOT catalog construction, layout and disposal: MainView
ok 16 - AOT catalog construction, layout and disposal: MainView
  ---
  duration_ms: 65.459073
  type: 'test'
  ...
# Subtest: AOT catalog construction, layout and disposal: Accelerator
ok 17 - AOT catalog construction, layout and disposal: Accelerator
  ---
  duration_ms: 2.604025
  type: 'test'
  ...
# Subtest: AOT catalog construction, layout and disposal: Acrylic
ok 18 - AOT catalog construction, layout and disposal: Acrylic
  ---
  duration_ms: 3.722403
  type: 'test'
  ...
# Subtest: AOT catalog construction, layout and disposal: AdornerLayer
ok 19 - AOT catalog construction, layout and disposal: AdornerLayer
  ---
  duration_ms: 4.240022
  type: 'test'
  ...
# Subtest: AOT catalog construction, layout and disposal: AutoCompleteBox
ok 20 - AOT catalog construction, layout and disposal: AutoCompleteBox
  ---
  duration_ms: 2.583949
  type: 'test'
  ...
# Subtest: AOT catalog construction, layout and disposal: BitmapCache
ok 21 - AOT catalog construction, layout and disposal: BitmapCache
  ---
  duration_ms: 4.209897
  type: 'test'
  ...
# Subtest: AOT catalog construction, layout and disposal: Border
ok 22 - AOT catalog construction, layout and disposal: Border
  ---
  duration_ms: 5.373641
  type: 'test'
  ...
# Subtest: AOT catalog construction, layout and disposal: ButtonSpinner
ok 23 - AOT catalog construction, layout and disposal: ButtonSpinner
  ---
  duration_ms: 2.89654
  type: 'test'
  ...
# Subtest: AOT catalog construction, layout and disposal: Buttons
ok 24 - AOT catalog construction, layout and disposal: Buttons
  ---
  duration_ms: 6.558342
  type: 'test'
  ...
# Subtest: AOT catalog construction, layout and disposal: Calendar
ok 25 - AOT catalog construction, layout and disposal: Calendar
  ---
  duration_ms: 4.518522
  type: 'test'
  ...
# Subtest: AOT catalog construction, layout and disposal: CalendarDatePicker
ok 26 - AOT catalog construction, layout and disposal: CalendarDatePicker
  ---
  duration_ms: 2.893926
  type: 'test'
  ...
# Subtest: AOT catalog construction, layout and disposal: Canvas
ok 27 - AOT catalog construction, layout and disposal: Canvas
  ---
  duration_ms: 4.465361
  type: 'test'
  ...
# Subtest: AOT catalog construction, layout and disposal: Carousel
ok 28 - AOT catalog construction, layout and disposal: Carousel
  ---
  duration_ms: 5.16005
  type: 'test'
  ...
# Subtest: AOT catalog construction, layout and disposal: CarouselPage
ok 29 - AOT catalog construction, layout and disposal: CarouselPage
  ---
  duration_ms: 1.788693
  type: 'test'
  ...
# Subtest: AOT catalog construction, layout and disposal: CheckBox
ok 30 - AOT catalog construction, layout and disposal: CheckBox
  ---
  duration_ms: 2.546404
  type: 'test'
  ...
# Subtest: AOT catalog construction, layout and disposal: Clipboard
ok 31 - AOT catalog construction, layout and disposal: Clipboard
  ---
  duration_ms: 2.674706
  type: 'test'
  ...
# Subtest: AOT catalog construction, layout and disposal: ColorPicker
ok 32 - AOT catalog construction, layout and disposal: ColorPicker
  ---
  duration_ms: 4.405652
  type: 'test'
  ...
# Subtest: AOT catalog construction, layout and disposal: ComboBox
ok 33 - AOT catalog construction, layout and disposal: ComboBox
  ---
  duration_ms: 2.444369
  type: 'test'
  ...
# Subtest: AOT catalog construction, layout and disposal: CommandBar
ok 34 - AOT catalog construction, layout and disposal: CommandBar
  ---
  duration_ms: 2.208434
  type: 'test'
  ...
# Subtest: AOT catalog construction, layout and disposal: Composition
ok 35 - AOT catalog construction, layout and disposal: Composition
  ---
  duration_ms: 4.224669
  type: 'test'
  ...
# Subtest: AOT catalog construction, layout and disposal: ContainerQueries
ok 36 - AOT catalog construction, layout and disposal: ContainerQueries
  ---
  duration_ms: 10.896228
  type: 'test'
  ...
# Subtest: AOT catalog construction, layout and disposal: ContentPage
ok 37 - AOT catalog construction, layout and disposal: ContentPage
  ---
  duration_ms: 3.829625
  type: 'test'
  ...
# Subtest: AOT catalog construction, layout and disposal: ContextFlyout
ok 38 - AOT catalog construction, layout and disposal: ContextFlyout
  ---
  duration_ms: 2.27175
  type: 'test'
  ...
# Subtest: AOT catalog construction, layout and disposal: ContextMenu
ok 39 - AOT catalog construction, layout and disposal: ContextMenu
  ---
  duration_ms: 2.006701
  type: 'test'
  ...
# Subtest: AOT catalog construction, layout and disposal: Cursor
ok 40 - AOT catalog construction, layout and disposal: Cursor
  ---
  duration_ms: 3.435902
  type: 'test'
  ...
# Subtest: AOT catalog construction, layout and disposal: CustomDrawing
ok 41 - AOT catalog construction, layout and disposal: CustomDrawing
  ---
  duration_ms: 4.787506
  type: 'test'
  ...
# Subtest: AOT catalog construction, layout and disposal: DataValidation
ok 42 - AOT catalog construction, layout and disposal: DataValidation
  ---
  duration_ms: 3.559739
  type: 'test'
  ...
# Subtest: AOT catalog construction, layout and disposal: DateTimePicker
ok 43 - AOT catalog construction, layout and disposal: DateTimePicker
  ---
  duration_ms: 3.409112
  type: 'test'
  ...
# Subtest: AOT catalog construction, layout and disposal: Dialogs
ok 44 - AOT catalog construction, layout and disposal: Dialogs
  ---
  duration_ms: 3.047127
  type: 'test'
  ...
# Subtest: AOT catalog construction, layout and disposal: DragDrop
ok 45 - AOT catalog construction, layout and disposal: DragDrop
  ---
  duration_ms: 2.273893
  type: 'test'
  ...
# Subtest: AOT catalog construction, layout and disposal: DrawerPage
ok 46 - AOT catalog construction, layout and disposal: DrawerPage
  ---
  duration_ms: 1.778357
  type: 'test'
  ...
# Subtest: AOT catalog construction, layout and disposal: Expander
ok 47 - AOT catalog construction, layout and disposal: Expander
  ---
  duration_ms: 5.223303
  type: 'test'
  ...
# Subtest: AOT catalog construction, layout and disposal: FlexPanel
ok 48 - AOT catalog construction, layout and disposal: FlexPanel
  ---
  duration_ms: 1.918438
  type: 'test'
  ...
# Subtest: AOT catalog construction, layout and disposal: Flyouts
ok 49 - AOT catalog construction, layout and disposal: Flyouts
  ---
  duration_ms: 1.697305
  type: 'test'
  ...
# Subtest: AOT catalog construction, layout and disposal: Focus
ok 50 - AOT catalog construction, layout and disposal: Focus
  ---
  duration_ms: 4.033011
  type: 'test'
  ...
# Subtest: AOT catalog construction, layout and disposal: Gestures
ok 51 - AOT catalog construction, layout and disposal: Gestures
  ---
  duration_ms: 7.950748
  type: 'test'
  ...
# Subtest: AOT catalog construction, layout and disposal: HeaderedContentControl
ok 52 - AOT catalog construction, layout and disposal: HeaderedContentControl
  ---
  duration_ms: 2.938123
  type: 'test'
  ...
# Subtest: AOT catalog construction, layout and disposal: Image
ok 53 - AOT catalog construction, layout and disposal: Image
  ---
  duration_ms: 2.184648
  type: 'test'
  ...
# Subtest: AOT catalog construction, layout and disposal: Label
ok 54 - AOT catalog construction, layout and disposal: Label
  ---
  duration_ms: 2.490239
  type: 'test'
  ...
# Subtest: AOT catalog construction, layout and disposal: LayoutTransformControl
ok 55 - AOT catalog construction, layout and disposal: LayoutTransformControl
  ---
  duration_ms: 3.273067
  type: 'test'
  ...
# Subtest: AOT catalog construction, layout and disposal: ListBox
ok 56 - AOT catalog construction, layout and disposal: ListBox
  ---
  duration_ms: 8.972226
  type: 'test'
  ...
# Subtest: AOT catalog construction, layout and disposal: Menu
ok 57 - AOT catalog construction, layout and disposal: Menu
  ---
  duration_ms: 1.961622
  type: 'test'
  ...
# Subtest: AOT catalog construction, layout and disposal: NativeEmbed
ok 58 - AOT catalog construction, layout and disposal: NativeEmbed
  ---
  duration_ms: 2.520709
  type: 'test'
  ...
# Subtest: AOT catalog construction, layout and disposal: NavigationPage
ok 59 - AOT catalog construction, layout and disposal: NavigationPage
  ---
  duration_ms: 2.582388
  type: 'test'
  ...
# Subtest: AOT catalog construction, layout and disposal: Notifications
ok 60 - AOT catalog construction, layout and disposal: Notifications
  ---
  duration_ms: 1.529122
  type: 'test'
  ...
# Subtest: AOT catalog construction, layout and disposal: NumericUpDown
ok 61 - AOT catalog construction, layout and disposal: NumericUpDown
  ---
  duration_ms: 7.382092
  type: 'test'
  ...
# Subtest: AOT catalog construction, layout and disposal: OpenGL
ok 62 - AOT catalog construction, layout and disposal: OpenGL
  ---
  duration_ms: 3.870286
  type: 'test'
  ...
# Subtest: AOT catalog construction, layout and disposal: OpenGLInterop
ok 63 - AOT catalog construction, layout and disposal: OpenGLInterop
  ---
  duration_ms: 3.020086
  type: 'test'
  ...
# Subtest: AOT catalog construction, layout and disposal: OpenGLLease
ok 64 - AOT catalog construction, layout and disposal: OpenGLLease
  ---
  duration_ms: 3.177553
  type: 'test'
  ...
# Subtest: AOT catalog construction, layout and disposal: PipsPager
ok 65 - AOT catalog construction, layout and disposal: PipsPager
  ---
  duration_ms: 2.013771
  type: 'test'
  ...
# Subtest: AOT catalog construction, layout and disposal: PlatformInformation
ok 66 - AOT catalog construction, layout and disposal: PlatformInformation
  ---
  duration_ms: 6.206112
  type: 'test'
  ...
# Subtest: AOT catalog construction, layout and disposal: PlatformSettings
ok 67 - AOT catalog construction, layout and disposal: PlatformSettings
  ---
  duration_ms: 3.123097
  type: 'test'
  ...
# Subtest: AOT catalog construction, layout and disposal: Pointers
ok 68 - AOT catalog construction, layout and disposal: Pointers
  ---
  duration_ms: 1.781401
  type: 'test'
  ...
# Subtest: AOT catalog construction, layout and disposal: ProgressBar
ok 69 - AOT catalog construction, layout and disposal: ProgressBar
  ---
  duration_ms: 1.898507
  type: 'test'
  ...
# Subtest: AOT catalog construction, layout and disposal: RadioButton
ok 70 - AOT catalog construction, layout and disposal: RadioButton
  ---
  duration_ms: 2.19206
  type: 'test'
  ...
# Subtest: AOT catalog construction, layout and disposal: RefreshContainer
ok 71 - AOT catalog construction, layout and disposal: RefreshContainer
  ---
  duration_ms: 2.420454
  type: 'test'
  ...
# Subtest: AOT catalog construction, layout and disposal: RelativePanel
ok 72 - AOT catalog construction, layout and disposal: RelativePanel
  ---
  duration_ms: 4.383218
  type: 'test'
  ...
# Subtest: AOT catalog construction, layout and disposal: Screens
ok 73 - AOT catalog construction, layout and disposal: Screens
  ---
  duration_ms: 2.133692
  type: 'test'
  ...
# Subtest: AOT catalog construction, layout and disposal: ScrollViewer
ok 74 - AOT catalog construction, layout and disposal: ScrollViewer
  ---
  duration_ms: 11.503443
  type: 'test'
  ...
# Subtest: AOT catalog construction, layout and disposal: Slider
ok 75 - AOT catalog construction, layout and disposal: Slider
  ---
  duration_ms: 352.186199
  type: 'test'
  ...
# Subtest: AOT catalog construction, layout and disposal: SplitView
ok 76 - AOT catalog construction, layout and disposal: SplitView
  ---
  duration_ms: 2.910371
  type: 'test'
  ...
# Subtest: AOT catalog construction, layout and disposal: TabControl
ok 77 - AOT catalog construction, layout and disposal: TabControl
  ---
  duration_ms: 1.918528
  type: 'test'
  ...
# Subtest: AOT catalog construction, layout and disposal: TabStrip
ok 78 - AOT catalog construction, layout and disposal: TabStrip
  ---
  duration_ms: 1.805248
  type: 'test'
  ...
# Subtest: AOT catalog construction, layout and disposal: TabbedPage
ok 79 - AOT catalog construction, layout and disposal: TabbedPage
  ---
  duration_ms: 1.824126
  type: 'test'
  ...
# Subtest: AOT catalog construction, layout and disposal: TableView
ok 80 - AOT catalog construction, layout and disposal: TableView
  ---
  duration_ms: 4.163998
  type: 'test'
  ...
# Subtest: AOT catalog construction, layout and disposal: TextBlock
ok 81 - AOT catalog construction, layout and disposal: TextBlock
  ---
  duration_ms: 3.459648
  type: 'test'
  ...
# Subtest: AOT catalog construction, layout and disposal: TextBox
ok 82 - AOT catalog construction, layout and disposal: TextBox
  ---
  duration_ms: 7.955415
  type: 'test'
  ...
# Subtest: AOT catalog construction, layout and disposal: ThemeVariants
ok 83 - AOT catalog construction, layout and disposal: ThemeVariants
  ---
  duration_ms: 3.146276
  type: 'test'
  ...
# Subtest: AOT catalog construction, layout and disposal: ToggleSwitch
ok 84 - AOT catalog construction, layout and disposal: ToggleSwitch
  ---
  duration_ms: 3.009521
  type: 'test'
  ...
# Subtest: AOT catalog construction, layout and disposal: ToolTip
ok 85 - AOT catalog construction, layout and disposal: ToolTip
  ---
  duration_ms: 2.374935
  type: 'test'
  ...
# Subtest: AOT catalog construction, layout and disposal: TransitioningContentControl
ok 86 - AOT catalog construction, layout and disposal: TransitioningContentControl
  ---
  duration_ms: 3.339968
  type: 'test'
  ...
# Subtest: AOT catalog construction, layout and disposal: TreeView
ok 87 - AOT catalog construction, layout and disposal: TreeView
  ---
  duration_ms: 5.269512
  type: 'test'
  ...
# Subtest: AOT catalog construction, layout and disposal: Viewbox
ok 88 - AOT catalog construction, layout and disposal: Viewbox
  ---
  duration_ms: 6.315196
  type: 'test'
  ...
# Subtest: AOT catalog construction, layout and disposal: WindowCustomizations
ok 89 - AOT catalog construction, layout and disposal: WindowCustomizations
  ---
  duration_ms: 5.253328
  type: 'test'
  ...
# Subtest: AOT catalog construction, layout and disposal: WrapPanel
ok 90 - AOT catalog construction, layout and disposal: WrapPanel
  ---
  duration_ms: 1.680509
  type: 'test'
  ...
# Subtest: catalog coverage manifest does not claim all upstream subexamples
ok 91 - catalog coverage manifest does not claim all upstream subexamples
  ---
  duration_ms: 0.157898
  type: 'test'
  ...
# Subtest: CompiledBindingExtension creates an executable incremental expression, not the reflection expression
ok 92 - CompiledBindingExtension creates an executable incremental expression, not the reflection expression
  ---
  duration_ms: 14.367908
  type: 'test'
  ...
# Subtest: compiled nested leaf updates do not reread ancestors or recreate subscriptions
ok 93 - compiled nested leaf updates do not reread ancestors or recreate subscriptions
  ---
  duration_ms: 2.473934
  type: 'test'
  ...
# Subtest: compiled branch replacement detaches only the obsolete suffix
ok 94 - compiled branch replacement detaches only the obsolete suffix
  ---
  duration_ms: 0.944902
  type: 'test'
  ...
# Subtest: compiled paths preserve terminal null and TargetNullValue without treating it as missing
ok 95 - compiled paths preserve terminal null and TargetNullValue without treating it as missing
  ---
  duration_ms: 0.69757
  type: 'test'
  ...
# Subtest: null intermediate compiled paths recover when the branch appears
ok 96 - null intermediate compiled paths recover when the branch appears
  ---
  duration_ms: 1.275861
  type: 'test'
  ...
# Subtest: compiled TwoWay setters reread normalized source values after assignment
ok 97 - compiled TwoWay setters reread normalized source values after assignment
  ---
  duration_ms: 1.264103
  type: 'test'
  ...
# Subtest: compiled delegates and declared read-only accessors are enforced
ok 98 - compiled delegates and declared read-only accessors are enforced
  ---
  duration_ms: 0.960636
  type: 'test'
  ...
# Subtest: compiled observable streams switch subscriptions and continue through emitted objects
ok 99 - compiled observable streams switch subscriptions and continue through emitted objects
  ---
  duration_ms: 0.769078
  type: 'test'
  ...
# Subtest: compiled Promise streams ignore stale completions after replacement
ok 100 - compiled Promise streams ignore stale completions after replacement
  ---
  duration_ms: 0.868908
  type: 'test'
  ...
# Subtest: compiled Promise rejection publishes fallback and exposes the binding error
ok 101 - compiled Promise rejection publishes fallback and exposes the binding error
  ---
  duration_ms: 0.885673
  type: 'test'
  ...
# Subtest: compiled stream disposal rejects late results and releases child observers
ok 102 - compiled stream disposal rejects late results and releases child observers
  ---
  duration_ms: 1.169871
  type: 'test'
  ...
# Subtest: compiled OneTime bindings release stream subscriptions after the first real value
ok 103 - compiled OneTime bindings release stream subscriptions after the first real value
  ---
  duration_ms: 0.455466
  type: 'test'
  ...
# Subtest: builder ArrayElement, TypeCast and Not compose executable operations
ok 104 - builder ArrayElement, TypeCast and Not compose executable operations
  ---
  duration_ms: 0.812133
  type: 'test'
  ...
# Subtest: compiled self, templated parent and namescope roots resolve without DataContext
ok 105 - compiled self, templated parent and namescope roots resolve without DataContext
  ---
  duration_ms: 1.254468
  type: 'test'
  ...
# Subtest: compiled command dependencies notify CanExecuteChanged and dispose observers
ok 106 - compiled command dependencies notify CanExecuteChanged and dispose observers
  ---
  duration_ms: 2.541398
  type: 'test'
  ...
# Subtest: compiled paths reject unsafe names and preserve carets inside quoted map keys
ok 107 - compiled paths reject unsafe names and preserve carets inside quoted map keys
  ---
  duration_ms: 0.782778
  type: 'test'
  ...
# Subtest: runtime XAML and emitted AOT modules both execute compiled stream bindings
ok 108 - runtime XAML and emitted AOT modules both execute compiled stream bindings
  ---
  duration_ms: 13.00718
  type: 'test'
  ...
# Subtest: compiled accessor factories observe, set and dispose without retaining obsolete branches
ok 109 - compiled accessor factories observe, set and dispose without retaining obsolete branches
  ---
  duration_ms: 0.65122
  type: 'test'
  ...
# Subtest: compiled accessor errors are cleared by the next successful value
ok 110 - compiled accessor errors are cleared by the next successful value
  ---
  duration_ms: 0.582157
  type: 'test'
  ...
# Subtest: OneWayToSource preserves the initial target and keeps an active source-only priority entry
ok 111 - OneWayToSource preserves the initial target and keeps an active source-only priority entry
  ---
  duration_ms: 1.363222
  type: 'test'
  ...
# Subtest: compiled explicit source updates do not write before UpdateSource is requested
ok 112 - compiled explicit source updates do not write before UpdateSource is requested
  ---
  duration_ms: 0.507514
  type: 'test'
  ...
# Subtest: compiled builder validates casts and can evaluate nullable getter delegates
ok 113 - compiled builder validates casts and can evaluate nullable getter delegates
  ---
  duration_ms: 0.653073
  type: 'test'
  ...
# Subtest: composition Scalar properties distinguish type, copy values and expose status
ok 114 - composition Scalar properties distinguish type, copy values and expose status
  ---
  duration_ms: 2.735387
  type: 'test'
  ...
# Subtest: composition Boolean properties distinguish type, copy values and expose status
ok 115 - composition Boolean properties distinguish type, copy values and expose status
  ---
  duration_ms: 0.257298
  type: 'test'
  ...
# Subtest: composition Color properties distinguish type, copy values and expose status
ok 116 - composition Color properties distinguish type, copy values and expose status
  ---
  duration_ms: 0.437038
  type: 'test'
  ...
# Subtest: composition Vector2 properties distinguish type, copy values and expose status
ok 117 - composition Vector2 properties distinguish type, copy values and expose status
  ---
  duration_ms: 0.137067
  type: 'test'
  ...
# Subtest: composition Vector3 properties distinguish type, copy values and expose status
ok 118 - composition Vector3 properties distinguish type, copy values and expose status
  ---
  duration_ms: 0.246741
  type: 'test'
  ...
# Subtest: composition Vector4 properties distinguish type, copy values and expose status
ok 119 - composition Vector4 properties distinguish type, copy values and expose status
  ---
  duration_ms: 0.171759
  type: 'test'
  ...
# Subtest: composition Quaternion properties distinguish type, copy values and expose status
ok 120 - composition Quaternion properties distinguish type, copy values and expose status
  ---
  duration_ms: 0.187933
  type: 'test'
  ...
# Subtest: composition Matrix3x2 properties distinguish type, copy values and expose status
ok 121 - composition Matrix3x2 properties distinguish type, copy values and expose status
  ---
  duration_ms: 0.253792
  type: 'test'
  ...
# Subtest: composition Matrix4x4 properties distinguish type, copy values and expose status
ok 122 - composition Matrix4x4 properties distinguish type, copy values and expose status
  ---
  duration_ms: 0.370938
  type: 'test'
  ...
# Subtest: composition Quaternion and Vector4 keep distinct declared tags, including overwriting the same key
ok 123 - composition Quaternion and Vector4 keep distinct declared tags, including overwriting the same key
  ---
  duration_ms: 0.365039
  type: 'test'
  ...
# Subtest: composition values reject nonfinite components and invalid keys before changing prior data
ok 124 - composition values reject nonfinite components and invalid keys before changing prior data
  ---
  duration_ms: 0.550438
  type: 'test'
  ...
# Subtest: typed animation parameters are copied, cleared and reject foreign/disposed references
ok 125 - typed animation parameters are copied, cleared and reject foreign/disposed references
  ---
  duration_ms: 0.929249
  type: 'test'
  ...
# Subtest: animation group is a client CompositionObject with Remove/RemoveAll and does not own supplied animations
ok 126 - animation group is a client CompositionObject with Remove/RemoveAll and does not own supplied animations
  ---
  duration_ms: 0.377408
  type: 'test'
  ...
# Subtest: animation group starts every member at the identical clock instant and clones parameter ownership
ok 127 - animation group starts every member at the identical clock instant and clones parameter ownership
  ---
  duration_ms: 1.349331
  type: 'test'
  ...
# Subtest: invalid group target leaves prior running animations unchanged
ok 128 - invalid group target leaves prior running animations unchanged
  ---
  duration_ms: 0.502657
  type: 'test'
  ...
# Subtest: single targeted animation supports StartAnimationGroup and stopping one component preserves another
ok 129 - single targeted animation supports StartAnimationGroup and stopping one component preserves another
  ---
  duration_ms: 0.53099
  type: 'test'
  ...
# Subtest: typed parameters and grouped animations execute on isolated server state through binary transport
ok 130 - typed parameters and grouped animations execute on isolated server state through binary transport
  ---
  duration_ms: 15.55138
  type: 'test'
  ...
# Subtest: composition snapshots publish atomically at commit, not at property assignment
ok 131 - composition snapshots publish atomically at commit, not at property assignment
  ---
  duration_ms: 5.627711
  type: 'test'
  ...
# Subtest: visual collections reject duplicate parents, cycles, and cross-compositor resources
ok 132 - visual collections reject duplicate parents, cycles, and cross-compositor resources
  ---
  duration_ms: 0.714756
  type: 'test'
  ...
# Subtest: scalar keyframes are deterministic and cancellation restores the base property
ok 133 - scalar keyframes are deterministic and cancellation restores the base property
  ---
  duration_ms: 1.090982
  type: 'test'
  ...
# Subtest: keyframe clocks stop after completion and retain final presentation state
ok 134 - keyframe clocks stop after completion and retain final presentation state
  ---
  duration_ms: 0.393061
  type: 'test'
  ...
# Subtest: alternating keyframes and delay use the injected clock
ok 135 - alternating keyframes and delay use the injected clock
  ---
  duration_ms: 0.446172
  type: 'test'
  ...
# Subtest: expression parser supports vectors, arithmetic, functions and lazy conditionals
ok 136 - expression parser supports vectors, arithmetic, functions and lazy conditionals
  ---
  duration_ms: 1.59449
  type: 'test'
  ...
# Subtest: expression references observe committed property-set values
ok 137 - expression references observe committed property-set values
  ---
  duration_ms: 0.847806
  type: 'test'
  ...
# Subtest: custom visuals receive queued messages before rendering
ok 138 - custom visuals receive queued messages before rendering
  ---
  duration_ms: 0.428235
  type: 'test'
  ...
# Subtest: commit failures reject the batch and do not strand subsequent commits
ok 139 - commit failures reject the batch and do not strand subsequent commits
  ---
  duration_ms: 0.356537
  type: 'test'
  ...
# Subtest: disposing a compositor rejects pending batches and disposes its object graph
ok 140 - disposing a compositor rejects pending batches and disposes its object graph
  ---
  duration_ms: 0.369977
  type: 'test'
  ...
# Subtest: compositor disposal clears events and invokes custom handler disposal only once
ok 141 - compositor disposal clears events and invokes custom handler disposal only once
  ---
  duration_ms: 0.171348
  type: 'test'
  ...
# Subtest: container query grammar validates full input, axes, and Boolean precedence
ok 142 - container query grammar validates full input, axes, and Boolean precedence
  ---
  duration_ms: 1.641201
  type: 'test'
  ...
# Subtest: ancestor resize applies and removes query setters without replacing local values
ok 143 - ancestor resize applies and removes query setters without replacing local values
  ---
  duration_ms: 6.375447
  type: 'test'
  ...
# Subtest: XAML Container attached properties and conditional children instantiate
ok 144 - XAML Container attached properties and conditional children instantiate
  ---
  duration_ms: 6.466243
  type: 'test'
  ...
# (node:4576) ExperimentalWarning: The MockTimers API is an experimental feature and might change at any time
# (Use `node --trace-warnings ...` to show where the warning was created)
# Subtest: dispatcher priority values and invalid sentinels match Avalonia
ok 145 - dispatcher priority values and invalid sentinels match Avalonia
  ---
  duration_ms: 0.920726
  type: 'test'
  ...
# Subtest: dispatcher orders active work by priority and stable original FIFO after reprioritization
ok 146 - dispatcher orders active work by priority and stable original FIFO after reprioritization
  ---
  duration_ms: 0.704871
  type: 'test'
  ...
# Subtest: inactive operations remain pending without host wakeups until explicitly promoted
ok 147 - inactive operations remain pending without host wakeups until explicitly promoted
  ---
  duration_ms: 0.721507
  type: 'test'
  ...
# Subtest: InvokeAsync operations expose lazy tasks, statuses, results and one completion event
ok 148 - InvokeAsync operations expose lazy tasks, statuses, results and one completion event
  ---
  duration_ms: 0.220171
  type: 'test'
  ...
# Subtest: queued abortion removes work and callback immediately and settles lazy task exactly once
ok 149 - queued abortion removes work and callback immediately and settles lazy task exactly once
  ---
  duration_ms: 0.266491
  type: 'test'
  ...
# Subtest: cancellation before enqueue and after enqueue preserves reason and never dispatches
ok 150 - cancellation before enqueue and after enqueue preserves reason and never dispatches
  ---
  duration_ms: 0.234543
  type: 'test'
  ...
# Subtest: executing work detaches cancellation without treating a late abort as a pending cancellation
ok 151 - executing work detaches cancellation without treating a late abort as a pending cancellation
  ---
  duration_ms: 0.256687
  type: 'test'
  ...
# Subtest: callback fault completes operation but rejects Task and Result without dispatcher unhandled event
ok 152 - callback fault completes operation but rejects Task and Result without dispatcher unhandled event
  ---
  duration_ms: 0.242145
  type: 'test'
  ...
# Subtest: async result assimilation does not block subsequent dispatcher jobs
ok 153 - async result assimilation does not block subsequent dispatcher jobs
  ---
  duration_ms: 0.17921
  type: 'test'
  ...
# Subtest: self-return and hostile then getter reject without leaving executing operations
ok 154 - self-return and hostile then getter reject without leaving executing operations
  ---
  duration_ms: 0.30546
  type: 'test'
  ...
# Subtest: handled Post exceptions continue draining while unhandled errors leave remaining queue usable
ok 155 - handled Post exceptions continue draining while unhandled errors leave remaining queue usable
  ---
  duration_ms: 0.182574
  type: 'test'
  ...
# Subtest: exception filter can refuse catching a Post error
ok 156 - exception filter can refuse catching a Post error
  ---
  duration_ms: 0.076675
  type: 'test'
  ...
# Subtest: automatic dispatch yields to host by job count without spinning a microtask queue
ok 157 - automatic dispatch yields to host by job count without spinning a microtask queue
  ---
  duration_ms: 0.197868
  type: 'test'
  ...
# Subtest: automatic dispatch also yields on elapsed budget
ok 158 - automatic dispatch also yields on elapsed budget
  ---
  duration_ms: 0.081753
  type: 'test'
  ...
# Subtest: nested processing suspension defers dispatch and re-enables only after last disposal
ok 159 - nested processing suspension defers dispatch and re-enables only after last disposal
  ---
  duration_ms: 0.10641
  type: 'test'
  ...
# Subtest: indexed priority heap agrees with stable reference under 10000 adversarial mutations
ok 160 - indexed priority heap agrees with stable reference under 10000 adversarial mutations
  ---
  duration_ms: 124.645788
  type: 'test'
  ...
# Subtest: shutdown aborts pending and future operations, announces ordered events and tolerates observer failures
ok 161 - shutdown aborts pending and future operations, announces ordered events and tolerates observer failures
  ---
  duration_ms: 0.474975
  type: 'test'
  ...
# Subtest: same-realm Send Invoke is synchronous and unsupported nested-loop priorities fail explicitly
ok 162 - same-realm Send Invoke is synchronous and unsupported nested-loop priorities fail explicitly
  ---
  duration_ms: 0.264448
  type: 'test'
  ...
# Subtest: AwaitWithPriority queues continuation result at the requested priority
ok 163 - AwaitWithPriority queues continuation result at the requested priority
  ---
  duration_ms: 0.881096
  type: 'test'
  ...
# Subtest: timer maintains at most one queued tick while dispatcher delivery is blocked
ok 164 - timer maintains at most one queued tick while dispatcher delivery is blocked
  ---
  duration_ms: 0.889779
  type: 'test'
  ...
# Subtest: timer Stop/Start, interval change and priority promotion cannot revive stale ticks
ok 165 - timer Stop/Start, interval change and priority promotion cannot revive stale ticks
  ---
  duration_ms: 0.327513
  type: 'test'
  ...
# Subtest: timer stops at dispatcher shutdown and RunOnce disposes even on callback failure
ok 166 - timer stops at dispatcher shutdown and RunOnce disposes even on callback failure
  ---
  duration_ms: 0.342636
  type: 'test'
  ...
# Subtest: drawing state tokens reject out-of-order disposal without consuming the token
ok 167 - drawing state tokens reject out-of-order disposal without consuming the token
  ---
  duration_ms: 1.353728
  type: 'test'
  ...
# Subtest: drawing push failure leaves no logical state and invalid matrices fail before backend mutation
ok 168 - drawing push failure leaves no logical state and invalid matrices fail before backend mutation
  ---
  duration_ms: 1.046475
  type: 'test'
  ...
# Subtest: drawing transform scopes compose and restore in the same order as native matrix operations
ok 169 - drawing transform scopes compose and restore in the same order as native matrix operations
  ---
  duration_ms: 5.803737
  type: 'test'
  ...
# Subtest: native failed geometry-clip and unsupported effect push restore save count and all resource stacks
ok 170 - native failed geometry-clip and unsupported effect push restore save count and all resource stacks
  ---
  duration_ms: 2.748808
  type: 'test'
  ...
# Subtest: DrawingGroup restores earlier states when a later PushEffect fails
ok 171 - DrawingGroup restores earlier states when a later PushEffect fails
  ---
  duration_ms: 3.712319
  type: 'test'
  ...
# Subtest: composition visual restores earlier drawing states on later push failure
ok 172 - composition visual restores earlier drawing states on later push failure
  ---
  duration_ms: 2.587635
  type: 'test'
  ...
# Subtest: native opacity-mask draw failure still restores scope and releases paint state
ok 173 - native opacity-mask draw failure still restores scope and releases paint state
  ---
  duration_ms: 0.680885
  type: 'test'
  ...
# Subtest: DrawingGroup bounds include pen and transform but not clip/effect inflation
ok 174 - DrawingGroup bounds include pen and transform but not clip/effect inflation
  ---
  duration_ms: 5.20852
  type: 'test'
  ...
# Subtest: drawing invalidation propagates nested brush, pen, geometry, transform and stops after disposal
ok 175 - drawing invalidation propagates nested brush, pen, geometry, transform and stops after disposal
  ---
  duration_ms: 0.935849
  type: 'test'
  ...
# Subtest: drawing group batches, sharing, reparented collections and removed child subscriptions remain correct
ok 176 - drawing group batches, sharing, reparented collections and removed child subscriptions remain correct
  ---
  duration_ms: 0.973396
  type: 'test'
  ...
# Subtest: drawing graph cycles reject atomically including cross-image edges while shared DAGs work
ok 177 - drawing graph cycles reject atomically including cross-image edges while shared DAGs work
  ---
  duration_ms: 0.692072
  type: 'test'
  ...
# Subtest: DrawingImage source crop and nonzero destination map to the exact device rectangle
ok 178 - DrawingImage source crop and nonzero destination map to the exact device rectangle
  ---
  duration_ms: 3.54068
  type: 'test'
  ...
# Subtest: DrawingImage explicit Viewbox introduces padding and clips content without shifting destination
ok 179 - DrawingImage explicit Viewbox introduces padding and clips content without shifting destination
  ---
  duration_ms: 2.270829
  type: 'test'
  ...
# Subtest: DrawingImage empty and null content no-ops without allocating drawing states
ok 180 - DrawingImage empty and null content no-ops without allocating drawing states
  ---
  duration_ms: 0.356577
  type: 'test'
  ...
# Subtest: DrawingGroup.Open replaces atomically at disposal, automatically balances scopes and aborts without publishing
ok 181 - DrawingGroup.Open replaces atomically at disposal, automatically balances scopes and aborts without publishing
  ---
  duration_ms: 1.086215
  type: 'test'
  ...
# Subtest: DrawingGroup.Open keeps an existing owned drawing live when it is borrowed into replacement
ok 182 - DrawingGroup.Open keeps an existing owned drawing live when it is borrowed into replacement
  ---
  duration_ms: 0.352431
  type: 'test'
  ...
# Subtest: retained rounded rectangles and ellipse/line records produce actual native geometry
ok 183 - retained rounded rectangles and ellipse/line records produce actual native geometry
  ---
  duration_ms: 3.236893
  type: 'test'
  ...
# Subtest: retained text owns an independent shaping layout and releases it on replacement
ok 184 - retained text owns an independent shaping layout and releases it on replacement
  ---
  duration_ms: 1.149941
  type: 'test'
  ...
# Subtest: StreamGeometry mutation and Open completion invalidate drawing owners once and update bounds
ok 185 - StreamGeometry mutation and Open completion invalidate drawing owners once and update bounds
  ---
  duration_ms: 0.958162
  type: 'test'
  ...
# Subtest: WriteableBitmap Lock is idempotent and invalidates a previously uploaded native image
ok 186 - WriteableBitmap Lock is idempotent and invalidates a previously uploaded native image
  ---
  duration_ms: 2.940997
  type: 'test'
  ...
# Subtest: DrawingImage portable primitives survive binary transport, retain exact native pixels and update without hover
ok 187 - DrawingImage portable primitives survive binary transport, retain exact native pixels and update without hover
  ---
  duration_ms: 19.402647
  type: 'test'
  ...
# Subtest: XAML runtime constructs native drawing graph properties, groups and DrawingImage content
ok 188 - XAML runtime constructs native drawing graph properties, groups and DrawingImage content
  ---
  duration_ms: 6.123818
  type: 'test'
  ...
# Subtest: XAML AOT constructs native drawing graph properties, groups and DrawingImage content
ok 189 - XAML AOT constructs native drawing graph properties, groups and DrawingImage content
  ---
  duration_ms: 13.740163
  type: 'test'
  ...
# Subtest: dash-style mutations invalidate borrowed pen drawings without retaining replaced collections
ok 190 - dash-style mutations invalidate borrowed pen drawings without retaining replaced collections
  ---
  duration_ms: 0.666854
  type: 'test'
  ...
# Subtest: drawing group and image restore all previous scopes even when a later pop fails
ok 191 - drawing group and image restore all previous scopes even when a later pop fails
  ---
  duration_ms: 0.541596
  type: 'test'
  ...
# Subtest: StreamGeometry.Open publishes fallback bounds before notification and rejects recording after disposal
ok 192 - StreamGeometry.Open publishes fallback bounds before notification and rejects recording after disposal
  ---
  duration_ms: 0.328004
  type: 'test'
  ...
# Subtest: retained text keeps warm layout identity but reshapes after borrowed foreground changes
ok 193 - retained text keeps warm layout identity but reshapes after borrowed foreground changes
  ---
  duration_ms: 0.72398
  type: 'test'
  ...
# Subtest: runtime XAML RectangleGeometry has typed Rect bounds and renders inside Image
ok 194 - runtime XAML RectangleGeometry has typed Rect bounds and renders inside Image
  ---
  duration_ms: 15.384608
  type: 'test'
  ...
# Subtest: runtime XAML EllipseGeometry has typed Rect bounds and renders inside Image
ok 195 - runtime XAML EllipseGeometry has typed Rect bounds and renders inside Image
  ---
  duration_ms: 2.068003
  type: 'test'
  ...
# Subtest: runtime XAML LineGeometry parses Point literals
ok 196 - runtime XAML LineGeometry parses Point literals
  ---
  duration_ms: 0.522457
  type: 'test'
  ...
# Subtest: runtime XAML rejects malformed geometry value literals
ok 197 - runtime XAML rejects malformed geometry value literals
  ---
  duration_ms: 0.701486
  type: 'test'
  ...
# Subtest: AOT XAML RectangleGeometry has typed Rect bounds and renders inside Image
ok 198 - AOT XAML RectangleGeometry has typed Rect bounds and renders inside Image
  ---
  duration_ms: 8.250239
  type: 'test'
  ...
# Subtest: AOT XAML EllipseGeometry has typed Rect bounds and renders inside Image
ok 199 - AOT XAML EllipseGeometry has typed Rect bounds and renders inside Image
  ---
  duration_ms: 4.016726
  type: 'test'
  ...
# Subtest: AOT XAML LineGeometry parses Point literals
ok 200 - AOT XAML LineGeometry parses Point literals
  ---
  duration_ms: 2.24537
  type: 'test'
  ...
# Subtest: AOT XAML rejects malformed geometry value literals
ok 201 - AOT XAML rejects malformed geometry value literals
  ---
  duration_ms: 3.56075
  type: 'test'
  ...
# Subtest: geometry literal conversion rejects before replacing an existing typed property value
ok 202 - geometry literal conversion rejects before replacing an existing typed property value
  ---
  duration_ms: 0.440363
  type: 'test'
  ...
# Subtest: gesture collections enforce single ownership, duplicate rejection and immediate batched ownership
ok 203 - gesture collections enforce single ownership, duplicate rejection and immediate batched ownership
  ---
  duration_ms: 2.557009
  type: 'test'
  ...
# Subtest: gesture collection replacement and owner disposal detach contacts without sharing lifetimes
ok 204 - gesture collection replacement and owner disposal detach contacts without sharing lifetimes
  ---
  duration_ms: 0.546152
  type: 'test'
  ...
# Subtest: scroll threshold subtracts its dead zone and captures separately from element capture
ok 205 - scroll threshold subtracts its dead zone and captures separately from element capture
  ---
  duration_ms: 1.70716
  type: 'test'
  ...
# Subtest: Mouse contacts are never converted into touch scrolling
ok 206 - Mouse contacts are never converted into touch scrolling
  ---
  duration_ms: 0.480784
  type: 'test'
  ...
# Subtest: Pen contacts use the same threshold and release contracts as touch
ok 207 - Pen contacts use the same threshold and release contracts as touch
  ---
  duration_ms: 0.533643
  type: 'test'
  ...
# Subtest: unhandled scroll does not steal element capture
ok 208 - unhandled scroll does not steal element capture
  ---
  duration_ms: 1.056591
  type: 'test'
  ...
# Subtest: ScrollViewer cancels a pressed button before dragging can invoke Click
ok 209 - ScrollViewer cancels a pressed button before dragging can invoke Click
  ---
  duration_ms: 14.039163
  type: 'test'
  ...
# Subtest: a normal touch tap still invokes Button.Click once
ok 210 - a normal touch tap still invokes Button.Click once
  ---
  duration_ms: 1.748111
  type: 'test'
  ...
# Subtest: nested boundary-aware scroll recognizers yield to an ancestor that can consume movement
ok 211 - nested boundary-aware scroll recognizers yield to an ancestor that can consume movement
  ---
  duration_ms: 1.066685
  type: 'test'
  ...
# Subtest: pinch reports finite scale, midpoint, angle and exactly one end event
ok 212 - pinch reports finite scale, midpoint, angle and exactly one end event
  ---
  duration_ms: 0.873885
  type: 'test'
  ...
# Subtest: coincident pinch contacts and an extra third contact do not produce NaN or extra captures
ok 213 - coincident pinch contacts and an extra third contact do not produce NaN or extra captures
  ---
  duration_ms: 0.359331
  type: 'test'
  ...
# Subtest: cancel and collection removal release both pinch capture and pending contacts
ok 214 - cancel and collection removal release both pinch capture and pending contacts
  ---
  duration_ms: 0.302095
  type: 'test'
  ...
# Subtest: a second contact upgrades a running scroll to a pinch without leaving scroll state active
ok 215 - a second contact upgrades a running scroll to a pinch without leaving scroll state active
  ---
  duration_ms: 0.422216
  type: 'test'
  ...
# Subtest: PreventGestureRecognition in a tunnel handler suppresses recognizers without suppressing ordinary input
ok 216 - PreventGestureRecognition in a tunnel handler suppresses recognizers without suppressing ordinary input
  ---
  duration_ms: 0.288955
  type: 'test'
  ...
# Subtest: velocity estimator is bounded, rejects reversed time, tolerates duplicate timestamps and stale release
ok 217 - velocity estimator is bounded, rejects reversed time, tolerates duplicate timestamps and stale release
  ---
  duration_ms: 5.072585
  type: 'test'
  ...
# Subtest: inertial displacement is frame-rate independent using analytic integration
ok 218 - inertial displacement is frame-rate independent using analytic integration
  ---
  duration_ms: 1.714901
  type: 'test'
  ...
# Subtest: new press, disabled target, explicit cancellation and disposal stop inertia callbacks
ok 219 - new press, disabled target, explicit cancellation and disposal stop inertia callbacks
  ---
  duration_ms: 0.765532
  type: 'test'
  ...
# Subtest: capture-lost reentrancy preserves the latest capturer
ok 220 - capture-lost reentrancy preserves the latest capturer
  ---
  duration_ms: 0.297118
  type: 'test'
  ...
# Subtest: XAML builds recognizer collections and validates scalar options
ok 221 - XAML builds recognizer collections and validates scalar options
  ---
  duration_ms: 4.334064
  type: 'test'
  ...
# Subtest: cancellation cannot be defeated by a capture-lost handler recapturing
ok 222 - cancellation cannot be defeated by a capture-lost handler recapturing
  ---
  duration_ms: 0.217247
  type: 'test'
  ...
# Subtest: detaching a visual subtree cancels active scroll and releases every contact
ok 223 - detaching a visual subtree cancels active scroll and releases every contact
  ---
  duration_ms: 0.912754
  type: 'test'
  ...
# Subtest: a disposed recognizer stops scheduled inertia, unsubscribes and can never be re-added
ok 224 - a disposed recognizer stops scheduled inertia, unsubscribes and can never be re-added
  ---
  duration_ms: 0.336757
  type: 'test'
  ...
# Subtest: scroll gesture end requests cancel before a subsequent movement is emitted
ok 225 - scroll gesture end requests cancel before a subsequent movement is emitted
  ---
  duration_ms: 0.259511
  type: 'test'
  ...
# Subtest: binary worker transport publishes explicit glyph indices and independent fill/stroke roles
ok 226 - binary worker transport publishes explicit glyph indices and independent fill/stroke roles
  ---
  duration_ms: 60.011626
  type: 'test'
  ...
# Subtest: glyph/path mutations generate immutable resource deltas and preserve font/native reuse
ok 227 - glyph/path mutations generate immutable resource deltas and preserve font/native reuse
  ---
  duration_ms: 33.728973
  type: 'test'
  ...
# Subtest: warm scene capture shares native glyph blob, font descriptor and structured geometry across repaints
ok 228 - warm scene capture shares native glyph blob, font descriptor and structured geometry across repaints
  ---
  duration_ms: 237.941869
  type: 'test'
  ...
# Subtest: a second run with the same cloned face reuses exactly one immutable font resource
ok 229 - a second run with the same cloned face reuses exactly one immutable font resource
  ---
  duration_ms: 11.796387
  type: 'test'
  ...
# Subtest: malformed unknown-glyph rejects before replacing committed render state
ok 230 - malformed unknown-glyph rejects before replacing committed render state
  ---
  duration_ms: 26.521673
  type: 'test'
  ...
# Subtest: malformed invalid-baseline rejects before replacing committed render state
ok 231 - malformed invalid-baseline rejects before replacing committed render state
  ---
  duration_ms: 25.801499
  type: 'test'
  ...
# Subtest: malformed wrong-font-kind rejects before replacing committed render state
ok 232 - malformed wrong-font-kind rejects before replacing committed render state
  ---
  duration_ms: 22.966321
  type: 'test'
  ...
# Subtest: malformed malformed-path rejects before replacing committed render state
ok 233 - malformed malformed-path rejects before replacing committed render state
  ---
  duration_ms: 17.743774
  type: 'test'
  ...
# Subtest: a forged cyclic geometry description fails bounded validation without poisoning native caches
ok 234 - a forged cyclic geometry description fails bounded validation without poisoning native caches
  ---
  duration_ms: 22.826491
  type: 'test'
  ...
# Subtest: removed glyph sources release their server font and run references
ok 235 - removed glyph sources release their server font and run references
  ---
  duration_ms: 21.342608
  type: 'test'
  ...
# Subtest: full worker scene replay reconstructs paths and native glyphs without any UI native handles
ok 236 - full worker scene replay reconstructs paths and native glyphs without any UI native handles
  ---
  duration_ms: 36.965707
  type: 'test'
  ...
# Subtest: positioned glyph transport renders in an actually independent WASM heap
ok 237 - positioned glyph transport renders in an actually independent WASM heap
  ---
  duration_ms: 102.645289
  type: 'test'
  ...
# Subtest: glyph typeface exposes native font metrics and independently owned data/table copies
ok 238 - glyph typeface exposes native font metrics and independently owned data/table copies
  ---
  duration_ms: 11.870269
  type: 'test'
  ...
# Subtest: glyph typeface design advances and metrics agree with native unhinted font
ok 239 - glyph typeface design advances and metrics agree with native unhinted font
  ---
  duration_ms: 14.980781
  type: 'test'
  ...
# Subtest: glyph typeface and immutable run survive disposal of caller-owned original handles
ok 240 - glyph typeface and immutable run survive disposal of caller-owned original handles
  ---
  duration_ms: 21.268778
  type: 'test'
  ...
# Subtest: glyph input records and offsets are immutable snapshots, not caller-owned buffers
ok 241 - glyph input records and offsets are immutable snapshots, not caller-owned buffers
  ---
  duration_ms: 9.75916
  type: 'test'
  ...
# Subtest: glyph run size mutation invalidates immutable descriptors/native state once
ok 242 - glyph run size mutation invalidates immutable descriptors/native state once
  ---
  duration_ms: 12.96662
  type: 'test'
  ...
# Subtest: glyph run baseline mutation invalidates immutable descriptors/native state once
ok 243 - glyph run baseline mutation invalidates immutable descriptors/native state once
  ---
  duration_ms: 7.932501
  type: 'test'
  ...
# Subtest: glyph run characters mutation invalidates immutable descriptors/native state once
ok 244 - glyph run characters mutation invalidates immutable descriptors/native state once
  ---
  duration_ms: 8.403429
  type: 'test'
  ...
# Subtest: glyph run glyphs mutation invalidates immutable descriptors/native state once
ok 245 - glyph run glyphs mutation invalidates immutable descriptors/native state once
  ---
  duration_ms: 8.230449
  type: 'test'
  ...
# Subtest: glyph run bidi mutation invalidates immutable descriptors/native state once
ok 246 - glyph run bidi mutation invalidates immutable descriptors/native state once
  ---
  duration_ms: 10.181967
  type: 'test'
  ...
# Subtest: unchanged native glyph redraws and equivalent baseline assignments retain the same blob
ok 247 - unchanged native glyph redraws and equivalent baseline assignments retain the same blob
  ---
  duration_ms: 8.096628
  type: 'test'
  ...
# Subtest: invalid glyph fields and malformed replacement leave original run intact
ok 248 - invalid glyph fields and malformed replacement leave original run intact
  ---
  duration_ms: 6.305381
  type: 'test'
  ...
# Subtest: glyph-less text has finite baseline metrics and native empty ink
ok 249 - glyph-less text has finite baseline metrics and native empty ink
  ---
  duration_ms: 6.418642
  type: 'test'
  ...
# Subtest: glyph run excludes trailing whitespace without dropping Unicode UTF-16 cluster lengths
ok 250 - glyph run excludes trailing whitespace without dropping Unicode UTF-16 cluster lengths
  ---
  duration_ms: 5.933402
  type: 'test'
  ...
# Subtest: glyph caret cluster navigation in LTR visual order
ok 251 - glyph caret cluster navigation in LTR visual order
  ---
  duration_ms: 8.156929
  type: 'test'
  ...
# Subtest: glyph caret cluster navigation in RTL visual order
ok 252 - glyph caret cluster navigation in RTL visual order
  ---
  duration_ms: 8.474076
  type: 'test'
  ...
# Subtest: glyph navigation handles nonzero source clusters and negative-advance fallback
ok 253 - glyph navigation handles nonzero source clusters and negative-advance fallback
  ---
  duration_ms: 9.367161
  type: 'test'
  ...
# Subtest: native positioned glyph IDs and offsets preserve all RGBA at 1x
ok 254 - native positioned glyph IDs and offsets preserve all RGBA at 1x
  ---
  duration_ms: 25.771664
  type: 'test'
  ...
# Subtest: native positioned glyph IDs and offsets preserve all RGBA at 1.25x
ok 255 - native positioned glyph IDs and offsets preserve all RGBA at 1.25x
  ---
  duration_ms: 19.347143
  type: 'test'
  ...
# Subtest: native positioned glyph IDs and offsets preserve all RGBA at 1.5x
ok 256 - native positioned glyph IDs and offsets preserve all RGBA at 1.5x
  ---
  duration_ms: 18.773791
  type: 'test'
  ...
# Subtest: native positioned glyph IDs and offsets preserve all RGBA at 2x
ok 257 - native positioned glyph IDs and offsets preserve all RGBA at 2x
  ---
  duration_ms: 26.899392
  type: 'test'
  ...
# Subtest: native positioned glyph IDs and offsets preserve all RGBA at 3x
ok 258 - native positioned glyph IDs and offsets preserve all RGBA at 3x
  ---
  duration_ms: 32.608036
  type: 'test'
  ...
# Subtest: glyph run BuildGeometry includes explicit offsets and baseline; overlapping outlines remain filled
ok 259 - glyph run BuildGeometry includes explicit offsets and baseline; overlapping outlines remain filled
  ---
  duration_ms: 16.928523
  type: 'test'
  ...
# Subtest: GlyphRunDrawing tracks mutable runs while DrawingGroup.Open owns an immutable snapshot
ok 260 - GlyphRunDrawing tracks mutable runs while DrawingGroup.Open owns an immutable snapshot
  ---
  duration_ms: 16.50163
  type: 'test'
  ...
# Subtest: runtime XAML GlyphRunDrawing uses actual extension resource and native rendering
ok 261 - runtime XAML GlyphRunDrawing uses actual extension resource and native rendering
  ---
  duration_ms: 17.296477
  type: 'test'
  ...
# Subtest: AOT XAML GlyphRunDrawing uses actual extension resource and native rendering
ok 262 - AOT XAML GlyphRunDrawing uses actual extension resource and native rendering
  ---
  duration_ms: 17.152257
  type: 'test'
  ...
# Subtest: glyph backend registration unwinds out of order and never loads a fallback font silently
ok 263 - glyph backend registration unwinds out of order and never loads a fallback font silently
  ---
  duration_ms: 15.323208
  type: 'test'
  ...
# Subtest: native glyph validation rejects unknown IDs and invalid or oversized font bytes
ok 264 - native glyph validation rejects unknown IDs and invalid or oversized font bytes
  ---
  duration_ms: 10.018792
  type: 'test'
  ...
# Subtest: implicit collection has dictionary and UWP contracts, immutable snapshot and duplicate rejection
ok 265 - implicit collection has dictionary and UWP contracts, immutable snapshot and duplicate rejection
  ---
  duration_ms: 3.489643
  type: 'test'
  ...
# Subtest: implicit ownership accepts shared collections but rejects cross-compositor and disposed resources
ok 266 - implicit ownership accepts shared collections but rejects cross-compositor and disposed resources
  ---
  duration_ms: 0.638751
  type: 'test'
  ...
# Subtest: implicit FinalValue changes base immediately while holding presentation until commit/tick
ok 267 - implicit FinalValue changes base immediately while holding presentation until commit/tick
  ---
  duration_ms: 1.956285
  type: 'test'
  ...
# Subtest: equal values and defensive struct snapshots do not retrigger or change the desired state
ok 268 - equal values and defensive struct snapshots do not retrigger or change the desired state
  ---
  duration_ms: 0.590709
  type: 'test'
  ...
# Subtest: implicit retarget samples the interrupted presentation at setter time without waiting for a frame
ok 269 - implicit retarget samples the interrupted presentation at setter time without waiting for a frame
  ---
  duration_ms: 0.529657
  type: 'test'
  ...
# Subtest: same-clock triggers have distinct identities and captured FinalValue snapshots
ok 270 - same-clock triggers have distinct identities and captured FinalValue snapshots
  ---
  duration_ms: 0.476677
  type: 'test'
  ...
# Subtest: implicit grouped triggers share a clock and pass FinalValue only to the exactly matching target
ok 271 - implicit grouped triggers share a clock and pass FinalValue only to the exactly matching target
  ---
  duration_ms: 0.7436
  type: 'test'
  ...
# Subtest: invalid grouped triggers leave both desired value and running instances untouched
ok 272 - invalid grouped triggers leave both desired value and running instances untouched
  ---
  duration_ms: 0.69083
  type: 'test'
  ...
# Subtest: failed clone releases earlier prepared instances without disposing caller animations
ok 273 - failed clone releases earlier prepared instances without disposing caller animations
  ---
  duration_ms: 0.621045
  type: 'test'
  ...
# Subtest: replacing/removing an implicit collection changes future triggers, not borrowed running snapshots
ok 274 - replacing/removing an implicit collection changes future triggers, not borrowed running snapshots
  ---
  duration_ms: 0.671651
  type: 'test'
  ...
# Subtest: StopAnimation releases its clone and reveals the new implicit base value
ok 275 - StopAnimation releases its clone and reveals the new implicit base value
  ---
  duration_ms: 0.296817
  type: 'test'
  ...
# Subtest: expression StartingValue, CurrentValue and FinalValue are independent inputs
ok 276 - expression StartingValue, CurrentValue and FinalValue are independent inputs
  ---
  duration_ms: 0.3653
  type: 'test'
  ...
# Subtest: implicit SetInitialValueBeforeDelay preserves delay and FinalValue
ok 277 - implicit SetInitialValueBeforeDelay preserves delay and FinalValue
  ---
  duration_ms: 0.296076
  type: 'test'
  ...
# Subtest: implicit SetInitialValueAfterDelay preserves delay and FinalValue
ok 278 - implicit SetInitialValueAfterDelay preserves delay and FinalValue
  ---
  duration_ms: 0.171138
  type: 'test'
  ...
# Subtest: implicit rejects invalid Duration=Infinity atomically
ok 279 - implicit rejects invalid Duration=Infinity atomically
  ---
  duration_ms: 0.239331
  type: 'test'
  ...
# Subtest: implicit rejects invalid DelayTime=NaN atomically
ok 280 - implicit rejects invalid DelayTime=NaN atomically
  ---
  duration_ms: 0.169215
  type: 'test'
  ...
# Subtest: implicit rejects invalid DelayTime=Infinity atomically
ok 281 - implicit rejects invalid DelayTime=Infinity atomically
  ---
  duration_ms: 0.128584
  type: 'test'
  ...
# Subtest: implicit rejects invalid IterationCount=1.5 atomically
ok 282 - implicit rejects invalid IterationCount=1.5 atomically
  ---
  duration_ms: 0.124027
  type: 'test'
  ...
# Subtest: implicit rejects invalid IterationBehavior=invalid atomically
ok 283 - implicit rejects invalid IterationBehavior=invalid atomically
  ---
  duration_ms: 0.11941
  type: 'test'
  ...
# Subtest: implicit rejects invalid Direction=invalid atomically
ok 284 - implicit rejects invalid Direction=invalid atomically
  ---
  duration_ms: 0.103976
  type: 'test'
  ...
# Subtest: implicit rejects invalid DelayBehavior=invalid atomically
ok 285 - implicit rejects invalid DelayBehavior=invalid atomically
  ---
  duration_ms: 0.103375
  type: 'test'
  ...
# Subtest: implicit rejects invalid StopBehavior=invalid atomically
ok 286 - implicit rejects invalid StopBehavior=invalid atomically
  ---
  duration_ms: 0.127231
  type: 'test'
  ...
# Subtest: implicit keyframe type must match its actual property/component
ok 287 - implicit keyframe type must match its actual property/component
  ---
  duration_ms: 0.234193
  type: 'test'
  ...
# Subtest: whole-vector replacement removes conflicting component animations but not sibling properties
ok 288 - whole-vector replacement removes conflicting component animations but not sibling properties
  ---
  duration_ms: 0.354053
  type: 'test'
  ...
# Subtest: implicit runtime XAML layout Offset is absolute, compensated in rendering and hit testing
ok 289 - implicit runtime XAML layout Offset is absolute, compensated in rendering and hit testing
  ---
  duration_ms: 12.414037
  type: 'test'
  ...
# Subtest: implicit AOT XAML layout Offset is absolute, compensated in rendering and hit testing
ok 290 - implicit AOT XAML layout Offset is absolute, compensated in rendering and hit testing
  ---
  duration_ms: 19.111606
  type: 'test'
  ...
# Subtest: stopping one locally completed component preserves a different completed component
ok 291 - stopping one locally completed component preserves a different completed component
  ---
  duration_ms: 0.451009
  type: 'test'
  ...
# Subtest: animation easing and keyframe values are copied for each implicit instance
ok 292 - animation easing and keyframe values are copied for each implicit instance
  ---
  duration_ms: 0.468275
  type: 'test'
  ...
# Subtest: SplineEasing has exact endpoints so an implicit final value does not retain bisection error
ok 293 - SplineEasing has exact endpoints so an implicit final value does not retain bisection error
  ---
  duration_ms: 0.098839
  type: 'test'
  ...
# Subtest: binary implicit trigger carries immutable FinalValue and excludes the client-only collection
ok 294 - binary implicit trigger carries immutable FinalValue and excludes the client-only collection
  ---
  duration_ms: 24.137655
  type: 'test'
  ...
# Subtest: unrelated commits preserve active server presentation and do not replay completed instances
ok 295 - unrelated commits preserve active server presentation and do not replay completed instances
  ---
  duration_ms: 4.906136
  type: 'test'
  ...
# Subtest: retarget derives starting value from render-worker presentation, not a stale client acknowledgement
ok 296 - retarget derives starting value from render-worker presentation, not a stale client acknowledgement
  ---
  duration_ms: 3.450674
  type: 'test'
  ...
# Subtest: same-clock replacements do not collide in binary server identity
ok 297 - same-clock replacements do not collide in binary server identity
  ---
  duration_ms: 2.782939
  type: 'test'
  ...
# Subtest: a new trigger after completion starts from the retained server endpoint without replay
ok 298 - a new trigger after completion starts from the retained server endpoint without replay
  ---
  duration_ms: 2.423408
  type: 'test'
  ...
# Subtest: clearing implicit definitions and assigning a value releases server metadata and final presentation
ok 299 - clearing implicit definitions and assigning a value releases server metadata and final presentation
  ---
  duration_ms: 2.051928
  type: 'test'
  ...
# Subtest: binary SetInitialValueBeforeDelay retains delay semantics
ok 300 - binary SetInitialValueBeforeDelay retains delay semantics
  ---
  duration_ms: 1.686749
  type: 'test'
  ...
# Subtest: binary SetInitialValueAfterDelay retains delay semantics
ok 301 - binary SetInitialValueAfterDelay retains delay semantics
  ---
  duration_ms: 1.540669
  type: 'test'
  ...
# Subtest: reused instance identity with a changed descriptor is rejected without changing live server state
ok 302 - reused instance identity with a changed descriptor is rejected without changing live server state
  ---
  duration_ms: 3.502072
  type: 'test'
  ...
# Subtest: invalid second animation rolls back new clones and preserves the entire server scene
ok 303 - invalid second animation rolls back new clones and preserves the entire server scene
  ---
  duration_ms: 4.483529
  type: 'test'
  ...
# Subtest: component completion, unrelated commits and component stop preserve another completed component
ok 304 - component completion, unrelated commits and component stop preserve another completed component
  ---
  duration_ms: 2.456068
  type: 'test'
  ...
# Subtest: thousands of repeated implicit triggers keep instance ownership bounded and release clocks
ok 305 - thousands of repeated implicit triggers keep instance ownership bounded and release clocks
  ---
  duration_ms: 325.689296
  type: 'test'
  ...
# Subtest: native binary runtime XAML layout animation avoids doubled translation and stale retained pixels
ok 306 - native binary runtime XAML layout animation avoids doubled translation and stale retained pixels
  ---
  duration_ms: 21.102797
  type: 'test'
  ...
# Subtest: native binary AOT XAML layout animation avoids doubled translation and stale retained pixels
ok 307 - native binary AOT XAML layout animation avoids doubled translation and stale retained pixels
  ---
  duration_ms: 13.554143
  type: 'test'
  ...
# Subtest: binary implicit property-set expression preserves Vector4 declared type and FinalValue
ok 308 - binary implicit property-set expression preserves Vector4 declared type and FinalValue
  ---
  duration_ms: 2.000632
  type: 'test'
  ...
# Subtest: binary implicit property-set expression preserves Quaternion declared type and FinalValue
ok 309 - binary implicit property-set expression preserves Quaternion declared type and FinalValue
  ---
  duration_ms: 1.305055
  type: 'test'
  ...
# Subtest: binary implicit property-set expression preserves Matrix4x4 declared type and FinalValue
ok 310 - binary implicit property-set expression preserves Matrix4x4 declared type and FinalValue
  ---
  duration_ms: 1.396272
  type: 'test'
  ...
# Subtest: acknowledged render-worker starting values survive a full renderer recovery snapshot
ok 311 - acknowledged render-worker starting values survive a full renderer recovery snapshot
  ---
  duration_ms: 14.369771
  type: 'test'
  ...
# Subtest: native invalidation: a visual cache never consumes invalidation raised while rendering its snapshot
ok 312 - native invalidation: a visual cache never consumes invalidation raised while rendering its snapshot
  ---
  duration_ms: 10.528389
  type: 'test'
  ...
# Subtest: native invalidation: cached worker visual retains the final composition animation frame
ok 313 - native invalidation: cached worker visual retains the final composition animation frame
  ---
  duration_ms: 12.094075
  type: 'test'
  ...
# Subtest: invalidation: all realized cells and headers follow pixel column resize without hover
ok 314 - invalidation: all realized cells and headers follow pixel column resize without hover
  ---
  duration_ms: 75.683928
  type: 'test'
  ...
# Subtest: invalidation: one control invalidating itself during recording is redrawn on the next capture
ok 315 - invalidation: one control invalidating itself during recording is redrawn on the next capture
  ---
  duration_ms: 2.614546
  type: 'test'
  ...
# Subtest: invalidation: later sibling invalidating an already recorded sibling survives clean-parent reuse
ok 316 - invalidation: later sibling invalidating an already recorded sibling survives clean-parent reuse
  ---
  duration_ms: 1.884226
  type: 'test'
  ...
# Subtest: invalidation: RenderAfter requests do not mark newer content revisions as already recorded
ok 317 - invalidation: RenderAfter requests do not mark newer content revisions as already recorded
  ---
  duration_ms: 1.064222
  type: 'test'
  ...
# Subtest: invalidation: indeterminate progress records changing content without input and stops when disabled
ok 318 - invalidation: indeterminate progress records changing content without input and stops when disabled
  ---
  duration_ms: 34.645983
  type: 'test'
  ...
# Subtest: invalidation: transition from transparent content reaches the worker scene without mouse input
ok 319 - invalidation: transition from transparent content reaches the worker scene without mouse input
  ---
  duration_ms: 8.781013
  type: 'test'
  ...
# Subtest: invalidation: property keyframes generate worker deltas through their final frame
ok 320 - invalidation: property keyframes generate worker deltas through their final frame
  ---
  duration_ms: 2.368245
  type: 'test'
  ...
# Subtest: invalidation: progress resumes after a hidden ancestor is shown without hover
ok 321 - invalidation: progress resumes after a hidden ancestor is shown without hover
  ---
  duration_ms: 3.158244
  type: 'test'
  ...
# Subtest: invalidation: transparent ancestor stops frame requests and showing it resumes progress
ok 322 - invalidation: transparent ancestor stops frame requests and showing it resumes progress
  ---
  duration_ms: 7.701263
  type: 'test'
  ...
# Subtest: invalidation: detached/disposed animation requests do not keep the old root active
ok 323 - invalidation: detached/disposed animation requests do not keep the old root active
  ---
  duration_ms: 1.329953
  type: 'test'
  ...
# Subtest: invalidation: next-frame requests coalesce by owner and preserve unrelated retained drawing
ok 324 - invalidation: next-frame requests coalesce by owner and preserve unrelated retained drawing
  ---
  duration_ms: 1.661171
  type: 'test'
  ...
# Subtest: invalidation: column resize preserves existing binding subscriptions and recycled content presenters
ok 325 - invalidation: column resize preserves existing binding subscriptions and recycled content presenters
  ---
  duration_ms: 32.877631
  type: 'test'
  ...
# Subtest: invalidation: column constraints and star redistribution update cell arrangement in the same pass
ok 326 - invalidation: column constraints and star redistribution update cell arrangement in the same pass
  ---
  duration_ms: 19.75029
  type: 'test'
  ...
# Subtest: invalidation: column hiding and showing update both control layout and retained scene membership
ok 327 - invalidation: column hiding and showing update both control layout and retained scene membership
  ---
  duration_ms: 41.612229
  type: 'test'
  ...
# Subtest: invalidation: backpressure does not consume a render-time invalidation before the next transaction
ok 328 - invalidation: backpressure does not consume a render-time invalidation before the next transaction
  ---
  duration_ms: 1.995764
  type: 'test'
  ...
# Subtest: invalidation: replacing content during an active transition reaches the latest content and final opacity
ok 329 - invalidation: replacing content during an active transition reaches the latest content and final opacity
  ---
  duration_ms: 3.722894
  type: 'test'
  ...
# Subtest: invalidation: animation clock falls back when a worker RAF exists but has no owner window
ok 330 - invalidation: animation clock falls back when a worker RAF exists but has no owner window
  ---
  duration_ms: 46.911933
  type: 'test'
  ...
# Subtest: actual native Skia surface draws pixels and encodes PNG
ok 331 - actual native Skia surface draws pixels and encodes PNG
  ---
  duration_ms: 16.06434
  type: 'test'
  ...
# Subtest: native SVG path geometry has accurate bounds and fill hit testing
ok 332 - native SVG path geometry has accurate bounds and fill hit testing
  ---
  duration_ms: 3.335751
  type: 'test'
  ...
# Subtest: native path boolean intersection produces actual geometry
ok 333 - native path boolean intersection produces actual geometry
  ---
  duration_ms: 1.537404
  type: 'test'
  ...
# Subtest: multiple registered faces in one family retain independent native ownership
ok 334 - multiple registered faces in one family retain independent native ownership
  ---
  duration_ms: 81.52645
  type: 'test'
  ...
# Subtest: retained native paragraph keys are serialized once across repeated shaping queries
ok 335 - retained native paragraph keys are serialized once across repeated shaping queries
  ---
  duration_ms: 48.143656
  type: 'test'
  ...
# Subtest: font handles remain safe when disposed after their owning platform
ok 336 - font handles remain safe when disposed after their owning platform
  ---
  duration_ms: 19.215766
  type: 'test'
  ...
# Subtest: solid native paints are reused without changing the rendered color after eviction
ok 337 - solid native paints are reused without changing the rendered color after eviction
  ---
  duration_ms: 6.685864
  type: 'test'
  ...
# Subtest: GL DOM owner records RGBA without a Skia API and flips rows once
ok 338 - GL DOM owner records RGBA without a Skia API and flips rows once
  ---
  duration_ms: 10.70907
  type: 'test'
  ...
# Subtest: GL worker owner records RGBA without a Skia API and flips rows once
ok 339 - GL worker owner records RGBA without a Skia API and flips rows once
  ---
  duration_ms: 1.198955
  type: 'test'
  ...
# Subtest: GL warm captures reuse the bitmap descriptor and never read pixels again
ok 340 - GL warm captures reuse the bitmap descriptor and never read pixels again
  ---
  duration_ms: 0.866825
  type: 'test'
  ...
# Subtest: GL requested frame replaces immutable descriptor bytes without mutating an in-flight snapshot
ok 341 - GL requested frame replaces immutable descriptor bytes without mutating an in-flight snapshot
  ---
  duration_ms: 1.024883
  type: 'test'
  ...
# Subtest: GL resize releases old bitmap and publishes fresh dimensions
ok 342 - GL resize releases old bitmap and publishes fresh dimensions
  ---
  duration_ms: 0.860285
  type: 'test'
  ...
# Subtest: GL buffer limits fail before native context creation or allocation
ok 343 - GL buffer limits fail before native context creation or allocation
  ---
  duration_ms: 0.648296
  type: 'test'
  ...
# Subtest: GL context loss drops cached pixels and restoration reinitializes once
ok 344 - GL context loss drops cached pixels and restoration reinitializes once
  ---
  duration_ms: 0.892493
  type: 'test'
  ...
# Subtest: GL teardown always releases native context and bitmap even when deinit throws
ok 345 - GL teardown always releases native context and bitmap even when deinit throws
  ---
  duration_ms: 1.027467
  type: 'test'
  ...
# Subtest: GL direct native upload refreshes pixels after a requested frame
ok 346 - GL direct native upload refreshes pixels after a requested frame
  ---
  duration_ms: 87.76426
  type: 'test'
  ...
# Subtest: PathGeometry is a StreamGeometry with upstream figure and segment defaults
ok 347 - PathGeometry is a StreamGeometry with upstream figure and segment defaults
  ---
  duration_ms: 2.602427
  type: 'test'
  ...
# Subtest: unfilled figures contribute stroke but never fill, including geometry hit testing
ok 348 - unfilled figures contribute stroke but never fill, including geometry hit testing
  ---
  duration_ms: 13.542475
  type: 'test'
  ...
# Subtest: non-stroked segments still fill and closed broken contours return to original start
ok 349 - non-stroked segments still fill and closed broken contours return to original start
  ---
  duration_ms: 2.736309
  type: 'test'
  ...
# Subtest: StreamGeometry writer retains independent fill/stroke flags and rejects a concurrent writer
ok 350 - StreamGeometry writer retains independent fill/stroke flags and rejects a concurrent writer
  ---
  duration_ms: 0.790109
  type: 'test'
  ...
# Subtest: StreamGeometry writer abort preserves old path, rule and cache descriptor
ok 351 - StreamGeometry writer abort preserves old path, rule and cache descriptor
  ---
  duration_ms: 0.748667
  type: 'test'
  ...
# Subtest: stream writer publishes path and fill rule as one observable geometry revision
ok 352 - stream writer publishes path and fill rule as one observable geometry revision
  ---
  duration_ms: 0.355866
  type: 'test'
  ...
# Subtest: path geometry writer builds real figures and segment objects with transactional abort
ok 353 - path geometry writer builds real figures and segment objects with transactional abort
  ---
  duration_ms: 1.278675
  type: 'test'
  ...
# Subtest: path markup normalizes complete command stream: m10 20 5 5 h10 v-5 z
ok 354 - path markup normalizes complete command stream: m10 20 5 5 h10 v-5 z
  ---
  duration_ms: 0.700043
  type: 'test'
  ...
# Subtest: path markup normalizes complete command stream: M0 0C1 2 3 4 5 6s2 3 4 5
ok 355 - path markup normalizes complete command stream: M0 0C1 2 3 4 5 6s2 3 4 5
  ---
  duration_ms: 0.523608
  type: 'test'
  ...
# Subtest: path markup normalizes complete command stream: M0 0Q10 20 30 0t30 0
ok 356 - path markup normalizes complete command stream: M0 0Q10 20 30 0t30 0
  ---
  duration_ms: 0.522827
  type: 'test'
  ...
# Subtest: path markup normalizes complete command stream: M.1 -.2 L1e1 +2.5e+1
ok 357 - path markup normalizes complete command stream: M.1 -.2 L1e1 +2.5e+1
  ---
  duration_ms: 0.320903
  type: 'test'
  ...
# Subtest: path markup normalizes complete command stream: F1 M10 20 A30 40 45 0110 60
ok 358 - path markup normalizes complete command stream: F1 M10 20 A30 40 45 0110 60
  ---
  duration_ms: 0.611871
  type: 'test'
  ...
# Subtest: path markup normalizes complete command stream: M1 2L3 4Z m10 10l2 2
ok 359 - path markup normalizes complete command stream: M1 2L3 4Z m10 10l2 2
  ---
  duration_ms: 0.430799
  type: 'test'
  ...
# Subtest: path parser rejects malformed or ambiguous input: L10 20
ok 360 - path parser rejects malformed or ambiguous input: L10 20
  ---
  duration_ms: 0.247843
  type: 'test'
  ...
# Subtest: path parser rejects malformed or ambiguous input: M0
ok 361 - path parser rejects malformed or ambiguous input: M0
  ---
  duration_ms: 0.111537
  type: 'test'
  ...
# Subtest: path parser rejects malformed or ambiguous input: M0 0L
ok 362 - path parser rejects malformed or ambiguous input: M0 0L
  ---
  duration_ms: 0.157106
  type: 'test'
  ...
# Subtest: path parser rejects malformed or ambiguous input: M0 0 X1 2
ok 363 - path parser rejects malformed or ambiguous input: M0 0 X1 2
  ---
  duration_ms: 0.135544
  type: 'test'
  ...
# Subtest: path parser rejects malformed or ambiguous input: M0 0L1e999 2
ok 364 - path parser rejects malformed or ambiguous input: M0 0L1e999 2
  ---
  duration_ms: 0.194834
  type: 'test'
  ...
# Subtest: path parser rejects malformed or ambiguous input: M0 0,
ok 365 - path parser rejects malformed or ambiguous input: M0 0,
  ---
  duration_ms: 0.257909
  type: 'test'
  ...
# Subtest: path parser rejects malformed or ambiguous input: M0 0,,1 2
ok 366 - path parser rejects malformed or ambiguous input: M0 0,,1 2
  ---
  duration_ms: 0.143607
  type: 'test'
  ...
# Subtest: path parser rejects malformed or ambiguous input: M0 0A1 2 3 2 0 5 6
ok 367 - path parser rejects malformed or ambiguous input: M0 0A1 2 3 2 0 5 6
  ---
  duration_ms: 0.124007
  type: 'test'
  ...
# Subtest: path parser rejects malformed or ambiguous input: M0 0A-1 2 3 0 0 5 6
ok 368 - path parser rejects malformed or ambiguous input: M0 0A-1 2 3 0 0 5 6
  ---
  duration_ms: 0.128924
  type: 'test'
  ...
# Subtest: path parser rejects malformed or ambiguous input: Z
ok 369 - path parser rejects malformed or ambiguous input: Z
  ---
  duration_ms: 0.087282
  type: 'test'
  ...
# Subtest: path parser rejects malformed or ambiguous input: M0 0Z Z
ok 370 - path parser rejects malformed or ambiguous input: M0 0Z Z
  ---
  duration_ms: 0.117417
  type: 'test'
  ...
# Subtest: nested geometry changes propagate once and unchanged signatures do not recompile paths
ok 371 - nested geometry changes propagate once and unchanged signatures do not recompile paths
  ---
  duration_ms: 5.744797
  type: 'test'
  ...
# Subtest: path collections enforce typed mutations and reject geometry DAG cycles before mutation
ok 372 - path collections enforce typed mutations and reject geometry DAG cycles before mutation
  ---
  duration_ms: 0.721796
  type: 'test'
  ...
# Subtest: group and child affine transforms participate in native fill/hit/bounds rather than concatenated SVG text
ok 373 - group and child affine transforms participate in native fill/hit/bounds rather than concatenated SVG text
  ---
  duration_ms: 2.874958
  type: 'test'
  ...
# Subtest: geometry Boolean operations retain nested transforms and do not borrow an evicted native input
ok 374 - geometry Boolean operations retain nested transforms and do not borrow an evicted native input
  ---
  duration_ms: 2.209366
  type: 'test'
  ...
# Subtest: geometry backend leases restore prior native provider after a temporary platform is disposed
ok 375 - geometry backend leases restore prior native provider after a temporary platform is disposed
  ---
  duration_ms: 0.28567
  type: 'test'
  ...
# Subtest: native stroked geometry bounds, cap, dash hit testing and widening use actual path outline
ok 376 - native stroked geometry bounds, cap, dash hit testing and widening use actual path outline
  ---
  duration_ms: 10.238963
  type: 'test'
  ...
# Subtest: contour position/tangent and extraction operate on actual native curve
ok 377 - contour position/tangent and extraction operate on actual native curve
  ---
  duration_ms: 1.37531
  type: 'test'
  ...
# Subtest: PolyLineSegment collections notify, clone deeply, and record valid native commands
ok 378 - PolyLineSegment collections notify, clone deeply, and record valid native commands
  ---
  duration_ms: 0.889479
  type: 'test'
  ...
# Subtest: PolyBezierSegment collections notify, clone deeply, and record valid native commands
ok 379 - PolyBezierSegment collections notify, clone deeply, and record valid native commands
  ---
  duration_ms: 0.468145
  type: 'test'
  ...
# Subtest: PolyQuadraticBezierSegment collections notify, clone deeply, and record valid native commands
ok 380 - PolyQuadraticBezierSegment collections notify, clone deeply, and record valid native commands
  ---
  duration_ms: 0.520713
  type: 'test'
  ...
# Subtest: runtime XAML constructs all path segments and string Figures with typed values
ok 381 - runtime XAML constructs all path segments and string Figures with typed values
  ---
  duration_ms: 8.308026
  type: 'test'
  ...
# Subtest: AOT XAML constructs all path segments and string Figures with typed values
ok 382 - AOT XAML constructs all path segments and string Figures with typed values
  ---
  duration_ms: 20.163813
  type: 'test'
  ...
# Subtest: malformed nested geometry descriptions do not allocate partial owned child graphs
ok 383 - malformed nested geometry descriptions do not allocate partial owned child graphs
  ---
  duration_ms: 2.087462
  type: 'test'
  ...
# Subtest: ImageBrush uses native image shader with transparent uniform letterboxing
ok 384 - ImageBrush uses native image shader with transparent uniform letterboxing
  ---
  duration_ms: 10.313255
  type: 'test'
  ...
# Subtest: VisualBrush snapshots actual retained content and refreshes mutable brushes
ok 385 - VisualBrush snapshots actual retained content and refreshes mutable brushes
  ---
  duration_ms: 11.880053
  type: 'test'
  ...
# Subtest: BitmapCache reuses unchanged content, refreshes descendants, and releases on dispose
ok 386 - BitmapCache reuses unchanged content, refreshes descendants, and releases on dispose
  ---
  duration_ms: 7.001289
  type: 'test'
  ...
# Subtest: native blur and drop shadow affect pixels outside original geometry
ok 387 - native blur and drop shadow affect pixels outside original geometry
  ---
  duration_ms: 9.165466
  type: 'test'
  ...
# Subtest: inset shadows are clipped to the border and darken interior edge
ok 388 - inset shadows are clipped to the border and darken interior edge
  ---
  duration_ms: 6.65696
  type: 'test'
  ...
# Subtest: acrylic filters the existing native surface before applying material tint
ok 389 - acrylic filters the existing native surface before applying material tint
  ---
  duration_ms: 2.682538
  type: 'test'
  ...
# Subtest: value priorities expose lower priorities when disposed
ok 390 - value priorities expose lower priorities when disposed
  ---
  duration_ms: 1.385466
  type: 'test'
  ...
# Subtest: later same-priority value wins and removal reveals prior
ok 391 - later same-priority value wins and removal reveals prior
  ---
  duration_ms: 0.476307
  type: 'test'
  ...
# Subtest: inheritance notifications and local overrides
ok 392 - inheritance notifications and local overrides
  ---
  duration_ms: 1.535982
  type: 'test'
  ...
# Subtest: inheritance cycles are rejected
ok 393 - inheritance cycles are rejected
  ---
  duration_ms: 0.34551
  type: 'test'
  ...
# Subtest: RxJS observable binding lifecycle and SetCurrentValue
ok 394 - RxJS observable binding lifecycle and SetCurrentValue
  ---
  duration_ms: 0.299371
  type: 'test'
  ...
# Subtest: style observable does not replace local observable binding
ok 395 - style observable does not replace local observable binding
  ---
  duration_ms: 0.186261
  type: 'test'
  ...
# Subtest: direct properties call setter and publish once
ok 396 - direct properties call setter and publish once
  ---
  duration_ms: 0.222735
  type: 'test'
  ...
# Subtest: ReactiveWeb nested source replacement rebinds path
ok 397 - ReactiveWeb nested source replacement rebinds path
  ---
  duration_ms: 2.36466
  type: 'test'
  ...
# Subtest: ReactiveWeb two-way textbox binding
ok 398 - ReactiveWeb two-way textbox binding
  ---
  duration_ms: 3.661246
  type: 'test'
  ...
# Subtest: OneTime binding takes initial source only
ok 399 - OneTime binding takes initial source only
  ---
  duration_ms: 0.705763
  type: 'test'
  ...
# Subtest: binding fallback applies to missing source path
ok 400 - binding fallback applies to missing source path
  ---
  duration_ms: 0.246922
  type: 'test'
  ...
# Subtest: binding target-null replacement preserves null semantics
ok 401 - binding target-null replacement preserves null semantics
  ---
  duration_ms: 0.151979
  type: 'test'
  ...
# Subtest: unsafe binding path rejected: __proto__.polluted
ok 402 - unsafe binding path rejected: __proto__.polluted
  ---
  duration_ms: 0.07311
  type: 'test'
  ...
# Subtest: unsafe binding path rejected: constructor.name
ok 403 - unsafe binding path rejected: constructor.name
  ---
  duration_ms: 0.031407
  type: 'test'
  ...
# Subtest: unsafe binding path rejected: Value["__proto__"]
ok 404 - unsafe binding path rejected: Value["__proto__"]
  ---
  duration_ms: 0.077427
  type: 'test'
  ...
# Subtest: binding path parses array and dictionary indexers
ok 405 - binding path parses array and dictionary indexers
  ---
  duration_ms: 0.091758
  type: 'test'
  ...
# Subtest: dynamic resource updates existing target
ok 406 - dynamic resource updates existing target
  ---
  duration_ms: 1.040185
  type: 'test'
  ...
# Subtest: conditional styles activate and deactivate without defeating local values
ok 407 - conditional styles activate and deactivate without defeating local values
  ---
  duration_ms: 3.456033
  type: 'test'
  ...
# Subtest: attached properties are supported in style setters
ok 408 - attached properties are supported in style setters
  ---
  duration_ms: 0.404239
  type: 'test'
  ...
# Subtest: measure/arrange applies margin and alignment
ok 409 - measure/arrange applies margin and alignment
  ---
  duration_ms: 0.666473
  type: 'test'
  ...
# Subtest: Grid resolves pixel and weighted star columns
ok 410 - Grid resolves pixel and weighted star columns
  ---
  duration_ms: 2.559844
  type: 'test'
  ...
# Subtest: Grid star row behaves as auto under infinite measure
ok 411 - Grid star row behaves as auto under infinite measure
  ---
  duration_ms: 0.640033
  type: 'test'
  ...
# Subtest: Grid layout invalidates after definition changes
ok 412 - Grid layout invalidates after definition changes
  ---
  duration_ms: 1.686268
  type: 'test'
  ...
# Subtest: StackPanel sums children and spacing
ok 413 - StackPanel sums children and spacing
  ---
  duration_ms: 0.782318
  type: 'test'
  ...
# Subtest: WrapPanel starts a new line when width is exceeded
ok 414 - WrapPanel starts a new line when width is exceeded
  ---
  duration_ms: 0.784011
  type: 'test'
  ...
# Subtest: RelativePanel detects circular sibling references
ok 415 - RelativePanel detects circular sibling references
  ---
  duration_ms: 1.612097
  type: 'test'
  ...
# Subtest: visual ownership rejects duplicates and cycles
ok 416 - visual ownership rejects duplicates and cycles
  ---
  duration_ms: 0.966305
  type: 'test'
  ...
# Subtest: headless mouse click invokes a genuine ReactiveCommand
ok 417 - headless mouse click invokes a genuine ReactiveCommand
  ---
  duration_ms: 5.409053
  type: 'test'
  ...
# Subtest: button keyboard activation and disabled state
ok 418 - button keyboard activation and disabled state
  ---
  duration_ms: 1.514039
  type: 'test'
  ...
# Subtest: routed event tunnels before bubbling
ok 419 - routed event tunnels before bubbling
  ---
  duration_ms: 0.362916
  type: 'test'
  ...
# Subtest: virtual ListBox realizes a bounded viewport for 10,000 items
ok 420 - virtual ListBox realizes a bounded viewport for 10,000 items
  ---
  duration_ms: 21.736651
  type: 'test'
  ...
# Subtest: virtual ListBox nested in unconstrained Grid converges
ok 421 - virtual ListBox nested in unconstrained Grid converges
  ---
  duration_ms: 7.560691
  type: 'test'
  ...
# Subtest: Menu rebuild preserves caller-owned MenuItem instances
ok 422 - Menu rebuild preserves caller-owned MenuItem instances
  ---
  duration_ms: 3.049711
  type: 'test'
  ...
# Subtest: scalar XAML resources, attached properties and namescope
ok 423 - scalar XAML resources, attached properties and namescope
  ---
  duration_ms: 5.543695
  type: 'test'
  ...
# Subtest: XAML two-way bindings integrate ReactiveWeb
ok 424 - XAML two-way bindings integrate ReactiveWeb
  ---
  duration_ms: 2.871693
  type: 'test'
  ...
# Subtest: AOT emitter produces executable ESM without eval
ok 425 - AOT emitter produces executable ESM without eval
  ---
  duration_ms: 38.433332
  type: 'test'
  ...
# Subtest: ControlTemplate and TemplateBinding propagate content
ok 426 - ControlTemplate and TemplateBinding propagate content
  ---
  duration_ms: 4.483409
  type: 'test'
  ...
# Subtest: XML parser rejects DOCTYPE
ok 427 - XML parser rejects DOCTYPE
  ---
  duration_ms: 0.168484
  type: 'test'
  ...
# Subtest: XML parser rejects external entity
ok 428 - XML parser rejects external entity
  ---
  duration_ms: 0.202465
  type: 'test'
  ...
# Subtest: XML parser rejects bare ampersand
ok 429 - XML parser rejects bare ampersand
  ---
  duration_ms: 0.099329
  type: 'test'
  ...
# Subtest: XML parser rejects duplicate attribute
ok 430 - XML parser rejects duplicate attribute
  ---
  duration_ms: 0.050576
  type: 'test'
  ...
# Subtest: XML parser rejects mismatched close
ok 431 - XML parser rejects mismatched close
  ---
  duration_ms: 0.037967
  type: 'test'
  ...
# Subtest: XML parser rejects undeclared namespace
ok 432 - XML parser rejects undeclared namespace
  ---
  duration_ms: 0.039039
  type: 'test'
  ...
# Subtest: XML parser rejects multiple roots
ok 433 - XML parser rejects multiple roots
  ---
  duration_ms: 0.061623
  type: 'test'
  ...
# Subtest: XML parser rejects invalid codepoint
ok 434 - XML parser rejects invalid codepoint
  ---
  duration_ms: 0.080401
  type: 'test'
  ...
# Subtest: XML parser enforces nesting limit
ok 435 - XML parser enforces nesting limit
  ---
  duration_ms: 0.094733
  type: 'test'
  ...
# Subtest: XML parser handles namespaced attributes and escaped text
ok 436 - XML parser handles namespaced attributes and escaped text
  ---
  duration_ms: 0.088994
  type: 'test'
  ...
# Subtest: markup extension parser preserves nested expressions and quoted commas
ok 437 - markup extension parser preserves nested expressions and quoted commas
  ---
  duration_ms: 0.09327
  type: 'test'
  ...
# Subtest: unknown XAML types and properties fail rather than being ignored
ok 438 - unknown XAML types and properties fail rather than being ignored
  ---
  duration_ms: 0.650199
  type: 'test'
  ...
# Subtest: XAML property assignment cannot pollute prototypes
ok 439 - XAML property assignment cannot pollute prototypes
  ---
  duration_ms: 0.309666
  type: 'test'
  ...
# Subtest: animation samples keyframes and restores base value
ok 440 - animation samples keyframes and restores base value
  ---
  duration_ms: 1.007076
  type: 'test'
  ...
# Subtest: animation abort releases priority values and subscription
ok 441 - animation abort releases priority values and subscription
  ---
  duration_ms: 0.284118
  type: 'test'
  ...
# Subtest: LRU cache eviction disposes native resources
ok 442 - LRU cache eviction disposes native resources
  ---
  duration_ms: 0.197107
  type: 'test'
  ...
# Subtest: affine matrix inverse restores transformed coordinates
ok 443 - affine matrix inverse restores transformed coordinates
  ---
  duration_ms: 0.087442
  type: 'test'
  ...
# Subtest: Color uses Avalonia ARGB hexadecimal ordering
ok 444 - Color uses Avalonia ARGB hexadecimal ordering
  ---
  duration_ms: 0.141382
  type: 'test'
  ...
# Subtest: Calendar selected date updates the selected-date collection
ok 445 - Calendar selected date updates the selected-date collection
  ---
  duration_ms: 0.538932
  type: 'test'
  ...
# Subtest: ScrollBar derives from RangeBase rather than inheriting reversed Slider behavior
ok 446 - ScrollBar derives from RangeBase rather than inheriting reversed Slider behavior
  ---
  duration_ms: 2.413062
  type: 'test'
  ...
# Subtest: ScrollBar Vertical: proportional drag without jump and release event
ok 447 - ScrollBar Vertical: proportional drag without jump and release event
  ---
  duration_ms: 5.223864
  type: 'test'
  ...
# Subtest: ScrollBar Horizontal: proportional drag without jump and release event
ok 448 - ScrollBar Horizontal: proportional drag without jump and release event
  ---
  duration_ms: 1.25534
  type: 'test'
  ...
# Subtest: ScrollBar tiny viewport bounds never create oversized thumbs or divide by zero
ok 449 - ScrollBar tiny viewport bounds never create oversized thumbs or divide by zero
  ---
  duration_ms: 1.013636
  type: 'test'
  ...
# Subtest: ScrollBar reverse direction is geometry-consistent and keyboard increments follow its orientation
ok 450 - ScrollBar reverse direction is geometry-consistent and keyboard increments follow its orientation
  ---
  duration_ms: 2.056315
  type: 'test'
  ...
# Subtest: ScrollBar track press pages rather than jumps and releases repeat timers
ok 451 - ScrollBar track press pages rather than jumps and releases repeat timers
  ---
  duration_ms: 1.132665
  type: 'test'
  ...
# Subtest: ScrollBar page-repeat progresses while held and stops on capture loss
ok 452 - ScrollBar page-repeat progresses while held and stops on capture loss
  ---
  duration_ms: 87.454815
  type: 'test'
  ...
# Subtest: ScrollBar ignores right clicks and additional pointers during a drag
ok 453 - ScrollBar ignores right clicks and additional pointers during a drag
  ---
  duration_ms: 0.728587
  type: 'test'
  ...
# Subtest: ScrollBar visibility, zero range and explicit values remain coherent
ok 454 - ScrollBar visibility, zero range and explicit values remain coherent
  ---
  duration_ms: 0.586222
  type: 'test'
  ...
# Subtest: ScrollViewer scrollbar hits win over a child Button occupying the complete content
ok 455 - ScrollViewer scrollbar hits win over a child Button occupying the complete content
  ---
  duration_ms: 6.424511
  type: 'test'
  ...
# Subtest: ScrollViewer horizontal and vertical thumbs can independently reach both ends
ok 456 - ScrollViewer horizontal and vertical thumbs can independently reach both ends
  ---
  duration_ms: 3.097803
  type: 'test'
  ...
# Subtest: ScrollViewer deferred scrolling previews the thumb without moving content until release
ok 457 - ScrollViewer deferred scrolling previews the thumb without moving content until release
  ---
  duration_ms: 1.221248
  type: 'test'
  ...
# Subtest: ScrollViewer Hidden permits scrolling but Disabled does not
ok 458 - ScrollViewer Hidden permits scrolling but Disabled does not
  ---
  duration_ms: 1.272795
  type: 'test'
  ...
# Subtest: non-overlay ScrollViewer tracks reserve space and solve cross-axis overflow
ok 459 - non-overlay ScrollViewer tracks reserve space and solve cross-axis overflow
  ---
  duration_ms: 0.785943
  type: 'test'
  ...
# Subtest: ScrollViewer viewport clip prevents content hits and rendering in reserved chrome
ok 460 - ScrollViewer viewport clip prevents content hits and rendering in reserved chrome
  ---
  duration_ms: 1.354189
  type: 'test'
  ...
# Subtest: ScrollViewer resize and content replacement clamp stale offsets and notify extent deltas
ok 461 - ScrollViewer resize and content replacement clamp stale offsets and notify extent deltas
  ---
  duration_ms: 1.548982
  type: 'test'
  ...
# Subtest: ScrollViewer BringIntoView handles both axes, padding and partially visible large targets
ok 462 - ScrollViewer BringIntoView handles both axes, padding and partially visible large targets
  ---
  duration_ms: 3.260679
  type: 'test'
  ...
# Subtest: wheel deltaMode=0 respects CSS pixels, lines or viewport pages
ok 463 - wheel deltaMode=0 respects CSS pixels, lines or viewport pages
  ---
  duration_ms: 1.755703
  type: 'test'
  ...
# Subtest: wheel deltaMode=1 respects CSS pixels, lines or viewport pages
ok 464 - wheel deltaMode=1 respects CSS pixels, lines or viewport pages
  ---
  duration_ms: 1.497675
  type: 'test'
  ...
# Subtest: wheel deltaMode=2 respects CSS pixels, lines or viewport pages
ok 465 - wheel deltaMode=2 respects CSS pixels, lines or viewport pages
  ---
  duration_ms: 1.462131
  type: 'test'
  ...
# Subtest: Shift-wheel scrolls horizontally and disabled chaining consumes boundary input
ok 466 - Shift-wheel scrolls horizontally and disabled chaining consumes boundary input
  ---
  duration_ms: 1.193406
  type: 'test'
  ...
# Subtest: ListBox has an interactive scrollbar without changing selection
ok 467 - ListBox has an interactive scrollbar without changing selection
  ---
  duration_ms: 10.392509
  type: 'test'
  ...
# Subtest: TreeView has an interactive scrollbar without changing selection
ok 468 - TreeView has an interactive scrollbar without changing selection
  ---
  duration_ms: 19.80683
  type: 'test'
  ...
# Subtest: ListBox recycles row controls rather than allocating new containers on every scroll
ok 469 - ListBox recycles row controls rather than allocating new containers on every scroll
  ---
  duration_ms: 40.804774
  type: 'test'
  ...
# Subtest: ListBox horizontal chrome pans wide items without scrolling or selecting rows
ok 470 - ListBox horizontal chrome pans wide items without scrolling or selecting rows
  ---
  duration_ms: 7.658724
  type: 'test'
  ...
# Subtest: TableView both-axis scrollbars exclude headers and preserve header alignment
ok 471 - TableView both-axis scrollbars exclude headers and preserve header alignment
  ---
  duration_ms: 15.096129
  type: 'test'
  ...
# Subtest: multiline TextBox supports vertical drag, wheel, and horizontal pan without changing text or selection
ok 472 - multiline TextBox supports vertical drag, wheel, and horizontal pan without changing text or selection
  ---
  duration_ms: 10.435008
  type: 'test'
  ...
# Subtest: wrapped TextBox disables horizontal chrome and remaps viewport when resizing
ok 473 - wrapped TextBox disables horizontal chrome and remaps viewport when resizing
  ---
  duration_ms: 10.606857
  type: 'test'
  ...
# Subtest: TextBox measurement layouts are retained and disposed with their owner
ok 474 - TextBox measurement layouts are retained and disposed with their owner
  ---
  duration_ms: 1.419546
  type: 'test'
  ...
# Subtest: scroll chrome still works with runtime XAML attached scrollbar options
ok 475 - scroll chrome still works with runtime XAML attached scrollbar options
  ---
  duration_ms: 6.513906
  type: 'test'
  ...
# Subtest: reserved horizontal chrome does not oscillate realization at an item-height boundary
ok 476 - reserved horizontal chrome does not oscillate realization at an item-height boundary
  ---
  duration_ms: 5.332106
  type: 'test'
  ...
# Subtest: TableView header and reserved horizontal track share a stable realization viewport
ok 477 - TableView header and reserved horizontal track share a stable realization viewport
  ---
  duration_ms: 23.864474
  type: 'test'
  ...
# Subtest: ScrollBarMaximum and LargeChange notify bindings for extent-only and viewport-only changes
ok 478 - ScrollBarMaximum and LargeChange notify bindings for extent-only and viewport-only changes
  ---
  duration_ms: 2.535507
  type: 'test'
  ...
# Subtest: RangeBase matches the templated hierarchy and retains finite values on invalid assignments
ok 479 - RangeBase matches the templated hierarchy and retains finite values on invalid assignments
  ---
  duration_ms: 0.469847
  type: 'test'
  ...
# Subtest: RangeBase raises typed ValueChanged events and ScrollBar custom templates have layout and lifetime
ok 480 - RangeBase raises typed ValueChanged events and ScrollBar custom templates have layout and lifetime
  ---
  duration_ms: 0.860766
  type: 'test'
  ...
# Subtest: disjoint virtual scrolling retargets attached scalar presenters without tree churn
ok 481 - disjoint virtual scrolling retargets attached scalar presenters without tree churn
  ---
  duration_ms: 12.203029
  type: 'test'
  ...
# Subtest: surplus recycled scalar rows release prior item data and their empty presenter is owned
ok 482 - surplus recycled scalar rows release prior item data and their empty presenter is owned
  ---
  duration_ms: 3.918598
  type: 'test'
  ...
# Subtest: secondary document waits for load, then releases all lifecycle listeners
ok 483 - secondary document waits for load, then releases all lifecycle listeners
  ---
  duration_ms: 3.750792
  type: 'test'
  ...
# Subtest: secondary already-complete document needs no timer or listener after completion
ok 484 - secondary already-complete document needs no timer or listener after completion
  ---
  duration_ms: 0.194903
  type: 'test'
  ...
# Subtest: secondary document replacement and closed-window startup reject
ok 485 - secondary document replacement and closed-window startup reject
  ---
  duration_ms: 0.528866
  type: 'test'
  ...
# Subtest: secondary document cancellation propagates the exact reason and removes listeners
ok 486 - secondary document cancellation propagates the exact reason and removes listeners
  ---
  duration_ms: 0.245429
  type: 'test'
  ...
# Subtest: secondary document timeout is bounded and removes its lifecycle listeners
ok 487 - secondary document timeout is bounded and removes its lifecycle listeners
  ---
  duration_ms: 7.004133
  type: 'test'
  ...
# Subtest: secondary renderer starts with listeners already installed and accepts only native-ready render role
ok 488 - secondary renderer starts with listeners already installed and accepts only native-ready render role
  ---
  duration_ms: 0.664239
  type: 'test'
  ...
# Subtest: secondary throw failure settles before publishing channels
ok 489 - secondary throw failure settles before publishing channels
  ---
  duration_ms: 0.433873
  type: 'test'
  ...
# Subtest: secondary error failure settles before publishing channels
ok 490 - secondary error failure settles before publishing channels
  ---
  duration_ms: 0.45845
  type: 'test'
  ...
# Subtest: secondary messageerror failure settles before publishing channels
ok 491 - secondary messageerror failure settles before publishing channels
  ---
  duration_ms: 0.303076
  type: 'test'
  ...
# Subtest: secondary bootstrap failure settles before publishing channels
ok 492 - secondary bootstrap failure settles before publishing channels
  ---
  duration_ms: 0.374694
  type: 'test'
  ...
# Subtest: secondary renderer abort before start allocates no worker delivery or listener
ok 493 - secondary renderer abort before start allocates no worker delivery or listener
  ---
  duration_ms: 0.190767
  type: 'test'
  ...
# Subtest: one canceled native-module delivery does not dispose the shared source or affect its sibling
ok 494 - one canceled native-module delivery does not dispose the shared source or affect its sibling
  ---
  duration_ms: 17.826735
  type: 'test'
  ...
# Subtest: pre-aborted delivery never creates a MessageChannel and successful delivery removes its abort listener
ok 495 - pre-aborted delivery never creates a MessageChannel and successful delivery removes its abort listener
  ---
  duration_ms: 2.08591
  type: 'test'
  ...
# Subtest: secondary OpenWindow waits for the popup document and native bootstrap before transferring UI endpoints
ok 496 - secondary OpenWindow waits for the popup document and native bootstrap before transferring UI endpoints
  ---
  duration_ms: 2.500044
  type: 'test'
  ...
# Subtest: secondary constructor failure rolls back popup, channels, host registration and only its own WASM lease
ok 497 - secondary constructor failure rolls back popup, channels, host registration and only its own WASM lease
  ---
  duration_ms: 0.854487
  type: 'test'
  ...
# Subtest: secondary post failure rolls back popup, channels, host registration and only its own WASM lease
ok 498 - secondary post failure rolls back popup, channels, host registration and only its own WASM lease
  ---
  duration_ms: 0.727796
  type: 'test'
  ...
# Subtest: secondary entry failure rolls back popup, channels, host registration and only its own WASM lease
ok 499 - secondary entry failure rolls back popup, channels, host registration and only its own WASM lease
  ---
  duration_ms: 0.884792
  type: 'test'
  ...
# Subtest: secondary disposal during native initialization cancels the pending open instead of awaiting a dead channel
ok 500 - secondary disposal during native initialization cancels the pending open instead of awaiting a dead channel
  ---
  duration_ms: 1.648932
  type: 'test'
  ...
# Subtest: secondary parent disposal during document loading closes the unpublished popup
ok 501 - secondary parent disposal during document loading closes the unpublished popup
  ---
  duration_ms: 0.439101
  type: 'test'
  ...
# Subtest: failed secondary bootstrap rejects actual ShowDialog and WhenOpened, restores owner and disposes the unshown Window
ok 502 - failed secondary bootstrap rejects actual ShowDialog and WhenOpened, restores owner and disposes the unshown Window
  ---
  duration_ms: 4.014563
  type: 'test'
  ...
# Subtest: closing a pending worker Window is safe and rejects late host attachment while releasing its returned ports
ok 503 - closing a pending worker Window is safe and rejects late host attachment while releasing its returned ports
  ---
  duration_ms: 1.263322
  type: 'test'
  ...
# Subtest: startup: two workers receive one compilation over distinct original ports
ok 504 - startup: two workers receive one compilation over distinct original ports
  ---
  duration_ms: 74.914707
  type: 'test'
  ...
# Subtest: startup: a renderer restart gets a fresh port without downloading again
ok 505 - startup: a renderer restart gets a fresh port without downloading again
  ---
  duration_ms: 9.251396
  type: 'test'
  ...
# Subtest: startup: module readiness before the request does not drop the delivery
ok 506 - startup: module readiness before the request does not drop the delivery
  ---
  duration_ms: 4.435116
  type: 'test'
  ...
# Subtest: startup: pending compilation is delivered after an early request
ok 507 - startup: pending compilation is delivered after an early request
  ---
  duration_ms: 6.072441
  type: 'test'
  ...
# Subtest: startup: compilation failures reject every waiting worker and permit a retry
ok 508 - startup: compilation failures reject every waiting worker and permit a retry
  ---
  duration_ms: 5.674642
  type: 'test'
  ...
# Subtest: startup: disposal settles waiters, closes ports, and ignores late compilation
ok 509 - startup: disposal settles waiters, closes ports, and ignores late compilation
  ---
  duration_ms: 6.586465
  type: 'test'
  ...
# Subtest: startup: invalid prepared modules reject through the protocol without stranded source ports
ok 510 - startup: invalid prepared modules reject through the protocol without stranded source ports
  ---
  duration_ms: 0.754436
  type: 'test'
  ...
# Subtest: startup: caller timeout bounds both request and preparation lifetimes
ok 511 - startup: caller timeout bounds both request and preparation lifetimes
  ---
  duration_ms: 26.210174
  type: 'test'
  ...
# Subtest: startup: explicit clone fallback acknowledges local compilation
ok 512 - startup: explicit clone fallback acknowledges local compilation
  ---
  duration_ms: 0.845133
  type: 'test'
  ...
# Subtest: startup: agent-cluster messageerror falls back without sharing native state
ok 513 - startup: agent-cluster messageerror falls back without sharing native state
  ---
  duration_ms: 0.402826
  type: 'test'
  ...
# Subtest: startup: malformed protocol, missing port and invalid timeouts reject
ok 514 - startup: malformed protocol, missing port and invalid timeouts reject
  ---
  duration_ms: 0.767645
  type: 'test'
  ...
# Subtest: startup: duplicate worker requests never produce duplicate module deliveries
ok 515 - startup: duplicate worker requests never produce duplicate module deliveries
  ---
  duration_ms: 6.16133
  type: 'test'
  ...
# Subtest: startup: moved browser service classes preserve public constructor identity
ok 516 - startup: moved browser service classes preserve public constructor identity
  ---
  duration_ms: 298.89656
  type: 'test'
  ...
# Subtest: startup: default catalog entry has no eager application or graphics import
ok 517 - startup: default catalog entry has no eager application or graphics import
  ---
  duration_ms: 2.348796
  type: 'test'
  ...
# Subtest: startup: lazy AOT inventory loads only MainView eagerly and preserves all original builders
ok 518 - startup: lazy AOT inventory loads only MainView eagerly and preserves all original builders
  ---
  duration_ms: 64.124817
  type: 'test'
  ...
# Subtest: startup: newer navigation wins even when an earlier AOT module resolves last
ok 519 - startup: newer navigation wins even when an earlier AOT module resolves last
  ---
  duration_ms: 202.478415
  type: 'test'
  ...
# Subtest: startup: Home invalidates a pending route and suppresses its late import failure
ok 520 - startup: Home invalidates a pending route and suppresses its late import failure
  ---
  duration_ms: 126.547075
  type: 'test'
  ...
# Subtest: submission fence resolves its captured frame while a newer animation batch is in flight
ok 521 - submission fence resolves its captured frame while a newer animation batch is in flight
  ---
  duration_ms: 6.818854
  type: 'test'
  ...
# Subtest: submission fence includes backpressured work but never chases later revisions
ok 522 - submission fence includes backpressured work but never chases later revisions
  ---
  duration_ms: 1.278004
  type: 'test'
  ...
# Subtest: submission fences retain independent targets across multiple callers
ok 523 - submission fences retain independent targets across multiple callers
  ---
  duration_ms: 1.281569
  type: 'test'
  ...
# Subtest: semantic no-op capture waits for submission of the acknowledged transaction, not another frame
ok 524 - semantic no-op capture waits for submission of the acknowledged transaction, not another frame
  ---
  duration_ms: 0.961979
  type: 'test'
  ...
# Subtest: submission notification before processed acknowledgement can complete a prepared fence
ok 525 - submission notification before processed acknowledgement can complete a prepared fence
  ---
  duration_ms: 0.946806
  type: 'test'
  ...
# Subtest: hidden submission is requested only for processed work and coalesces outstanding fences
ok 526 - hidden submission is requested only for processed work and coalesces outstanding fences
  ---
  duration_ms: 1.814091
  type: 'test'
  ...
# Subtest: stale generation submissions cannot satisfy current fences
ok 527 - stale generation submissions cannot satisfy current fences
  ---
  duration_ms: 0.729038
  type: 'test'
  ...
# Subtest: renderer failure rejects all pending fences and releases their queue slots
ok 528 - renderer failure rejects all pending fences and releases their queue slots
  ---
  duration_ms: 1.359666
  type: 'test'
  ...
# Subtest: submission fence timeout releases its queue slot
ok 529 - submission fence timeout releases its queue slot
  ---
  duration_ms: 11.162258
  type: 'test'
  ...
# Subtest: submission fence queue remains bounded without abandoning its existing caller
ok 530 - submission fence queue remains bounded without abandoning its existing caller
  ---
  duration_ms: 0.9831
  type: 'test'
  ...
# Subtest: restart during initialization rejects a flush of the previous generation
ok 531 - restart during initialization rejects a flush of the previous generation
  ---
  duration_ms: 0.413022
  type: 'test'
  ...
# Subtest: old hidden-render rejection cannot poison or unlock a restarted renderer
ok 532 - old hidden-render rejection cannot poison or unlock a restarted renderer
  ---
  duration_ms: 4.433594
  type: 'test'
  ...
# Subtest: TableView is a ListBox with live read-only Binding definitions and actual cell controls
ok 533 - TableView is a ListBox with live read-only Binding definitions and actual cell controls
  ---
  duration_ms: 34.231619
  type: 'test'
  ...
# Subtest: TableView XAML assigns Binding rather than evaluating on the column DataContext
ok 534 - TableView XAML assigns Binding rather than evaluating on the column DataContext
  ---
  duration_ms: 8.558093
  type: 'test'
  ...
# Subtest: TableView CellTemplate receives row data and takes precedence over Binding
ok 535 - TableView CellTemplate receives row data and takes precedence over Binding
  ---
  duration_ms: 3.588312
  type: 'test'
  ...
# Subtest: TableView rejects duplicate or cross-owned columns before mutating collections
ok 536 - TableView rejects duplicate or cross-owned columns before mutating collections
  ---
  duration_ms: 3.70017
  type: 'test'
  ...
# Subtest: TableView star, auto, pixel and constrained column widths share one row/header layout
ok 537 - TableView star, auto, pixel and constrained column widths share one row/header layout
  ---
  duration_ms: 16.04949
  type: 'test'
  ...
# Subtest: TableView 10,000 rows recycle real cell containers and release stale bindings
ok 538 - TableView 10,000 rows recycle real cell containers and release stale bindings
  ---
  duration_ms: 130.962075
  type: 'test'
  ...
# Subtest: TableView checkbox cell subscriptions and controls are disposed when recycled
ok 539 - TableView checkbox cell subscriptions and controls are disposed when recycled
  ---
  duration_ms: 2.399492
  type: 'test'
  ...
# Subtest: TableView header click sorting preserves selection identity and can be cancelled
ok 540 - TableView header click sorting preserves selection identity and can be cancelled
  ---
  duration_ms: 11.740585
  type: 'test'
  ...
# Subtest: TableView nullable resize override respects owning table changes
ok 541 - TableView nullable resize override respects owning table changes
  ---
  duration_ms: 1.94665
  type: 'test'
  ...
# Subtest: grapheme boundaries preserve emoji ZWJ, combining marks, flags and CRLF
ok 542 - grapheme boundaries preserve emoji ZWJ, combining marks, flags and CRLF
  ---
  duration_ms: 1.24199
  type: 'test'
  ...
# Subtest: TextBox deletes complete graphemes and enforces MaxLength without lone surrogates
ok 543 - TextBox deletes complete graphemes and enforces MaxLength without lone surrogates
  ---
  duration_ms: 5.166578
  type: 'test'
  ...
# Subtest: a native IME composition is a single undo/redo transaction
ok 544 - a native IME composition is a single undo/redo transaction
  ---
  duration_ms: 1.316723
  type: 'test'
  ...
# Subtest: password masking maps visual caret positions to original UTF-16 boundaries and supports reveal
ok 545 - password masking maps visual caret positions to original UTF-16 boundaries and supports reveal
  ---
  duration_ms: 2.633695
  type: 'test'
  ...
# Subtest: fallback line breaking retains source indices across CRLF and never truncates a grapheme
ok 546 - fallback line breaking retains source indices across CRLF and never truncates a grapheme
  ---
  duration_ms: 0.502897
  type: 'test'
  ...
# Subtest: rich inline ownership, inheritance, dynamic invalidation and XAML loading are functional
ok 547 - rich inline ownership, inheritance, dynamic invalidation and XAML loading are functional
  ---
  duration_ms: 10.570628
  type: 'test'
  ...
# Subtest: native SkParagraph shapes ligatures, Arabic and mixed-direction text with cluster hit testing
ok 548 - native SkParagraph shapes ligatures, Arabic and mixed-direction text with cluster hit testing
  ---
  duration_ms: 36.004603
  type: 'test'
  ...
# Subtest: native rich paragraph rendering uses per-run sizes, colors, wrapping and source indices
ok 549 - native rich paragraph rendering uses per-run sizes, colors, wrapping and source indices
  ---
  duration_ms: 19.363611
  type: 'test'
  ...
# Subtest: native paragraph cache eviction cannot invalidate a retained TextLayout
ok 550 - native paragraph cache eviction cannot invalidate a retained TextLayout
  ---
  duration_ms: 9.05353
  type: 'test'
  ...
# Subtest: inline UI containers participate in native text layout, visual arrangement and hit testing
ok 551 - inline UI containers participate in native text layout, visual arrangement and hit testing
  ---
  duration_ms: 5.321983
  type: 'test'
  ...
# Subtest: TextFormatter consumes source runs, preserves CRLF indices, and returns line-break continuations
ok 552 - TextFormatter consumes source runs, preserves CRLF indices, and returns line-break continuations
  ---
  duration_ms: 7.079087
  type: 'test'
  ...
# Subtest: wrapped formatter lines reuse a paragraph rather than rereading and reshaping the source
ok 553 - wrapped formatter lines reuse a paragraph rather than rereading and reshaping the source
  ---
  duration_ms: 1.309492
  type: 'test'
  ...
# Subtest: source run styles survive formatting and drawing records
ok 554 - source run styles survive formatting and drawing records
  ---
  duration_ms: 0.683118
  type: 'test'
  ...
# Subtest: TextLine caret navigation is UTF-16-indexed and grapheme safe
ok 555 - TextLine caret navigation is UTF-16-indexed and grapheme safe
  ---
  duration_ms: 1.256211
  type: 'test'
  ...
# Subtest: formatter rejects non-advancing runs and oversized paragraphs
ok 556 - formatter rejects non-advancing runs and oversized paragraphs
  ---
  duration_ms: 0.191859
  type: 'test'
  ...
# Subtest: TextLine collapse and interword justification are executable layout operations
ok 557 - TextLine collapse and interword justification are executable layout operations
  ---
  duration_ms: 0.939725
  type: 'test'
  ...
# Subtest: repeated TextBlock rendering retains the same layout without measuring
ok 558 - repeated TextBlock rendering retains the same layout without measuring
  ---
  duration_ms: 7.905181
  type: 'test'
  ...
# Subtest: TextBlock invalidates retained layout for shaping properties, width and inline changes
ok 559 - TextBlock invalidates retained layout for shaping properties, width and inline changes
  ---
  duration_ms: 2.784822
  type: 'test'
  ...
# Subtest: in-place foreground brush changes invalidate native descriptor snapshots
ok 560 - in-place foreground brush changes invalidate native descriptor snapshots
  ---
  duration_ms: 0.626333
  type: 'test'
  ...
# Subtest: text service generations invalidate retained layouts after font changes
ok 561 - text service generations invalidate retained layouts after font changes
  ---
  duration_ms: 0.350488
  type: 'test'
  ...
# Subtest: Control.DrawText retains bounded label layouts and respects mutable brush colors
ok 562 - Control.DrawText retains bounded label layouts and respects mutable brush colors
  ---
  duration_ms: 1.127157
  type: 'test'
  ...
# Subtest: text editor does not rebuild layout on caret or selection changes
ok 563 - text editor does not rebuild layout on caret or selection changes
  ---
  duration_ms: 4.05869
  type: 'test'
  ...
# Subtest: password layout reuse refreshes the logical mapping when equal-length masks hide different clusters
ok 564 - password layout reuse refreshes the logical mapping when equal-length masks hide different clusters
  ---
  duration_ms: 1.966451
  type: 'test'
  ...
# Subtest: grapheme cache is immutable, bounded, and does not expose text in diagnostics
ok 565 - grapheme cache is immutable, bounded, and does not expose text in diagnostics
  ---
  duration_ms: 3.552909
  type: 'test'
  ...
# Subtest: fallback caret hit testing uses logarithmic prefix measurements and reuses them
ok 566 - fallback caret hit testing uses logarithmic prefix measurements and reuses them
  ---
  duration_ms: 32.160357
  type: 'test'
  ...
# Subtest: negative letter spacing retains a non-monotonic fallback hit-test path
ok 567 - negative letter spacing retains a non-monotonic fallback hit-test path
  ---
  duration_ms: 0.597359
  type: 'test'
  ...
# Subtest: provider registrations restore the previous provider after out-of-order disposal
ok 568 - provider registrations restore the previous provider after out-of-order disposal
  ---
  duration_ms: 0.173141
  type: 'test'
  ...
# Subtest: font stretch and letter spacing survive XAML property conversion
ok 569 - font stretch and letter spacing survive XAML property conversion
  ---
  duration_ms: 4.435247
  type: 'test'
  ...
# Subtest: text raster plan includes italic overhang and unusually tall combining-mark ink
ok 570 - text raster plan includes italic overhang and unusually tall combining-mark ink
  ---
  duration_ms: 0.299972
  type: 'test'
  ...
# Subtest: text tiles cover large lines exactly without requiring an oversized canvas
ok 571 - text tiles cover large lines exactly without requiring an oversized canvas
  ---
  duration_ms: 0.457218
  type: 'test'
  ...
# Subtest: device-phase raster destinations land on the original physical pixel grid
ok 572 - device-phase raster destinations land on the original physical pixel grid
  ---
  duration_ms: 0.30534
  type: 'test'
  ...
# Subtest: rotated or sheared text uses the largest affine stretch rather than device DPR alone
ok 573 - rotated or sheared text uses the largest affine stretch rather than device DPR alone
  ---
  duration_ms: 0.087291
  type: 'test'
  ...
# Subtest: invalid raster sizes fail explicitly before allocation
ok 574 - invalid raster sizes fail explicitly before allocation
  ---
  duration_ms: 0.133731
  type: 'test'
  ...
# Subtest: wide fallback paragraph wrapping searches break candidates instead of every prefix
ok 575 - wide fallback paragraph wrapping searches break candidates instead of every prefix
  ---
  duration_ms: 54.949707
  type: 'test'
  ...
# Subtest: fallback ellipsis binary search never splits a grapheme and avoids a quadratic scan
ok 576 - fallback ellipsis binary search never splits a grapheme and avoids a quadratic scan
  ---
  duration_ms: 9.4059
  type: 'test'
  ...
# Subtest: WrapWithOverflow preserves an unbreakable word while Wrap can split it
ok 577 - WrapWithOverflow preserves an unbreakable word while Wrap can split it
  ---
  duration_ms: 0.493242
  type: 'test'
  ...
# Subtest: font metrics establish stable baselines; combining ink does not move line spacing
ok 578 - font metrics establish stable baselines; combining ink does not move line spacing
  ---
  duration_ms: 1.813009
  type: 'test'
  ...
# Subtest: viewport and caret line lookup are logarithmic for a 10000-line document
ok 579 - viewport and caret line lookup are logarithmic for a 10000-line document
  ---
  duration_ms: 21.424424
  type: 'test'
  ...
# Subtest: line aggregation handles documents beyond the JavaScript argument-count limit
ok 580 - line aggregation handles documents beyond the JavaScript argument-count limit
  ---
  duration_ms: 97.231788
  type: 'test'
  ...
# Subtest: MaxLines stops shaping invisible paragraphs after one overflow sentinel
ok 581 - MaxLines stops shaping invisible paragraphs after one overflow sentinel
  ---
  duration_ms: 4.052725
  type: 'test'
  ...
# Subtest: MaxLines with wrapped overflow still marks and fits the ellipsis
ok 582 - MaxLines with wrapped overflow still marks and fits the ellipsis
  ---
  duration_ms: 13.865812
  type: 'test'
  ...
# Subtest: FormattedText retains a borrowed layout and invalidates on brush/font/width changes
ok 583 - FormattedText retains a borrowed layout and invalidates on brush/font/width changes
  ---
  duration_ms: 3.999301
  type: 'test'
  ...
# Subtest: uncacheable rich/feature descriptors still have bounded layout ownership
ok 584 - uncacheable rich/feature descriptors still have bounded layout ownership
  ---
  duration_ms: 0.61759
  type: 'test'
  ...
# Subtest: z-order snapshots are reused and invalidate for values, add/remove and public reorder
ok 585 - z-order snapshots are reused and invalidate for values, add/remove and public reorder
  ---
  duration_ms: 3.521001
  type: 'test'
  ...
# Subtest: typeface descriptors are retained and external mutations do not alter control properties
ok 586 - typeface descriptors are retained and external mutations do not alter control properties
  ---
  duration_ms: 0.832262
  type: 'test'
  ...
# Subtest: scrollbars expose correct automation role/range and automation changes scroll the owner
ok 587 - scrollbars expose correct automation role/range and automation changes scroll the owner
  ---
  duration_ms: 6.314286
  type: 'test'
  ...
# Subtest: wheel mode is sampled before delta values
ok 588 - wheel mode is sampled before delta values
  ---
  duration_ms: 0.968988
  type: 'test'
  ...
# Subtest: deep document caret positions segment only the touched line and preserve CRLF ties
ok 589 - deep document caret positions segment only the touched line and preserve CRLF ties
  ---
  duration_ms: 40.153016
  type: 'test'
  ...
# Subtest: FormattedText culture and disposed borrowed layouts invalidate safely
ok 590 - FormattedText culture and disposed borrowed layouts invalidate safely
  ---
  duration_ms: 0.363557
  type: 'test'
  ...
# Subtest: default scalar content updates retain the owned TextBlock presenter
ok 591 - default scalar content updates retain the owned TextBlock presenter
  ---
  duration_ms: 1.66676
  type: 'test'
  ...
# Subtest: implicit and explicit templates never inherit the default scalar presenter fast path
ok 592 - implicit and explicit templates never inherit the default scalar presenter fast path
  ---
  duration_ms: 0.822909
  type: 'test'
  ...
# Subtest: threading: binary round-trip retains UTF8, floating values, typed buffers and isolated ownership
ok 593 - threading: binary round-trip retains UTF8, floating values, typed buffers and isolated ownership
  ---
  duration_ms: 2.432613
  type: 'test'
  ...
# Subtest: threading: malformed protocol, cycles, dangerous keys and unsupported functions fail closed
ok 594 - threading: malformed protocol, cycles, dangerous keys and unsupported functions fail closed
  ---
  duration_ms: 0.534765
  type: 'test'
  ...
# Subtest: threading: buffer pool is byte bounded and never reuses transferred detached memory
ok 595 - threading: buffer pool is byte bounded and never reuses transferred detached memory
  ---
  duration_ms: 0.206802
  type: 'test'
  ...
# Subtest: threading: backpressure computes the next delta from acknowledged state, preserving prerequisite objects
ok 596 - threading: backpressure computes the next delta from acknowledged state, preserving prerequisite objects
  ---
  duration_ms: 0.299341
  type: 'test'
  ...
# Subtest: threading: clean scene capture does not call Control.Render and placement changes do not rerecord content
ok 597 - threading: clean scene capture does not call Control.Render and placement changes do not rerecord content
  ---
  duration_ms: 6.040163
  type: 'test'
  ...
# Subtest: threading: server applies a portable gradient/text scene without accessing UI controls
ok 598 - threading: server applies a portable gradient/text scene without accessing UI controls
  ---
  duration_ms: 13.169903
  type: 'test'
  ...
# Subtest: threading: invalid graph and sequence are rejected without changing the committed scene
ok 599 - threading: invalid graph and sequence are rejected without changing the committed scene
  ---
  duration_ms: 1.28881
  type: 'test'
  ...
# Subtest: threading: server materializes primitive visual defaults and ticks keyframes without UI access
ok 600 - threading: server materializes primitive visual defaults and ticks keyframes without UI access
  ---
  duration_ms: 5.516545
  type: 'test'
  ...
# Subtest: threading: all node arguments are prepared before scene mutation
ok 601 - threading: all node arguments are prepared before scene mutation
  ---
  duration_ms: 1.784116
  type: 'test'
  ...
# Subtest: threading: delta references cannot delete a still-live resource
ok 602 - threading: delta references cannot delete a still-live resource
  ---
  duration_ms: 1.411224
  type: 'test'
  ...
# Subtest: threading: an unrecorded composition mutation cannot receive an early processed acknowledgement
ok 603 - threading: an unrecorded composition mutation cannot receive an early processed acknowledgement
  ---
  duration_ms: 0.605382
  type: 'test'
  ...
# Subtest: threading: semantic projection emits incremental mutations and preserves node identity
ok 604 - threading: semantic projection emits incremental mutations and preserves node identity
  ---
  duration_ms: 0.453202
  type: 'test'
  ...
# Subtest: threading: control RPC transfers buffers and rejects unknown operations
ok 605 - threading: control RPC transfers buffers and rejects unknown operations
  ---
  duration_ms: 48.739992
  type: 'test'
  ...
# Subtest: threading: control RPC is bounded and rejects pending work on disposal
ok 606 - threading: control RPC is bounded and rejects pending work on disposal
  ---
  duration_ms: 0.348655
  type: 'test'
  ...
# Subtest: threading: ellipse replay preserves center and both radii without per-frame argument arrays
ok 607 - threading: ellipse replay preserves center and both radii without per-frame argument arrays
  ---
  duration_ms: 0.238619
  type: 'test'
  ...
# Subtest: threading: compositor scroll acknowledgement reconciles sequenced deltas once
ok 608 - threading: compositor scroll acknowledgement reconciles sequenced deltas once
  ---
  duration_ms: 0.615346
  type: 'test'
  ...
# Subtest: threading: virtual scroll coverage prevents speculative blank rows and rejects duplicate events
ok 609 - threading: virtual scroll coverage prevents speculative blank rows and rejects duplicate events
  ---
  duration_ms: 0.146981
  type: 'test'
  ...
# Subtest: threading: scroll fast path maps CSS delta modes and updates header and thumb transforms
ok 610 - threading: scroll fast path maps CSS delta modes and updates header and thumb transforms
  ---
  duration_ms: 0.154613
  type: 'test'
  ...
# Subtest: threading: scroll queues are bounded and removed policies cannot retain input
ok 611 - threading: scroll queues are bounded and removed policies cannot retain input
  ---
  duration_ms: 16.585259
  type: 'test'
  ...
# Subtest: threading: fast-scroll policy is explicit and excludes editor, rotated or animated content
ok 612 - threading: fast-scroll policy is explicit and excludes editor, rotated or animated content
  ---
  duration_ms: 7.895226
  type: 'test'
  ...
# Subtest: threading: custom worker messages are queued before connection and acknowledgement trims only consumed messages
ok 613 - threading: custom worker messages are queued before connection and acknowledgement trims only consumed messages
  ---
  duration_ms: 2.403529
  type: 'test'
  ...
# Subtest: threading: registered worker custom handler receives durable state and messages only on server
ok 614 - threading: registered worker custom handler receives durable state and messages only on server
  ---
  duration_ms: 8.626397
  type: 'test'
  ...
# Subtest: threading: a burst of pre-capture composition waits shares one bounded promise
ok 615 - threading: a burst of pre-capture composition waits shares one bounded promise
  ---
  duration_ms: 0.667294
  type: 'test'
  ...
# Subtest: threading: concurrent render RPCs are bounded after initialization and reject on failure
ok 616 - threading: concurrent render RPCs are bounded after initialization and reject on failure
  ---
  duration_ms: 0.392991
  type: 'test'
  ...
# Subtest: threading: clean off-tree VisualBrush retains every nested descendant and tracks changed ink
ok 617 - threading: clean off-tree VisualBrush retains every nested descendant and tracks changed ink
  ---
  duration_ms: 5.995956
  type: 'test'
  ...
# Subtest: property cache: repeated inherited reads do not resolve metadata or priorities again
ok 618 - property cache: repeated inherited reads do not resolve metadata or priorities again
  ---
  duration_ms: 5.494662
  type: 'test'
  ...
# Subtest: property cache: parent handlers immediately observe fresh descendant values
ok 619 - property cache: parent handlers immediately observe fresh descendant values
  ---
  duration_ms: 0.852984
  type: 'test'
  ...
# Subtest: property cache: reparent notifications see all newly inherited descendant properties
ok 620 - property cache: reparent notifications see all newly inherited descendant properties
  ---
  duration_ms: 1.428641
  type: 'test'
  ...
# Subtest: property cache: local shadows isolate their descendants and ClearValue reconnects inheritance
ok 621 - property cache: local shadows isolate their descendants and ClearValue reconnects inheritance
  ---
  duration_ms: 0.618661
  type: 'test'
  ...
# Subtest: property cache: priority removal, animation base values and same-priority order remain correct
ok 622 - property cache: priority removal, animation base values and same-priority order remain correct
  ---
  duration_ms: 0.548255
  type: 'test'
  ...
# Subtest: property cache: changing the order on an existing slot invalidates its winning entry
ok 623 - property cache: changing the order on an existing slot invalidates its winning entry
  ---
  duration_ms: 0.480293
  type: 'test'
  ...
# Subtest: property cache: observable bindings replace cached values and dispose without stale roots
ok 624 - property cache: observable bindings replace cached values and dispose without stale roots
  ---
  duration_ms: 1.032294
  type: 'test'
  ...
# Subtest: property cache: coerced values are never frozen, including through inherited nodes
ok 625 - property cache: coerced values are never frozen, including through inherited nodes
  ---
  duration_ms: 0.4917
  type: 'test'
  ...
# Subtest: property cache: direct getters continue to execute on every read
ok 626 - property cache: direct getters continue to execute on every read
  ---
  duration_ms: 0.322055
  type: 'test'
  ...
# Subtest: property cache: null, undefined, NaN and per-instance factories preserve value semantics
ok 627 - property cache: null, undefined, NaN and per-instance factories preserve value semantics
  ---
  duration_ms: 0.540123
  type: 'test'
  ...
# Subtest: property cache: metadata override invalidates already cached derived defaults
ok 628 - property cache: metadata override invalidates already cached derived defaults
  ---
  duration_ms: 0.197988
  type: 'test'
  ...
# Subtest: property cache: AddOwner and newly registered inherited properties invalidate lookup inventories
ok 629 - property cache: AddOwner and newly registered inherited properties invalidate lookup inventories
  ---
  duration_ms: 0.682517
  type: 'test'
  ...
# Subtest: property cache: metadata can disable inheritance for a derived node and its descendants
ok 630 - property cache: metadata can disable inheritance for a derived node and its descendants
  ---
  duration_ms: 0.612071
  type: 'test'
  ...
# Subtest: property cache: disposed objects release retained resolved entries and factories
ok 631 - property cache: disposed objects release retained resolved entries and factories
  ---
  duration_ms: 0.427814
  type: 'test'
  ...
# Subtest: layout: a batch of leaf arrange invalidations reaches the root only once
ok 632 - layout: a batch of leaf arrange invalidations reaches the root only once
  ---
  duration_ms: 4.739375
  type: 'test'
  ...
# Subtest: layout: a batch of leaf measure invalidations reaches the root only once
ok 633 - layout: a batch of leaf measure invalidations reaches the root only once
  ---
  duration_ms: 1.052574
  type: 'test'
  ...
# Subtest: layout: invalidation raised inside ArrangeOverride is not overwritten
ok 634 - layout: invalidation raised inside ArrangeOverride is not overwritten
  ---
  duration_ms: 1.111944
  type: 'test'
  ...
# Subtest: layout: identity-transform translations are cached but track bounds and nonidentity transforms
ok 635 - layout: identity-transform translations are cached but track bounds and nonidentity transforms
  ---
  duration_ms: 0.458931
  type: 'test'
  ...
# Subtest: table: steady-state disjoint viewport jumps keep row/cell/text visual identities attached
ok 636 - table: steady-state disjoint viewport jumps keep row/cell/text visual identities attached
  ---
  duration_ms: 72.397946
  type: 'test'
  ...
# Subtest: table: recycled scalar bindings unsubscribe old rows and observe their new row
ok 637 - table: recycled scalar bindings unsubscribe old rows and observe their new row
  ---
  duration_ms: 43.596539
  type: 'test'
  ...
# Subtest: table: visible-column cache updates for visibility, replacement and order changes
ok 638 - table: visible-column cache updates for visibility, replacement and order changes
  ---
  duration_ms: 25.120649
  type: 'test'
  ...
# Subtest: table: custom data templates still rebuild and dispose obsolete instances
ok 639 - table: custom data templates still rebuild and dispose obsolete instances
  ---
  duration_ms: 0.792523
  type: 'test'
  ...
# Subtest: render transform: caller mutation cannot poison a cached translation
ok 640 - render transform: caller mutation cannot poison a cached translation
  ---
  duration_ms: 0.2459
  type: 'test'
  ...
# Subtest: button command: parameter and CanExecute notifications invalidate automation state
ok 641 - button command: parameter and CanExecute notifications invalidate automation state
  ---
  duration_ms: 1.530304
  type: 'test'
  ...
# Subtest: editor: masking and read-only changes synchronize the existing native input without a text edit
ok 642 - editor: masking and read-only changes synchronize the existing native input without a text edit
  ---
  duration_ms: 2.914577
  type: 'test'
  ...
# Subtest: Avalonia text raster compatibility exports are the actual upstream functions
ok 643 - Avalonia text raster compatibility exports are the actual upstream functions
  ---
  duration_ms: 1.150011
  type: 'test'
  ...
# Subtest: text module matches the merged upstream Git blob and consumer pins that exact revision
ok 644 - text module matches the merged upstream Git blob and consumer pins that exact revision
  ---
  duration_ms: 8.067569
  type: 'test'
  ...
# Subtest: shared clipped text planning is proportional to the viewport, not line length
ok 645 - shared clipped text planning is proportional to the viewport, not line length
  ---
  duration_ms: 0.586934
  type: 'test'
  ...
# Subtest: worker native perf: device clips are reused through transform-only state changes
ok 646 - worker native perf: device clips are reused through transform-only state changes
  ---
  duration_ms: 14.983768
  type: 'test'
  ...
# Subtest: worker native perf: nested clip and layer changes refresh only at the relevant scope
ok 647 - worker native perf: nested clip and layer changes refresh only at the relevant scope
  ---
  duration_ms: 5.34712
  type: 'test'
  ...
# Subtest: worker native perf: direct native mutation is uncached by default and explicit invalidation is honored
ok 648 - worker native perf: direct native mutation is uncached by default and explicit invalidation is honored
  ---
  duration_ms: 0.477179
  type: 'test'
  ...
# Subtest: worker native perf: cached clip state preserves RGBA through transforms clips opacity geometry and effects
ok 649 - worker native perf: cached clip state preserves RGBA through transforms clips opacity geometry and effects
  ---
  duration_ms: 12.429022
  type: 'test'
  ...
# Subtest: worker perf: packet-local UTF8 dictionary eliminates repeated field and value encoding
ok 650 - worker perf: packet-local UTF8 dictionary eliminates repeated field and value encoding
  ---
  duration_ms: 15.526092
  type: 'test'
  ...
# Subtest: worker perf: string definitions encode into destination storage without temporary encode arrays
ok 651 - worker perf: string definitions encode into destination storage without temporary encode arrays
  ---
  duration_ms: 0.309886
  type: 'test'
  ...
# Subtest: worker perf: dictionary scope is one transaction including transfer-buffer reuse
ok 652 - worker perf: dictionary scope is one transaction including transfer-buffer reuse
  ---
  duration_ms: 0.209535
  type: 'test'
  ...
# Subtest: worker perf: strings preserve Unicode and standard lone-surrogate replacement
ok 653 - worker perf: strings preserve Unicode and standard lone-surrogate replacement
  ---
  duration_ms: 0.31849
  type: 'test'
  ...
# Subtest: worker perf: inline string encoding respects an exact small byte budget
ok 654 - worker perf: inline string encoding respects an exact small byte budget
  ---
  duration_ms: 0.422065
  type: 'test'
  ...
# Subtest: worker perf: invalid and forward dictionary references fail closed
ok 655 - worker perf: invalid and forward dictionary references fail closed
  ---
  duration_ms: 0.189295
  type: 'test'
  ...
# Subtest: worker perf: malformed UTF8 and truncated dictionary payloads fail closed
ok 656 - worker perf: malformed UTF8 and truncated dictionary payloads fail closed
  ---
  duration_ms: 0.250267
  type: 'test'
  ...
# Subtest: worker perf: v1 transaction reading remains available for recorded diagnostics
ok 657 - worker perf: v1 transaction reading remains available for recorded diagnostics
  ---
  duration_ms: 0.161093
  type: 'test'
  ...
# Subtest: worker perf: non-string reference identity is never shared by the dictionary
ok 658 - worker perf: non-string reference identity is never shared by the dictionary
  ---
  duration_ms: 0.427493
  type: 'test'
  ...
# Subtest: worker perf: deterministic nested Unicode/typed-array corpus roundtrips
ok 659 - worker perf: deterministic nested Unicode/typed-array corpus roundtrips
  ---
  duration_ms: 1.498176
  type: 'test'
  ...
# Subtest: worker perf: deeply repeated objects still respect nesting and key safety
ok 660 - worker perf: deeply repeated objects still respect nesting and key safety
  ---
  duration_ms: 0.636518
  type: 'test'
  ...
# Subtest: worker perf: placement-only patches omit retained drawing instructions and resource metadata
ok 661 - worker perf: placement-only patches omit retained drawing instructions and resource metadata
  ---
  duration_ms: 11.430849
  type: 'test'
  ...
# Subtest: worker perf: pending patches are rebased against ACK, not an intermediate desired state
ok 662 - worker perf: pending patches are rebased against ACK, not an intermediate desired state
  ---
  duration_ms: 0.364459
  type: 'test'
  ...
# Subtest: worker perf: patch rejects missing target without mutating scene
ok 663 - worker perf: patch rejects missing target without mutating scene
  ---
  duration_ms: 2.305681
  type: 'test'
  ...
# Subtest: worker perf: patch rejects Id replacement without mutating scene
ok 664 - worker perf: patch rejects Id replacement without mutating scene
  ---
  duration_ms: 1.969025
  type: 'test'
  ...
# Subtest: worker perf: patch rejects unknown field without mutating scene
ok 665 - worker perf: patch rejects unknown field without mutating scene
  ---
  duration_ms: 2.372071
  type: 'test'
  ...
# Subtest: worker perf: patch rejects prototype member without mutating scene
ok 666 - worker perf: patch rejects prototype member without mutating scene
  ---
  duration_ms: 2.002225
  type: 'test'
  ...
# Subtest: worker perf: conflicting patch/remove operations and patches in full snapshots are rejected
ok 667 - worker perf: conflicting patch/remove operations and patches in full snapshots are rejected
  ---
  duration_ms: 1.57439
  type: 'test'
  ...
# Subtest: worker perf: patched commands are checked even when content revision is unchanged
ok 668 - worker perf: patched commands are checked even when content revision is unchanged
  ---
  duration_ms: 1.376222
  type: 'test'
  ...
# Subtest: worker perf: changed native descriptors fail before committed state is replaced
ok 669 - worker perf: changed native descriptors fail before committed state is replaced
  ---
  duration_ms: 1.622283
  type: 'test'
  ...
# Subtest: worker perf: removal revalidates cached references of untouched display lists
ok 670 - worker perf: removal revalidates cached references of untouched display lists
  ---
  duration_ms: 1.668902
  type: 'test'
  ...
# Subtest: worker perf: placement-only transaction does not repeat graph validation
ok 671 - worker perf: placement-only transaction does not repeat graph validation
  ---
  duration_ms: 1.645277
  type: 'test'
  ...
# Subtest: worker perf: cached descriptors are immutable, including nested clip arrays
ok 672 - worker perf: cached descriptors are immutable, including nested clip arrays
  ---
  duration_ms: 1.055069
  type: 'test'
  ...
# Subtest: worker perf: cycle inserted by a patch is rejected after prior topology was cached
ok 673 - worker perf: cycle inserted by a patch is rejected after prior topology was cached
  ---
  duration_ms: 1.30191
  type: 'test'
  ...
# Subtest: worker perf: actual resource references participate in cycle checks even without declared Depends
ok 674 - worker perf: actual resource references participate in cycle checks even without declared Depends
  ---
  duration_ms: 1.393247
  type: 'test'
  ...
# Subtest: worker perf: retained reference summaries handle deep shared descriptors without rescanning
ok 675 - worker perf: retained reference summaries handle deep shared descriptors without rescanning
  ---
  duration_ms: 2.037497
  type: 'test'
  ...
# Subtest: worker perf: off-tree VisualBrush in a TEXT RESOURCE stays live and invalidates independently
ok 676 - worker perf: off-tree VisualBrush in a TEXT RESOURCE stays live and invalidates independently
  ---
  duration_ms: 2.467865
  type: 'test'
  ...
# Subtest: worker perf: equal independent text layouts share one immutable resource
ok 677 - worker perf: equal independent text layouts share one immutable resource
  ---
  duration_ms: 0.303968
  type: 'test'
  ...
# Subtest: worker perf: text resource interning preserves width, color, typeface and spacing differences
ok 678 - worker perf: text resource interning preserves width, color, typeface and spacing differences
  ---
  duration_ms: 1.049129
  type: 'test'
  ...
# Subtest: worker perf: one shared-resource owner changing revision cannot overwrite another owner
ok 679 - worker perf: one shared-resource owner changing revision cannot overwrite another owner
  ---
  duration_ms: 0.173431
  type: 'test'
  ...
# Subtest: worker perf: shared text is retained until its last visible consumer is gone
ok 680 - worker perf: shared text is retained until its last visible consumer is gone
  ---
  duration_ms: 3.862685
  type: 'test'
  ...
# Subtest: worker perf: no-editor acknowledgement traffic is suppressed but focus/editor updates are not
ok 681 - worker perf: no-editor acknowledgement traffic is suppressed but focus/editor updates are not
  ---
  duration_ms: 0.347263
  type: 'test'
  ...
# Subtest: worker perf: key/focus event forwarding does not force a canvas layout read
ok 682 - worker perf: key/focus event forwarding does not force a canvas layout read
  ---
  duration_ms: 0.258619
  type: 'test'
  ...
# Subtest: worker perf: submitted/frame duplicate notification projects state once but acknowledges credit
ok 683 - worker perf: submitted/frame duplicate notification projects state once but acknowledges credit
  ---
  duration_ms: 0.568266
  type: 'test'
  ...
# Subtest: worker perf: exact identity transforms skip native state operations without losing ink
ok 684 - worker perf: exact identity transforms skip native state operations without losing ink
  ---
  duration_ms: 1.522512
  type: 'test'
  ...
# Subtest: bootstrap installs message handler synchronously without importing the runtime
ok 685 - bootstrap installs message handler synchronously without importing the runtime
  ---
  duration_ms: 0.988459
  type: 'test'
  ...
# Subtest: bootstrap owns the original transferred objects before top-level await resolves
ok 686 - bootstrap owns the original transferred objects before top-level await resolves
  ---
  duration_ms: 4.325919
  type: 'test'
  ...
# Subtest: duplicate initialize is ignored while graph is suspended and after ready
ok 687 - duplicate initialize is ignored while graph is suspended and after ready
  ---
  duration_ms: 0.479862
  type: 'test'
  ...
# Subtest: non-initialization messages do not trigger graph import or allocate a queue
ok 688 - non-initialization messages do not trigger graph import or allocate a queue
  ---
  duration_ms: 0.473092
  type: 'test'
  ...
# Subtest: bootstrap reports sync-import and closes instead of timing out
ok 689 - bootstrap reports sync-import and closes instead of timing out
  ---
  duration_ms: 0.826114
  type: 'test'
  ...
# Subtest: bootstrap reports async-import and closes instead of timing out
ok 690 - bootstrap reports async-import and closes instead of timing out
  ---
  duration_ms: 1.324484
  type: 'test'
  ...
# Subtest: bootstrap reports missing-export and closes instead of timing out
ok 691 - bootstrap reports missing-export and closes instead of timing out
  ---
  duration_ms: 0.969209
  type: 'test'
  ...
# Subtest: bootstrap reports entry-rejection and closes instead of timing out
ok 692 - bootstrap reports entry-rejection and closes instead of timing out
  ---
  duration_ms: 0.769398
  type: 'test'
  ...
# Subtest: startup stage notifications remain ordered while the entry is awaiting work
ok 693 - startup stage notifications remain ordered while the entry is awaiting work
  ---
  duration_ms: 1.36847
  type: 'test'
  ...
# Subtest: production entry generation embeds bootstrap instead of statically importing asynchronous dependencies
ok 694 - production entry generation embeds bootstrap instead of statically importing asynchronous dependencies
  ---
  duration_ms: 2.90269
  type: 'test'
  ...
# Subtest: render-worker bootstrap failure does not attempt to reuse or retransfer its canvas
ok 695 - render-worker bootstrap failure does not attempt to reuse or retransfer its canvas
  ---
  duration_ms: 2.242607
  type: 'test'
  ...
# Subtest: disposing a not-yet-ready renderer settles initialization instead of leaving a pending promise
ok 696 - disposing a not-yet-ready renderer settles initialization instead of leaving a pending promise
  ---
  duration_ms: 0.889158
  type: 'test'
  ...
# Subtest: XAML explicit constructor overloads preserve argument types in runtime and direct AOT
ok 697 - XAML explicit constructor overloads preserve argument types in runtime and direct AOT
  ---
  duration_ms: 10.601921
  type: 'test'
  ...
# Subtest: XAML registered factories receive optional and variadic arguments without eval
ok 698 - XAML registered factories receive optional and variadic arguments without eval
  ---
  duration_ms: 3.606074
  type: 'test'
  ...
# Subtest: XAML generic factories cache closed types and typed arrays reject incompatible elements
ok 699 - XAML generic factories cache closed types and typed arrays reject incompatible elements
  ---
  duration_ms: 8.776563
  type: 'test'
  ...
# Subtest: XAML array resources remain keyed and nested object arguments do not become RootObject
ok 700 - XAML array resources remain keyed and nested object arguments do not become RootObject
  ---
  duration_ms: 5.136193
  type: 'test'
  ...
# Subtest: XAML failure disposes constructed objects once in both execution paths
ok 701 - XAML failure disposes constructed objects once in both execution paths
  ---
  duration_ms: 2.063046
  type: 'test'
  ...
# Subtest: overload ambiguity, nullability and numeric validation are explicit
ok 702 - overload ambiguity, nullability and numeric validation are explicit
  ---
  duration_ms: 1.236481
  type: 'test'
  ...
# Subtest: XAML duplicate constructor directives and missing generic arity fail before silent defaults
ok 703 - XAML duplicate constructor directives and missing generic arity fail before silent defaults
  ---
  duration_ms: 0.937761
  type: 'test'
  ...
# Subtest: XAML runtime: target property, root, scoped names, URI and type resolver are real services
ok 704 - XAML runtime: target property, root, scoped names, URI and type resolver are real services
  ---
  duration_ms: 6.569761
  type: 'test'
  ...
# Subtest: XAML runtime: nested named extensions see their immediate outer extension and property
ok 705 - XAML runtime: nested named extensions see their immediate outer extension and property
  ---
  duration_ms: 1.178504
  type: 'test'
  ...
# Subtest: XAML runtime: xml:base is nested and restored for siblings; retained service snapshots do not change
ok 706 - XAML runtime: xml:base is nested and restored for siblings; retained service snapshots do not change
  ---
  duration_ms: 1.937146
  type: 'test'
  ...
# Subtest: XAML runtime: unknown services delegate and explicit Map entries preserve false and null
ok 707 - XAML runtime: unknown services delegate and explicit Map entries preserve false and null
  ---
  duration_ms: 0.886124
  type: 'test'
  ...
# Subtest: XAML runtime: object-element extensions get actual attached-property target
ok 708 - XAML runtime: object-element extensions get actual attached-property target
  ---
  duration_ms: 1.134167
  type: 'test'
  ...
# Subtest: XAML runtime: a custom namespace Binding name is not hijacked by built-in binding
ok 709 - XAML runtime: a custom namespace Binding name is not hijacked by built-in binding
  ---
  duration_ms: 1.480279
  type: 'test'
  ...
# Subtest: XAML runtime: inherited CompileBindings honors order, false scopes and explicit ReflectionBinding
ok 710 - XAML runtime: inherited CompileBindings honors order, false scopes and explicit ReflectionBinding
  ---
  duration_ms: 5.402484
  type: 'test'
  ...
# Subtest: XAML runtime: inherited typed compiled binding rejects unknown members instead of silently reflecting
ok 711 - XAML runtime: inherited typed compiled binding rejects unknown members instead of silently reflecting
  ---
  duration_ms: 1.065104
  type: 'test'
  ...
# Subtest: XAML runtime: deferred template distinguishes original file root and intermediate template root
ok 712 - XAML runtime: deferred template distinguishes original file root and intermediate template root
  ---
  duration_ms: 1.917777
  type: 'test'
  ...
# Subtest: XAML runtime: failed extension releases partial constructed graph exactly once
ok 713 - XAML runtime: failed extension releases partial constructed graph exactly once
  ---
  duration_ms: 0.91031
  type: 'test'
  ...
# Subtest: XAML runtime: asynchronous ProvideValue is rejected rather than assigning an unresolved Promise
ok 714 - XAML runtime: asynchronous ProvideValue is rejected rather than assigning an unresolved Promise
  ---
  duration_ms: 0.819194
  type: 'test'
  ...
# Subtest: XAML AOT: target property, root, scoped names, URI and type resolver are real services
ok 715 - XAML AOT: target property, root, scoped names, URI and type resolver are real services
  ---
  duration_ms: 7.019598
  type: 'test'
  ...
# Subtest: XAML AOT: nested named extensions see their immediate outer extension and property
ok 716 - XAML AOT: nested named extensions see their immediate outer extension and property
  ---
  duration_ms: 1.809204
  type: 'test'
  ...
# Subtest: XAML AOT: xml:base is nested and restored for siblings; retained service snapshots do not change
ok 717 - XAML AOT: xml:base is nested and restored for siblings; retained service snapshots do not change
  ---
  duration_ms: 2.684542
  type: 'test'
  ...
# Subtest: XAML AOT: unknown services delegate and explicit Map entries preserve false and null
ok 718 - XAML AOT: unknown services delegate and explicit Map entries preserve false and null
  ---
  duration_ms: 2.798252
  type: 'test'
  ...
# Subtest: XAML AOT: object-element extensions get actual attached-property target
ok 719 - XAML AOT: object-element extensions get actual attached-property target
  ---
  duration_ms: 1.692338
  type: 'test'
  ...
# Subtest: XAML AOT: a custom namespace Binding name is not hijacked by built-in binding
ok 720 - XAML AOT: a custom namespace Binding name is not hijacked by built-in binding
  ---
  duration_ms: 3.06222
  type: 'test'
  ...
# Subtest: XAML AOT: inherited CompileBindings honors order, false scopes and explicit ReflectionBinding
ok 721 - XAML AOT: inherited CompileBindings honors order, false scopes and explicit ReflectionBinding
  ---
  duration_ms: 3.318796
  type: 'test'
  ...
# Subtest: XAML AOT: inherited typed compiled binding rejects unknown members instead of silently reflecting
ok 722 - XAML AOT: inherited typed compiled binding rejects unknown members instead of silently reflecting
  ---
  duration_ms: 1.64083
  type: 'test'
  ...
# Subtest: XAML AOT: deferred template distinguishes original file root and intermediate template root
ok 723 - XAML AOT: deferred template distinguishes original file root and intermediate template root
  ---
  duration_ms: 2.022214
  type: 'test'
  ...
# Subtest: XAML AOT: failed extension releases partial constructed graph exactly once
ok 724 - XAML AOT: failed extension releases partial constructed graph exactly once
  ---
  duration_ms: 1.501731
  type: 'test'
  ...
# Subtest: XAML AOT: asynchronous ProvideValue is rejected rather than assigning an unresolved Promise
ok 725 - XAML AOT: asynchronous ProvideValue is rejected rather than assigning an unresolved Promise
  ---
  duration_ms: 1.537044
  type: 'test'
  ...
# Subtest: successful XAML context drops construction ownership arrays and rejects reuse
ok 726 - successful XAML context drops construction ownership arrays and rejects reuse
  ---
  duration_ms: 1.072154
  type: 'test'
  ...
# Subtest: XAML runtime: inherited DataType resolves at its declaring namespace, not a shadowed child prefix
ok 727 - XAML runtime: inherited DataType resolves at its declaring namespace, not a shadowed child prefix
  ---
  duration_ms: 1.092234
  type: 'test'
  ...
# Subtest: XAML AOT: inherited DataType resolves at its declaring namespace, not a shadowed child prefix
ok 728 - XAML AOT: inherited DataType resolves at its declaring namespace, not a shadowed child prefix
  ---
  duration_ms: 2.204519
  type: 'test'
  ...
# Subtest: XAML runtime: extension-local URI survives EndInit and attribute extension failure releases its instance
ok 729 - XAML runtime: extension-local URI survives EndInit and attribute extension failure releases its instance
  ---
  duration_ms: 1.119205
  type: 'test'
  ...
# Subtest: XAML AOT: extension-local URI survives EndInit and attribute extension failure releases its instance
ok 730 - XAML AOT: extension-local URI survives EndInit and attribute extension failure releases its instance
  ---
  duration_ms: 2.665744
  type: 'test'
  ...
# Subtest: XAML runtime: template-local directives override declaration scope without losing URI or typed context
ok 731 - XAML runtime: template-local directives override declaration scope without losing URI or typed context
  ---
  duration_ms: 1.414219
  type: 'test'
  ...
# Subtest: XAML AOT: template-local directives override declaration scope without losing URI or typed context
ok 732 - XAML AOT: template-local directives override declaration scope without losing URI or typed context
  ---
  duration_ms: 2.653555
  type: 'test'
  ...
# Subtest: XAML runtime: custom namespace DataTemplate is an ordinary registered object, not a deferred template
ok 733 - XAML runtime: custom namespace DataTemplate is an ordinary registered object, not a deferred template
  ---
  duration_ms: 0.985964
  type: 'test'
  ...
# Subtest: XAML AOT: custom namespace DataTemplate is an ordinary registered object, not a deferred template
ok 734 - XAML AOT: custom namespace DataTemplate is an ordinary registered object, not a deferred template
  ---
  duration_ms: 10.166235
  type: 'test'
  ...
# Subtest: XamlX transformer restores parent stack after a nested transformation failure
ok 735 - XamlX transformer restores parent stack after a nested transformation failure
  ---
  duration_ms: 0.632041
  type: 'test'
  ...
1..735
# tests 735
# suites 0
# pass 735
# fail 0
# cancelled 0
# skipped 0
# todo 0
# duration_ms 6826.106777

> avaloniaweb-workspace@0.6.2-alpha.1 build
> node scripts/build.mjs

Built race-free worker ESM entries and source application graph; native WASM is not duplicated.
Compiled 75 XAML modules. Static distribution: dist/

> avaloniaweb-workspace@0.6.2-alpha.1 verify:workers
> node scripts/verify-workers.mjs

{"Passed":true,"Files":548,"SourceFingerprint":"7b4bc184532ed25dc1fc929b9a40a03576b0e54f0142fd3aa6fed1cc5cf6e2ab","NativeWasm":"not duplicated","WorkerImportMaps":false}

> avaloniaweb-workspace@0.6.2-alpha.1 pack:all
> node scripts/pack.mjs

@wieslawsoltes/avalonia-animation: wieslawsoltes-avalonia-animation-0.6.2-alpha.1.tgz (6134 bytes)
@wieslawsoltes/avalonia: wieslawsoltes-avalonia-0.6.2-alpha.1.tgz (2568 bytes)
@wieslawsoltes/avalonia-base: wieslawsoltes-avalonia-base-0.6.2-alpha.1.tgz (16589 bytes)
@wieslawsoltes/avalonia-browser: wieslawsoltes-avalonia-browser-0.6.2-alpha.1.tgz (1448510 bytes)
@wieslawsoltes/avalonia-composition: wieslawsoltes-avalonia-composition-0.6.2-alpha.1.tgz (15368 bytes)
@wieslawsoltes/avalonia-controls: wieslawsoltes-avalonia-controls-0.6.2-alpha.1.tgz (73777 bytes)
@wieslawsoltes/avalonia-data: wieslawsoltes-avalonia-data-0.6.2-alpha.1.tgz (12902 bytes)
@wieslawsoltes/avalonia-diagnostics: wieslawsoltes-avalonia-diagnostics-0.6.2-alpha.1.tgz (2980 bytes)
@wieslawsoltes/avalonia-headless: wieslawsoltes-avalonia-headless-0.6.2-alpha.1.tgz (3107 bytes)
@wieslawsoltes/avalonia-markup-xaml: wieslawsoltes-avalonia-markup-xaml-0.6.2-alpha.1.tgz (12955 bytes)
@wieslawsoltes/avalonia-media: wieslawsoltes-avalonia-media-0.6.2-alpha.1.tgz (37532 bytes)
@wieslawsoltes/avalonia-opengl: wieslawsoltes-avalonia-opengl-0.6.2-alpha.1.tgz (5943 bytes)
@wieslawsoltes/avalonia-reactiveui: wieslawsoltes-avalonia-reactiveui-0.6.2-alpha.1.tgz (3646 bytes)
@wieslawsoltes/avalonia-rendering: wieslawsoltes-avalonia-rendering-0.6.2-alpha.1.tgz (30847 bytes)
@wieslawsoltes/avalonia-skia: wieslawsoltes-avalonia-skia-0.6.2-alpha.1.tgz (25197 bytes)
@wieslawsoltes/avalonia-styling: wieslawsoltes-avalonia-styling-0.6.2-alpha.1.tgz (10364 bytes)
@wieslawsoltes/avalonia-themes-fluent: wieslawsoltes-avalonia-themes-fluent-0.6.2-alpha.1.tgz (2911 bytes)
@wieslawsoltes/xamlx: wieslawsoltes-xamlx-0.6.2-alpha.1.tgz (10293 bytes)
Packed 18 packages; nothing published.

> avaloniaweb-workspace@0.6.2-alpha.1 test:packages
> node scripts/test-packages.mjs

{
  Passed: true,
  GlyphPathApis: true,
  ImplicitAnimationApis: true,
  Packages: 18,
  FacadeExports: 539,
  PublicRegistryInstalled: false,
  StartupSubpaths: true,
  CorePortApis: true,
  Version: '0.6.2-alpha.1',
  SourceFingerprint: '7b4bc184532ed25dc1fc929b9a40a03576b0e54f0142fd3aa6fed1cc5cf6e2ab',
  FinalSourceFingerprint: '7b4bc184532ed25dc1fc929b9a40a03576b0e54f0142fd3aa6fed1cc5cf6e2ab'
}
RUN native Skia catalog startup
PASS native Skia catalog startup
RUN catalog route Buttons
PASS catalog route Buttons
RUN catalog route ButtonSpinner
PASS catalog route ButtonSpinner
RUN catalog route CheckBox
PASS catalog route CheckBox
RUN catalog route ColorPicker
PASS catalog route ColorPicker
RUN catalog route ComboBox
PASS catalog route ComboBox
RUN catalog route NumericUpDown
PASS catalog route NumericUpDown
RUN catalog route RadioButton
PASS catalog route RadioButton
RUN catalog route Slider
PASS catalog route Slider
RUN catalog route ToggleSwitch
PASS catalog route ToggleSwitch
RUN catalog route AutoCompleteBox
PASS catalog route AutoCompleteBox
RUN catalog route Label
PASS catalog route Label
RUN catalog route TextBox
PASS catalog route TextBox
RUN catalog route TextBlock
PASS catalog route TextBlock
RUN catalog route Carousel
PASS catalog route Carousel
RUN catalog route ListBox
PASS catalog route ListBox
RUN catalog route PipsPager
PASS catalog route PipsPager
RUN catalog route RefreshContainer
PASS catalog route RefreshContainer
RUN catalog route TableView
PASS catalog route TableView
RUN catalog route TreeView
PASS catalog route TreeView
RUN catalog route Calendar
PASS catalog route Calendar
RUN catalog route CalendarDatePicker
PASS catalog route CalendarDatePicker
RUN catalog route DateTimePicker
PASS catalog route DateTimePicker
RUN catalog route CommandBar
PASS catalog route CommandBar
RUN catalog route ContextFlyout
PASS catalog route ContextFlyout
RUN catalog route ContextMenu
PASS catalog route ContextMenu
RUN catalog route Flyouts
PASS catalog route Flyouts
RUN catalog route Menu
PASS catalog route Menu
RUN catalog route CarouselPage
PASS catalog route CarouselPage
RUN catalog route ContentPage
PASS catalog route ContentPage
RUN catalog route DrawerPage
PASS catalog route DrawerPage
RUN catalog route NavigationPage
PASS catalog route NavigationPage
RUN catalog route SplitView
PASS catalog route SplitView
RUN catalog route TabbedPage
PASS catalog route TabbedPage
RUN catalog route TabControl
PASS catalog route TabControl
RUN catalog route TabStrip
PASS catalog route TabStrip
RUN catalog route Border
PASS catalog route Border
RUN catalog route Canvas
PASS catalog route Canvas
RUN catalog route ContainerQueries
PASS catalog route ContainerQueries
RUN catalog route Expander
PASS catalog route Expander
RUN catalog route FlexPanel
PASS catalog route FlexPanel
RUN catalog route HeaderedContentControl
PASS catalog route HeaderedContentControl
RUN catalog route LayoutTransformControl
PASS catalog route LayoutTransformControl
RUN catalog route RelativePanel
PASS catalog route RelativePanel
RUN catalog route ScrollViewer
PASS catalog route ScrollViewer
RUN catalog route Viewbox
PASS catalog route Viewbox
RUN catalog route WrapPanel
PASS catalog route WrapPanel
RUN catalog route Acrylic
PASS catalog route Acrylic
RUN catalog route BitmapCache
PASS catalog route BitmapCache
RUN catalog route Composition
PASS catalog route Composition
RUN catalog route CustomDrawing
PASS catalog route CustomDrawing
RUN catalog route Image
PASS catalog route Image
RUN catalog route OpenGL
PASS catalog route OpenGL
RUN catalog route OpenGLLease
PASS catalog route OpenGLLease
RUN catalog route OpenGLInterop
PASS catalog route OpenGLInterop
RUN catalog route TransitioningContentControl
PASS catalog route TransitioningContentControl
RUN catalog route AdornerLayer
PASS catalog route AdornerLayer
RUN catalog route DataValidation
PASS catalog route DataValidation
RUN catalog route Dialogs
PASS catalog route Dialogs
RUN catalog route Notifications
PASS catalog route Notifications
RUN catalog route ProgressBar
PASS catalog route ProgressBar
RUN catalog route ToolTip
PASS catalog route ToolTip
RUN catalog route Accelerator
PASS catalog route Accelerator
RUN catalog route Clipboard
PASS catalog route Clipboard
RUN catalog route Cursor
PASS catalog route Cursor
RUN catalog route DragDrop
PASS catalog route DragDrop
RUN catalog route Focus
PASS catalog route Focus
RUN catalog route Gestures
PASS catalog route Gestures
RUN catalog route Pointers
PASS catalog route Pointers
RUN catalog route NativeEmbed
PASS catalog route NativeEmbed
RUN catalog route PlatformInformation
PASS catalog route PlatformInformation
RUN catalog route PlatformSettings
PASS catalog route PlatformSettings
RUN catalog route Screens
PASS catalog route Screens
RUN catalog route ThemeVariants
PASS catalog route ThemeVariants
RUN catalog route WindowCustomizations
PASS catalog route WindowCustomizations
RUN pointer clicks execute genuine ReactiveWeb commands and update binding
PASS pointer clicks execute genuine ReactiveWeb commands and update binding
RUN browser textarea input, selection and two-way ReactiveWeb binding
PASS browser textarea input, selection and two-way ReactiveWeb binding
RUN pointer slider updates progress and numeric binding
PASS pointer slider updates progress and numeric binding
RUN 10,000-item ListBox keyboard selection and bounded realization
PASS 10,000-item ListBox keyboard selection and bounded realization
RUN retained ComboBox popup selection and dismissal
PASS retained ComboBox popup selection and dismissal
RUN calendar native painting and keyboard date navigation
PASS calendar native painting and keyboard date navigation
RUN TableView header sorting and pointer row selection
PASS TableView header sorting and pointer row selection
RUN flyout light dismissal releases retained popup
PASS flyout light dismissal releases retained popup
RUN theme change propagates dynamic resources
PASS theme change propagates dynamic resources
RUN live XAML compiler produces and instantiates a changed view
PASS live XAML compiler produces and instantiates a changed view
RUN NavigationPage push and pop retain correct stack
PASS NavigationPage push and pop retain correct stack
RUN trusted click opens a real browser window with its own Skia surface
PASS trusted click opens a real browser window with its own Skia surface
RUN browser modal owner disabling and result delivery
PASS browser modal owner disabling and result delivery
RUN RxJS-debounced catalog navigation filter
PASS RxJS-debounced catalog navigation filter
RUN container query style activation and removal through real slider input
PASS container query style activation and removal through real slider input
RUN native visual bitmap cache reuse and geometry invalidation
PASS native visual bitmap cache reuse and geometry invalidation
RUN acrylic native rendering and live material property invalidation
PASS acrylic native rendering and live material property invalidation
RUN composition clocks, expression animation, cancellation and route disposal
PASS composition clocks, expression animation, cancellation and route disposal
RUN native HTML input binding, focus traversal, clipping and deterministic removal
PASS native HTML input binding, focus traversal, clipping and deterministic removal
RUN browser editing preserves emoji ZWJ and combining grapheme boundaries
PASS browser editing preserves emoji ZWJ and combining grapheme boundaries
RUN browser composition-event bridge groups preedit into one undo transaction (synthetic IME)
PASS browser composition-event bridge groups preedit into one undo transaction (synthetic IME)
RUN read-only TableView realizes bounded real row and cell controls
PASS read-only TableView realizes bounded real row and cell controls
RUN CDP two-contact touch input drives pinch scale and releases capture
PASS CDP two-contact touch input drives pinch scale and releases capture
RUN CDP touch drag scrolls real ScrollViewer without clicking child buttons
PASS CDP touch drag scrolls real ScrollViewer without clicking child buttons
RUN CDP simultaneous contacts preserve independent button press and release
PASS CDP simultaneous contacts preserve independent button press and release
RUN CDP touch cancellation clears capture and pressed state without activation
PASS CDP touch cancellation clears capture and pressed state without activation
RUN real WebGL2 shader pixels transfer into native Skia
PASS real WebGL2 shader pixels transfer into native Skia
RUN WebGL leases restore state and reject simultaneous ownership
PASS WebGL leases restore state and reject simultaneous ownership
RUN WebGL context loss, restoration and disposal lifecycle
PASS WebGL context loss, restoration and disposal lifecycle
RUN Chromium accessibility tree exposes table hierarchy and actual grid cells
PASS Chromium accessibility tree exposes table hierarchy and actual grid cells
RUN accessibility activation respects enabled state and disposes old page nodes
PASS accessibility activation respects enabled state and disposes old page nodes
RUN automation password mirrors withhold values and preserve explicit accessible names
PASS automation password mirrors withhold values and preserve explicit accessible names
RUN focused password editing uses a protected native input and clears inactive buffers
PASS focused password editing uses a protected native input and clears inactive buffers
RUN navigation disposes prior page tree and leaves no popups
PASS navigation disposes prior page tree and leaves no popups
RUN no JavaScript page errors
PASS no JavaScript page errors
RUN no missing local assets
PASS no missing local assets
RUN no rendering errors during catalog sweep
PASS no rendering errors during catalog sweep
FINALIZE home
FINALIZE screenshot
FINALIZE dispose
FINALIZE context
FINALIZE browser
{"passed": 112, "failed": 0, "skipped": 0, "elapsedSeconds": 33.61}
PASS fractional origin / italic overhang / 1x 
PASS combining marks and browser shaping / 1x 
PASS letter spacing / 1x 
PASS fractional origin / italic overhang / 1.25x 
PASS combining marks and browser shaping / 1.25x 
PASS letter spacing / 1.25x 
PASS fractional origin / italic overhang / 1.5x 
PASS combining marks and browser shaping / 1.5x 
PASS letter spacing / 1.5x 
PASS fractional origin / italic overhang / 2x 
PASS combining marks and browser shaping / 2x 
PASS letter spacing / 2x 
PASS fractional origin / italic overhang / 3x 
PASS combining marks and browser shaping / 3x 
PASS letter spacing / 3x 
PASS nonuniform device scale preserves separate horizontal and vertical resolution 
PASS long shaped line crosses many independently cached tile boundaries 
PASS deep horizontal scrolling preserves phase and skips offscreen tile planning 
PASS 10000-line document paints only visible lines after deep vertical scrolling 
PASS ink-aware line culling preserves combining marks above their line boxes 
PASS overlapping combining marks retain isolated RGBA composition #335bb5 
PASS overlapping combining marks retain isolated RGBA composition rgba(51,91,181,0.5) 
PASS caret remains pixel-aligned and one nominal DIP / 1x 
PASS caret remains pixel-aligned and one nominal DIP / 1.25x 
PASS caret remains pixel-aligned and one nominal DIP / 1.5x 
PASS caret remains pixel-aligned and one nominal DIP / 2x 
PASS caret remains pixel-aligned and one nominal DIP / 3x 
PASS offscreen portions do not rasterize or upload 
PASS 1000 warm TextBlock redraws do not build layouts, rasterize, upload or measure 
{"Passed": 29, "Failed": 0, "PageErrors": [], "MissingAssets": []}
PASS ScrollViewer thumb receives actual mouse drag without selecting or clicking content
PASS ListBox thumb receives actual mouse drag without selecting or clicking content
PASS TreeView thumb receives actual mouse drag without selecting or clicking content
PASS TableView thumb receives actual mouse drag without selecting or clicking content
PASS TextBox thumb receives actual mouse drag without selecting or clicking content
PASS ScrollViewer horizontal thumb pans content and retains header/editor state
PASS ListBox horizontal thumb pans content and retains header/editor state
PASS TableView horizontal thumb pans content and retains header/editor state
PASS TextBox horizontal thumb pans content and retains header/editor state
PASS capture continues outside viewport and releases at the maximum
PASS track click advances one viewport instead of teleporting the thumb
PASS deferred drag previews only the thumb and commits on release
PASS DOM wheel pixels and Shift-wheel horizontal scrolling retain exact deltas
PASS wheel over either scrollbar uses the same pixel units as its content
PASS mouse scrollbar focus and accessibility range keyboard commands scroll the host
PASS Hidden still scrolls while Disabled rejects wheel input and clears offset
PASS editor content shrink clamps offsets and removes obsolete tracks
PASS disabling the scroll host during drag releases capture safely
PASS compact overlay thumb stays interactive above a full-size Button
PASS browser accessibility projection exposes a live scrollbar range
{"passed": 20, "failed": 0, "pageErrors": [], "missingAssets": [], "completed": true}
PASS ScrollViewer thumb receives actual mouse drag without selecting or clicking content
PASS ListBox thumb receives actual mouse drag without selecting or clicking content
PASS TreeView thumb receives actual mouse drag without selecting or clicking content
PASS TableView thumb receives actual mouse drag without selecting or clicking content
PASS TextBox thumb receives actual mouse drag without selecting or clicking content
PASS ScrollViewer horizontal thumb pans content and retains header/editor state
PASS ListBox horizontal thumb pans content and retains header/editor state
PASS TableView horizontal thumb pans content and retains header/editor state
PASS TextBox horizontal thumb pans content and retains header/editor state
PASS capture continues outside viewport and releases at the maximum
PASS track click advances one viewport instead of teleporting the thumb
PASS deferred drag previews only the thumb and commits on release
PASS DOM wheel pixels and Shift-wheel horizontal scrolling retain exact deltas
PASS wheel over either scrollbar uses the same pixel units as its content
PASS mouse scrollbar focus and accessibility range keyboard commands scroll the host
PASS Hidden still scrolls while Disabled rejects wheel input and clears offset
PASS editor content shrink clamps offsets and removes obsolete tracks
PASS disabling the scroll host during drag releases capture safely
PASS compact overlay thumb stays interactive above a full-size Button
PASS browser accessibility projection exposes a live scrollbar range
{"passed": 20, "failed": 0, "pageErrors": [], "missingAssets": [], "completed": true}
PASS warm paint does not rebuild or mutate accessibility DOM
PASS detached LabeledBy updates its consumer and releases replaced dependencies
PASS transitive and cyclic label relationships converge without stale names
PASS Control-valued content label remains live without replacing the button node
PASS visibility removes and restores complete automation subtrees
PASS raw nodes flatten descendants and preserve reorder identity
PASS command availability and parameter changes update aria-disabled
PASS inherited disabling refreshes descendant semantics
PASS focus projects editor semantics and transfers ownership between parents
PASS password conversion clears mirrored values and native plain-text buffers
PASS recycled table rows retain accessibility nodes with updated content
PASS explicit rendering consumes scheduled callbacks and settled UI stays idle
{"Passed": 12, "Failed": 0, "Completed": true, "PageErrors": [], "MissingAssets": []}
PASS source module startup, nonblank TableView and restart render-worker
PASS source module startup, nonblank TableView and restart full-isolation
PASS dist module startup, nonblank TableView and restart render-worker
PASS dist module startup, nonblank TableView and restart full-isolation
PASS nested module startup, nonblank TableView and restart render-worker
PASS nested module startup, nonblank TableView and restart full-isolation
PASS delayed top-level-await dependency render-worker
PASS automatic backend selection render-worker
PASS fail fast and release workers: render-worker/loader
PASS fail fast and release workers: render-worker/graph
PASS fail fast and release workers: render-worker/pending
PASS delayed top-level-await dependency full-isolation
PASS automatic backend selection full-isolation
PASS fail fast and release workers: full-isolation/loader
PASS fail fast and release workers: full-isolation/graph
PASS fail fast and release workers: full-isolation/pending
PASS invalid isolated application import releases both workers
{
  "Passed": 17,
  "Failed": 0,
  "Errors": [],
  "MissingAssets": [],
  "BlockedByBrowserPolicy": false
}
PASS source HTTP render-worker
PASS source HTTP full-isolation
PASS dist HTTP render-worker
PASS dist HTTP full-isolation
{
  "Passed": 4,
  "Failed": 0,
  "Errors": [],
  "MissingAssets": [],
  "BlockedByBrowserPolicy": false
}
PASS default 
PASS single 
PASS render-worker 
PASS full-isolation 
{"Variant": "optimized", "Trial": 0, "Passed": true, "ReadyMilliseconds": 714.2419289999964, "Requests": 294, "WasmRequests": 1, "AotBuilderRequests": 1, "MainResources": 21, "Browser": "143.0.7499.4", "PngBytes": 253250, "Errors": []}
{"Variant": "optimized", "Trial": 1, "Passed": true, "ReadyMilliseconds": 711.5245470000104, "Requests": 294, "WasmRequests": 1, "AotBuilderRequests": 1, "MainResources": 21, "Browser": "143.0.7499.4", "PngBytes": 253250, "Errors": []}
{"Variant": "optimized", "Trial": 2, "Passed": true, "ReadyMilliseconds": 777.0016679999969, "Requests": 294, "WasmRequests": 1, "AotBuilderRequests": 1, "MainResources": 21, "Browser": "143.0.7499.4", "PngBytes": 253250, "Errors": []}
PASS render-worker actual worker ownership
PASS full-isolation actual worker ownership
PASS single navigate TableView
PASS render-worker navigate TableView
PASS full-isolation navigate TableView
/home/runner/work/Weblonia/Weblonia/tests/threading-browser.py:59: DeprecationWarning: Image.Image.getdata is deprecated and will be removed in Pillow 14 (2027-10-15). Use get_flattened_data instead.
  actual=pixels(pages[mode],mode).crop((0,0,1200,865));diff=ImageChops.difference(reference,actual);maximum=max(v[1]for v in diff.getextrema());changed=sum(1 for px in diff.getdata()if max(px)>2)
PASS render-worker RGBA TableView
PASS full-isolation RGBA TableView
PASS single navigate TextBlock
PASS render-worker navigate TextBlock
PASS full-isolation navigate TextBlock
PASS render-worker RGBA TextBlock
PASS full-isolation RGBA TextBlock
PASS single navigate ScrollViewer
PASS render-worker navigate ScrollViewer
PASS full-isolation navigate ScrollViewer
PASS render-worker RGBA ScrollViewer
PASS full-isolation RGBA ScrollViewer
PASS single navigate Image
PASS render-worker navigate Image
PASS full-isolation navigate Image
PASS render-worker RGBA Image
PASS full-isolation RGBA Image
PASS single navigate Acrylic
PASS render-worker navigate Acrylic
PASS full-isolation navigate Acrylic
PASS render-worker RGBA Acrylic
PASS full-isolation RGBA Acrylic
PASS single navigate Composition
PASS render-worker navigate Composition
PASS full-isolation navigate Composition
PASS render-worker RGBA Composition
PASS full-isolation RGBA Composition
PASS single navigate BitmapCache
PASS render-worker navigate BitmapCache
PASS full-isolation navigate BitmapCache
PASS render-worker RGBA BitmapCache
PASS full-isolation RGBA BitmapCache
PASS three threads: animation continues through UI stall
PASS three threads: control query
{
  "Passed": 39,
  "Failed": 0,
  "Errors": [],
  "Missing": []
}
PASS isolated native text editing and grapheme-safe backward deletion
PASS focused edit switches to password without plaintext semantic exposure
PASS render clock and animation advance during a confirmed UI-worker stall
PASS compositor wheel scrolling continues during UI stall and reconciles exactly once
PASS virtual table fast scrolling respects realized-content coverage
PASS three threads vertical scrollbar routes real mouse capture
PASS three threads horizontal scrollbar routes real mouse capture
PASS registered native DOM module binds to UI-worker model and cleans up
PASS isolated renderer restart replaces canvas and rebuilds identical committed pixels
PASS native editor still works after renderer restart
PASS registered custom visual executes, acknowledges bounded messages and restores durable state
PASS 200 immediate state changes coalesce without losing final values or queuing scene deltas
PASS hidden target explicit flush completes without an idle render loop
PASS host resize reaches UI layout and the worker-owned backing canvas
PASS live browser platform preferences are forwarded into the UI worker
PASS worker-owned Window opens a real browser window with its own render worker
PASS real isolated modal window blocks owner and returns its exact result
PASS repeated native-ready windows release child hosts and independent WASM deliveries
PASS failed secondary bootstrap restores modal owner and leaves the next real window usable
{
  "Passed": 19,
  "Failed": 0,
  "Errors": [],
  "MissingAssets": []
}
/home/runner/work/Weblonia/Weblonia/tests/threading-quality.py:47: DeprecationWarning: Image.Image.getdata is deprecated and will be removed in Pillow 14 (2027-10-15). Use get_flattened_data instead.
  diff=ImageChops.difference(reference,actual);maximum=max(v[1]for v in diff.getextrema());bad=sum(1 for px in diff.getdata()if max(px)>2)
PASS render-worker browser-fonts 1.25x RGBA
PASS full-isolation browser-fonts 1.25x RGBA
PASS render-worker scrolled-editor 1.25x RGBA
PASS full-isolation scrolled-editor 1.25x RGBA
PASS render-worker native-fonts 1.25x RGBA
PASS full-isolation native-fonts 1.25x RGBA
PASS render-worker browser-fonts 2x RGBA
PASS full-isolation browser-fonts 2x RGBA
PASS render-worker scrolled-editor 2x RGBA
PASS full-isolation scrolled-editor 2x RGBA
PASS render-worker native-fonts 2x RGBA
PASS full-isolation native-fonts 2x RGBA
{
  "Passed": 12,
  "Failed": 0,
  "Errors": [],
  "MissingAssets": []
}
PASS render-worker Buttons
PASS render-worker ButtonSpinner
PASS render-worker CheckBox
PASS render-worker ColorPicker
PASS render-worker ComboBox
PASS render-worker NumericUpDown
PASS render-worker RadioButton
PASS render-worker Slider
PASS render-worker ToggleSwitch
PASS render-worker AutoCompleteBox
PASS render-worker Label
PASS render-worker TextBox
PASS render-worker TextBlock
PASS render-worker Carousel
PASS render-worker ListBox
PASS render-worker PipsPager
PASS render-worker RefreshContainer
PASS render-worker TableView
PASS render-worker TreeView
PASS render-worker Calendar
PASS render-worker CalendarDatePicker
PASS render-worker DateTimePicker
PASS render-worker CommandBar
PASS render-worker ContextFlyout
PASS render-worker ContextMenu
PASS render-worker Flyouts
PASS render-worker Menu
PASS render-worker CarouselPage
PASS render-worker ContentPage
PASS render-worker DrawerPage
PASS render-worker NavigationPage
PASS render-worker SplitView
PASS render-worker TabbedPage
PASS render-worker TabControl
PASS render-worker TabStrip
PASS render-worker Border
PASS render-worker Canvas
PASS render-worker ContainerQueries
PASS render-worker Expander
PASS render-worker FlexPanel
PASS render-worker HeaderedContentControl
PASS render-worker LayoutTransformControl
PASS render-worker RelativePanel
PASS render-worker ScrollViewer
PASS render-worker Viewbox
PASS render-worker WrapPanel
PASS render-worker Acrylic
PASS render-worker BitmapCache
PASS render-worker Composition
PASS render-worker CustomDrawing
PASS render-worker Image
PASS render-worker OpenGL
PASS render-worker OpenGLLease
PASS render-worker OpenGLInterop
PASS render-worker TransitioningContentControl
PASS render-worker AdornerLayer
PASS render-worker DataValidation
PASS render-worker Dialogs
PASS render-worker Notifications
PASS render-worker ProgressBar
PASS render-worker ToolTip
PASS render-worker Accelerator
PASS render-worker Clipboard
PASS render-worker Cursor
PASS render-worker DragDrop
PASS render-worker Focus
PASS render-worker Gestures
PASS render-worker Pointers
PASS render-worker NativeEmbed
PASS render-worker PlatformInformation
PASS render-worker PlatformSettings
PASS render-worker Screens
PASS render-worker ThemeVariants
PASS render-worker WindowCustomizations
PASS full-isolation Buttons
PASS full-isolation ButtonSpinner
PASS full-isolation CheckBox
PASS full-isolation ColorPicker
PASS full-isolation ComboBox
PASS full-isolation NumericUpDown
PASS full-isolation RadioButton
PASS full-isolation Slider
PASS full-isolation ToggleSwitch
PASS full-isolation AutoCompleteBox
PASS full-isolation Label
PASS full-isolation TextBox
PASS full-isolation TextBlock
PASS full-isolation Carousel
PASS full-isolation ListBox
PASS full-isolation PipsPager
PASS full-isolation RefreshContainer
PASS full-isolation TableView
PASS full-isolation TreeView
PASS full-isolation Calendar
PASS full-isolation CalendarDatePicker
PASS full-isolation DateTimePicker
PASS full-isolation CommandBar
PASS full-isolation ContextFlyout
PASS full-isolation ContextMenu
PASS full-isolation Flyouts
PASS full-isolation Menu
PASS full-isolation CarouselPage
PASS full-isolation ContentPage
PASS full-isolation DrawerPage
PASS full-isolation NavigationPage
PASS full-isolation SplitView
PASS full-isolation TabbedPage
PASS full-isolation TabControl
PASS full-isolation TabStrip
PASS full-isolation Border
PASS full-isolation Canvas
PASS full-isolation ContainerQueries
PASS full-isolation Expander
PASS full-isolation FlexPanel
PASS full-isolation HeaderedContentControl
PASS full-isolation LayoutTransformControl
PASS full-isolation RelativePanel
PASS full-isolation ScrollViewer
PASS full-isolation Viewbox
PASS full-isolation WrapPanel
PASS full-isolation Acrylic
PASS full-isolation BitmapCache
PASS full-isolation Composition
PASS full-isolation CustomDrawing
PASS full-isolation Image
PASS full-isolation OpenGL
PASS full-isolation OpenGLLease
PASS full-isolation OpenGLInterop
PASS full-isolation TransitioningContentControl
PASS full-isolation AdornerLayer
PASS full-isolation DataValidation
PASS full-isolation Dialogs
PASS full-isolation Notifications
PASS full-isolation ProgressBar
PASS full-isolation ToolTip
PASS full-isolation Accelerator
PASS full-isolation Clipboard
PASS full-isolation Cursor
PASS full-isolation DragDrop
PASS full-isolation Focus
PASS full-isolation Gestures
PASS full-isolation Pointers
PASS full-isolation NativeEmbed
PASS full-isolation PlatformInformation
PASS full-isolation PlatformSettings
PASS full-isolation Screens
PASS full-isolation ThemeVariants
PASS full-isolation WindowCustomizations
{
  "Passed": 148,
  "Failed": 0,
  "Errors": [],
  "MissingAssets": [],
  "OpenGlQualified": [
    {
      "Mode": "render-worker",
      "Route": "OpenGL"
    },
    {
      "Mode": "render-worker",
      "Route": "OpenGLLease"
    },
    {
      "Mode": "render-worker",
      "Route": "OpenGLInterop"
    },
    {
      "Mode": "full-isolation",
      "Route": "OpenGL"
    },
    {
      "Mode": "full-isolation",
      "Route": "OpenGLLease"
    },
    {
      "Mode": "full-isolation",
      "Route": "OpenGLInterop"
    }
  ]
}
single repaint {"Milliseconds": {"Median": 16.2, "P95": 18.8, "Min": 14.5, "Max": 23.3}, "LayoutMilliseconds": {"Median": 0.0, "P95": 0, "Min": 0, "Max": 0}, "RenderOrRecordMilliseconds": {"Median": 16.2, "P95": 18.7, "Min": 14.5, "Max": 23.2}, "AutomationMilliseconds": {"Median": 0.0, "P95": 0, "Min": 0, "Max": 0}, "SubmittedLatencyMilliseconds": {"Median": 16.2, "P95": 18.8, "Min": 14.5, "Max": 23.3}}
single vertical {"Milliseconds": {"Median": 18.1, "P95": 20.3, "Min": 16.4, "Max": 23.5}, "LayoutMilliseconds": {"Median": 1.2, "P95": 2.3, "Min": 0.7, "Max": 3.3}, "RenderOrRecordMilliseconds": {"Median": 15.5, "P95": 17.3, "Min": 14.3, "Max": 19.3}, "AutomationMilliseconds": {"Median": 0.9, "P95": 1.4, "Min": 0.7, "Max": 1.7}, "SubmittedLatencyMilliseconds": {"Median": 18.1, "P95": 20.4, "Min": 16.4, "Max": 23.5}}
single horizontal {"Milliseconds": {"Median": 14.95, "P95": 16.4, "Min": 13.6, "Max": 18.5}, "LayoutMilliseconds": {"Median": 0.3, "P95": 0.5, "Min": 0, "Max": 0.6}, "RenderOrRecordMilliseconds": {"Median": 14.55, "P95": 16.1, "Min": 13.3, "Max": 18}, "AutomationMilliseconds": {"Median": 0.1, "P95": 0.1, "Min": 0, "Max": 0.2}, "SubmittedLatencyMilliseconds": {"Median": 15.0, "P95": 16.6, "Min": 13.7, "Max": 18.5}}
render-worker repaint {"Milliseconds": {"Median": 0.1, "P95": 0.3, "Min": 0, "Max": 0.4}, "LayoutMilliseconds": {"Median": 0.0, "P95": 0, "Min": 0, "Max": 0}, "RenderOrRecordMilliseconds": {"Median": 0.1, "P95": 0.3, "Min": 0, "Max": 0.4}, "AutomationMilliseconds": {"Median": 0.0, "P95": 0, "Min": 0, "Max": 0}, "SubmittedLatencyMilliseconds": {"Median": 0.15, "P95": 0.3, "Min": 0, "Max": 0.5}}
render-worker vertical {"Milliseconds": {"Median": 4.2, "P95": 6.9, "Min": 3.4, "Max": 9.6}, "LayoutMilliseconds": {"Median": 1.5, "P95": 2.6, "Min": 1.1, "Max": 4.9}, "RenderOrRecordMilliseconds": {"Median": 1.5, "P95": 2.7, "Min": 1.3, "Max": 4}, "AutomationMilliseconds": {"Median": 1.15, "P95": 1.4, "Min": 0.8, "Max": 1.6}, "SubmittedLatencyMilliseconds": {"Median": 32.8, "P95": 34.8, "Min": 17.3, "Max": 41}}
render-worker horizontal {"Milliseconds": {"Median": 1.6, "P95": 2, "Min": 0.4, "Max": 4.7}, "LayoutMilliseconds": {"Median": 0.5, "P95": 0.6, "Min": 0, "Max": 0.8}, "RenderOrRecordMilliseconds": {"Median": 1.0, "P95": 1.3, "Min": 0.3, "Max": 4}, "AutomationMilliseconds": {"Median": 0.1, "P95": 0.1, "Min": 0, "Max": 0.2}, "SubmittedLatencyMilliseconds": {"Median": 17.05, "P95": 25.5, "Min": 0.4, "Max": 32.6}}
full-isolation repaint {"Milliseconds": {"Median": 0.1, "P95": 0.2, "Min": 0, "Max": 0.4}, "LayoutMilliseconds": {"Median": 0.0, "P95": 0, "Min": 0, "Max": 0}, "RenderOrRecordMilliseconds": {"Median": 0.1, "P95": 0.2, "Min": 0, "Max": 0.4}, "AutomationMilliseconds": {"Median": 0.0, "P95": 0, "Min": 0, "Max": 0}, "SubmittedLatencyMilliseconds": {"Median": 0.1, "P95": 0.3, "Min": 0, "Max": 0.4}}
full-isolation vertical {"Milliseconds": {"Median": 3.9, "P95": 6, "Min": 3.2, "Max": 7.7}, "LayoutMilliseconds": {"Median": 1.5, "P95": 2.8, "Min": 1.2, "Max": 3.7}, "RenderOrRecordMilliseconds": {"Median": 1.55, "P95": 2.2, "Min": 1.2, "Max": 3.1}, "AutomationMilliseconds": {"Median": 0.9, "P95": 1.1, "Min": 0.5, "Max": 1.2}, "SubmittedLatencyMilliseconds": {"Median": 33.25, "P95": 35.6, "Min": 25.1, "Max": 36.1}}
full-isolation horizontal {"Milliseconds": {"Median": 1.8, "P95": 2.1, "Min": 0.4, "Max": 4.1}, "LayoutMilliseconds": {"Median": 0.5, "P95": 0.6, "Min": 0, "Max": 0.7}, "RenderOrRecordMilliseconds": {"Median": 1.2, "P95": 1.4, "Min": 0.3, "Max": 3.6}, "AutomationMilliseconds": {"Median": 0.1, "P95": 0.1, "Min": 0, "Max": 0.2}, "SubmittedLatencyMilliseconds": {"Median": 17.7, "P95": 31.7, "Min": 0.4, "Max": 33.2}}
{
  "Passed": true,
  "Completed": true
}
PASS single timer-driven column width without input
PASS single header-only mouse drag updates all rows
PASS single progress advances naturally and stops without global rerecording
PASS single hidden progress resumes without input
PASS single transition intermediate and final frames without hover
PASS single overlapping transition replacement completes latest content
PASS single reentrant invalidation survives capture
PASS single cached-reentrant invalidation survives capture
PASS render-worker timer-driven column width without input
PASS render-worker header-only mouse drag updates all rows
PASS render-worker progress advances naturally and stops without global rerecording
PASS render-worker hidden progress resumes without input
PASS render-worker transition intermediate and final frames without hover
PASS render-worker overlapping transition replacement completes latest content
PASS render-worker reentrant invalidation survives capture
PASS render-worker cached-reentrant invalidation survives capture
PASS render-worker render-side custom invalidation survives render completion
PASS full-isolation timer-driven column width without input
PASS full-isolation header-only mouse drag updates all rows
PASS full-isolation progress advances naturally and stops without global rerecording
PASS full-isolation hidden progress resumes without input
PASS full-isolation transition intermediate and final frames without hover
PASS full-isolation overlapping transition replacement completes latest content
PASS full-isolation reentrant invalidation survives capture
PASS full-isolation cached-reentrant invalidation survives capture
PASS full-isolation render-side custom invalidation survives render completion
{
  "Passed": 26,
  "Failed": 0,
  "Errors": [],
  "MissingAssets": []
}
PASS vertical completes without render error
PASS horizontal completes without render error
PASS UTF8 references exceed fresh encodes
PASS placement changes use sparse patches
PASS identical text resources are interned
PASS server validation reuses immutable reference summaries
PASS exact identity transforms skip native canvas operations
PASS transport retains one in-flight batch and a bounded transfer pool
PASS 100 warm repaint requests create no new packets or string encodes
{
  "Completed": true,
  "Passed": 9,
  "Failed": 0,
  "Errors": [],
  "MissingAssets": []
}
PASS single 
PASS render-worker 
PASS full-isolation 
PASS single 
PASS render-worker 
PASS full-isolation 
STAGE single False navigation
STAGE single False mount
STAGE single False presented pixels
STAGE single False command
STAGE single False presented pixels
STAGE single False command
STAGE single False dispose
PASS single False 
STAGE single True navigation
STAGE single True mount
STAGE single True presented pixels
STAGE single True command
STAGE single True presented pixels
STAGE single True command
STAGE single True dispose
PASS single True 
STAGE render-worker False navigation
STAGE render-worker False mount
STAGE render-worker False presented pixels
STAGE render-worker False command
STAGE render-worker False presented pixels
STAGE render-worker False command
STAGE render-worker False restart
STAGE render-worker False presented pixels
STAGE render-worker False dispose
PASS render-worker False 
STAGE render-worker True navigation
STAGE render-worker True mount
STAGE render-worker True presented pixels
STAGE render-worker True command
STAGE render-worker True presented pixels
STAGE render-worker True command
STAGE render-worker True restart
STAGE render-worker True presented pixels
STAGE render-worker True dispose
PASS render-worker True 
STAGE full-isolation False navigation
STAGE full-isolation False mount
STAGE full-isolation False presented pixels
STAGE full-isolation False command
STAGE full-isolation False presented pixels
STAGE full-isolation False command
STAGE full-isolation False restart
STAGE full-isolation False presented pixels
STAGE full-isolation False dispose
PASS full-isolation False 
STAGE full-isolation True navigation
STAGE full-isolation True mount
STAGE full-isolation True presented pixels
STAGE full-isolation True command
STAGE full-isolation True presented pixels
STAGE full-isolation True command
STAGE full-isolation True restart
STAGE full-isolation True presented pixels
STAGE full-isolation True dispose
PASS full-isolation True 
STAGE HTTP server shutdown

> avaloniaweb-workspace@0.6.2-alpha.1 verify:release
> node scripts/verify-release.mjs

{"Version":"0.6.2-alpha.1","SourceFingerprint":"7b4bc184532ed25dc1fc929b9a40a03576b0e54f0142fd3aa6fed1cc5cf6e2ab","Node":735,"Browser":112,"Scrollbars":[[1,20],[1.25,20]],"Text":29,"Packages":18,"Threading":{"Browser":39,"Integration":19,"Quality":12,"Catalog":148}}

> avaloniaweb-workspace@0.6.2-alpha.1 benchmark
> node --import ./scripts/register-loader.mjs scripts/benchmark.mjs artifacts/benchmark-current.json

