
> avaloniaweb-workspace@0.6.2-alpha.1 verify:vendor
> node scripts/verify-vendor.mjs

{"Passed":true,"Files":122,"SkiaSharpWebCommit":"d5a9e8573c747804930eb76a81d05d2c5dde2d3a"}

> avaloniaweb-workspace@0.6.2-alpha.1 test:record
> node scripts/validate-node.mjs

TAP version 13
# Subtest: Animatable transitions apply automatically and release clock/value slots on completion
ok 1 - Animatable transitions apply automatically and release clock/value slots on completion
  ---
  duration_ms: 8.551581
  type: 'test'
  ...
# Subtest: masked base updates retarget from current presentation without temporary target notifications
ok 2 - masked base updates retarget from current presentation without temporary target notifications
  ---
  duration_ms: 1.328867
  type: 'test'
  ...
# Subtest: equal underlying writes and unrelated property changes do not restart an active transition
ok 3 - equal underlying writes and unrelated property changes do not restart an active transition
  ---
  duration_ms: 0.599982
  type: 'test'
  ...
# Subtest: base-priority removal transitions to default rather than the currently animated value
ok 4 - base-priority removal transitions to default rather than the currently animated value
  ---
  duration_ms: 0.74551
  type: 'test'
  ...
# Subtest: observable replacement and updates retain the binding while retargeting
ok 5 - observable replacement and updates retain the binding while retargeting
  ---
  duration_ms: 1.872103
  type: 'test'
  ...
# Subtest: disable cancels immediately, updates without animation and enable establishes a fresh baseline
ok 6 - disable cancels immediately, updates without animation and enable establishes a fresh baseline
  ---
  duration_ms: 0.706041
  type: 'test'
  ...
# Subtest: visual attachment enables transitions and detachment cancels owned instances
ok 7 - visual attachment enables transitions and detachment cancels owned instances
  ---
  duration_ms: 4.933985
  type: 'test'
  ...
# Subtest: collection clear cancels only its own animation and keeps an unrelated explicit slot
ok 8 - collection clear cancels only its own animation and keeps an unrelated explicit slot
  ---
  duration_ms: 0.622165
  type: 'test'
  ...
# Subtest: last matching transition wins and reordering changes future selection
ok 9 - last matching transition wins and reordering changes future selection
  ---
  duration_ms: 1.055166
  type: 'test'
  ...
# Subtest: replacement collection preserves a shared running definition and detaches old owner references
ok 10 - replacement collection preserves a shared running definition and detaches old owner references
  ---
  duration_ms: 0.595625
  type: 'test'
  ...
# Subtest: collection mutation validates duplicate, direct and unknown properties before publication
ok 11 - collection mutation validates duplicate, direct and unknown properties before publication
  ---
  duration_ms: 0.934264
  type: 'test'
  ...
# Subtest: changing a definition target cancels its old property and tracks the new target
ok 12 - changing a definition target cancels its old property and tracks the new target
  ---
  duration_ms: 0.483156
  type: 'test'
  ...
# Subtest: shared transition definitions run independently and release per-owner subscriptions
ok 13 - shared transition definitions run independently and release per-owner subscriptions
  ---
  duration_ms: 0.513331
  type: 'test'
  ...
# Subtest: inherited clock drives descendants without a second scheduling loop
ok 14 - inherited clock drives descendants without a second scheduling loop
  ---
  duration_ms: 0.720263
  type: 'test'
  ...
# Subtest: inherited property removal reveals the inherited base, not an animation snapshot
ok 15 - inherited property removal reveals the inherited base, not an animation snapshot
  ---
  duration_ms: 0.639341
  type: 'test'
  ...
# Subtest: delayed and zero-duration transitions keep one finite subscription and release it
ok 16 - delayed and zero-duration transitions keep one finite subscription and release it
  ---
  duration_ms: 0.554423
  type: 'test'
  ...
# Subtest: malformed easing releases its value slot and reports the failure exactly once
ok 17 - malformed easing releases its value slot and reports the failure exactly once
  ---
  duration_ms: 0.703207
  type: 'test'
  ...
# Subtest: legacy awaitable Apply remains usable and obeys AbortSignal cancellation
ok 18 - legacy awaitable Apply remains usable and obeys AbortSignal cancellation
  ---
  duration_ms: 0.479541
  type: 'test'
  ...
# Subtest: synchronously ticking clock completion does not leak its late subscription
ok 19 - synchronously ticking clock completion does not leak its late subscription
  ---
  duration_ms: 0.44573
  type: 'test'
  ...
# Subtest: reentrant disabling from an easing callback cannot resurrect a transition
ok 20 - reentrant disabling from an easing callback cannot resurrect a transition
  ---
  duration_ms: 0.357898
  type: 'test'
  ...
# Subtest: 1000 retarget/completion cycles have bounded owner lifetime and value-store size
ok 21 - 1000 retarget/completion cycles have bounded owner lifetime and value-store size
  ---
  duration_ms: 39.40071
  type: 'test'
  ...
# Subtest: transition metadata is direct, no-argument duration is zero and easing is linear
ok 22 - transition metadata is direct, no-argument duration is zero and easing is linear
  ---
  duration_ms: 0.250357
  type: 'test'
  ...
# Subtest: SetCurrentValue changes the underlying value during a transition, preserving its priority
ok 23 - SetCurrentValue changes the underlying value during a transition, preserving its priority
  ---
  duration_ms: 0.568855
  type: 'test'
  ...
# Subtest: an inherited base change reaches a child even while that child is animating
ok 24 - an inherited base change reaches a child even while that child is animating
  ---
  duration_ms: 0.629166
  type: 'test'
  ...
# Subtest: brush and transform also share the real Animatable transition foundation
ok 25 - brush and transform also share the real Animatable transition foundation
  ---
  duration_ms: 1.079031
  type: 'test'
  ...
# Subtest: completion restores observation of a mutable effect with equal immutable endpoint values
ok 26 - completion restores observation of a mutable effect with equal immutable endpoint values
  ---
  duration_ms: 5.5165
  type: 'test'
  ...
# Subtest: animation-driven mutable effect radius notifies its owner without replacing the Effect
ok 27 - animation-driven mutable effect radius notifies its owner without replacing the Effect
  ---
  duration_ms: 0.760563
  type: 'test'
  ...
# Subtest: out-of-order transition clock provider disposal never resurrects an obsolete service
ok 28 - out-of-order transition clock provider disposal never resurrects an obsolete service
  ---
  duration_ms: 0.507303
  type: 'test'
  ...
# Subtest: Automation peers are cached, dispatch notifications, and release owner subscriptions
ok 29 - Automation peers are cached, dispatch notifications, and release owner subscriptions
  ---
  duration_ms: 5.576731
  type: 'test'
  ...
# Subtest: Automation XAML metadata, labeled-by cycles and custom peer overrides
ok 30 - Automation XAML metadata, labeled-by cycles and custom peer overrides
  ---
  duration_ms: 12.798334
  type: 'test'
  ...
# Subtest: Invoke/toggle/radio providers enforce disabled and mutually exclusive behavior
ok 31 - Invoke/toggle/radio providers enforce disabled and mutually exclusive behavior
  ---
  duration_ms: 4.802838
  type: 'test'
  ...
# Subtest: Value and range providers preserve password privacy and read-only/range contracts
ok 32 - Value and range providers preserve password privacy and read-only/range contracts
  ---
  duration_ms: 5.006674
  type: 'test'
  ...
# Subtest: Selection peers represent offscreen items without allocating the whole list
ok 33 - Selection peers represent offscreen items without allocating the whole list
  ---
  duration_ms: 22.015494
  type: 'test'
  ...
# Subtest: Table automation exposes actual headers, rows, grid cell identity and current row indices
ok 34 - Table automation exposes actual headers, rows, grid cell identity and current row indices
  ---
  duration_ms: 55.280745
  type: 'test'
  ...
# Subtest: Tree expansion peers update underlying hierarchy and report sibling positions
ok 35 - Tree expansion peers update underlying hierarchy and report sibling positions
  ---
  duration_ms: 13.892678
  type: 'test'
  ...
# Subtest: Scroll and clipping automation use measured viewport and enforce unsupported axes
ok 36 - Scroll and clipping automation use measured viewport and enforce unsupported axes
  ---
  duration_ms: 5.333375
  type: 'test'
  ...
# Subtest: Visual adoption rejects a conflicting logical parent without a partial mutation
ok 37 - Visual adoption rejects a conflicting logical parent without a partial mutation
  ---
  duration_ms: 0.660553
  type: 'test'
  ...
# Subtest: Binding: metadata conversion must not write a presentation adjustment back to the source
ok 38 - Binding: metadata conversion must not write a presentation adjustment back to the source
  ---
  duration_ms: 5.555488
  type: 'test'
  ...
# Subtest: CompiledBindingExtension: metadata conversion must not write a presentation adjustment back to the source
ok 39 - CompiledBindingExtension: metadata conversion must not write a presentation adjustment back to the source
  ---
  duration_ms: 1.102927
  type: 'test'
  ...
# Subtest: Delayed runtime source commits retain and replay native pixels at 1x
ok 40 - Delayed runtime source commits retain and replay native pixels at 1x
  ---
  duration_ms: 330.578486
  type: 'test'
  ...
# Subtest: Delayed runtime source commits retain and replay native pixels at 1.25x
ok 41 - Delayed runtime source commits retain and replay native pixels at 1.25x
  ---
  duration_ms: 292.176341
  type: 'test'
  ...
# Subtest: Delayed runtime source commits retain and replay native pixels at 1.5x
ok 42 - Delayed runtime source commits retain and replay native pixels at 1.5x
  ---
  duration_ms: 293.472949
  type: 'test'
  ...
# Subtest: Delayed runtime source commits retain and replay native pixels at 2x
ok 43 - Delayed runtime source commits retain and replay native pixels at 2x
  ---
  duration_ms: 287.439858
  type: 'test'
  ...
# Subtest: Delayed runtime source commits retain and replay native pixels at 3x
ok 44 - Delayed runtime source commits retain and replay native pixels at 3x
  ---
  duration_ms: 345.825264
  type: 'test'
  ...
# Subtest: Delayed AOT source commits retain and replay native pixels at 1x
ok 45 - Delayed AOT source commits retain and replay native pixels at 1x
  ---
  duration_ms: 268.188772
  type: 'test'
  ...
# Subtest: Delayed AOT source commits retain and replay native pixels at 1.25x
ok 46 - Delayed AOT source commits retain and replay native pixels at 1.25x
  ---
  duration_ms: 265.573828
  type: 'test'
  ...
# Subtest: Delayed AOT source commits retain and replay native pixels at 1.5x
ok 47 - Delayed AOT source commits retain and replay native pixels at 1.5x
  ---
  duration_ms: 408.806135
  type: 'test'
  ...
# Subtest: Delayed AOT source commits retain and replay native pixels at 2x
ok 48 - Delayed AOT source commits retain and replay native pixels at 2x
  ---
  duration_ms: 299.344393
  type: 'test'
  ...
# Subtest: Delayed AOT source commits retain and replay native pixels at 3x
ok 49 - Delayed AOT source commits retain and replay native pixels at 3x
  ---
  duration_ms: 332.692112
  type: 'test'
  ...
# Subtest: Delay runtime: compiled markup and reflected object-element definitions retain integer milliseconds
ok 50 - Delay runtime: compiled markup and reflected object-element definitions retain integer milliseconds
  ---
  duration_ms: 22.556898
  type: 'test'
  ...
# Subtest: Delay AOT: compiled markup and reflected object-element definitions retain integer milliseconds
ok 51 - Delay AOT: compiled markup and reflected object-element definitions retain integer milliseconds
  ---
  duration_ms: 5.035287
  type: 'test'
  ...
# Subtest: Delay XAML Binding markup rejects non-integer and nondecimal literals
ok 52 - Delay XAML Binding markup rejects non-integer and nondecimal literals
  ---
  duration_ms: 9.141618
  type: 'test'
  ...
# Subtest: Delay XAML Binding object rejects non-integer and nondecimal literals
ok 53 - Delay XAML Binding object rejects non-integer and nondecimal literals
  ---
  duration_ms: 11.870308
  type: 'test'
  ...
# Subtest: Delay XAML CompiledBinding markup rejects non-integer and nondecimal literals
ok 54 - Delay XAML CompiledBinding markup rejects non-integer and nondecimal literals
  ---
  duration_ms: 12.57671
  type: 'test'
  ...
# Subtest: Delay XAML CompiledBinding object rejects non-integer and nondecimal literals
ok 55 - Delay XAML CompiledBinding object rejects non-integer and nondecimal literals
  ---
  duration_ms: 9.702801
  type: 'test'
  ...
# Subtest: Delay XAML ReflectionBinding markup rejects non-integer and nondecimal literals
ok 56 - Delay XAML ReflectionBinding markup rejects non-integer and nondecimal literals
  ---
  duration_ms: 10.031124
  type: 'test'
  ...
# Subtest: Delay XAML ReflectionBinding object rejects non-integer and nondecimal literals
ok 57 - Delay XAML ReflectionBinding object rejects non-integer and nondecimal literals
  ---
  duration_ms: 16.837613
  type: 'test'
  ...
# Subtest: Delay XAML parses signed milliseconds from resource-backed markup values
ok 58 - Delay XAML parses signed milliseconds from resource-backed markup values
  ---
  duration_ms: 2.972176
  type: 'test'
  ...
# Subtest: Binding Delay: latest target wins only after its complete quiet period
ok 59 - Binding Delay: latest target wins only after its complete quiet period
  ---
  duration_ms: 5.327516
  type: 'test'
  ...
# Subtest: Binding Delay: one lazy reusable timer across 1000 edits and no retained value queue
ok 60 - Binding Delay: one lazy reusable timer across 1000 edits and no retained value queue
  ---
  duration_ms: 11.148153
  type: 'test'
  ...
# Subtest: Binding Delay: explicit UpdateSource flushes pending work synchronously exactly once
ok 61 - Binding Delay: explicit UpdateSource flushes pending work synchronously exactly once
  ---
  duration_ms: 0.748074
  type: 'test'
  ...
# Subtest: Binding Delay: Explicit never allocates a debounce timer
ok 62 - Binding Delay: Explicit never allocates a debounce timer
  ---
  duration_ms: 0.656005
  type: 'test'
  ...
# Subtest: Binding Delay: LostFocus never allocates a debounce timer
ok 63 - Binding Delay: LostFocus never allocates a debounce timer
  ---
  duration_ms: 0.701584
  type: 'test'
  ...
# Subtest: Binding Delay: nonpositive 0 remains synchronous
ok 64 - Binding Delay: nonpositive 0 remains synchronous
  ---
  duration_ms: 0.635174
  type: 'test'
  ...
# Subtest: Binding Delay: nonpositive -1 remains synchronous
ok 65 - Binding Delay: nonpositive -1 remains synchronous
  ---
  duration_ms: 0.488184
  type: 'test'
  ...
# Subtest: Binding Delay: nonpositive -2147483648 remains synchronous
ok 66 - Binding Delay: nonpositive -2147483648 remains synchronous
  ---
  duration_ms: 0.516516
  type: 'test'
  ...
# Subtest: Binding Delay: source-to-target notifications are never delayed
ok 67 - Binding Delay: source-to-target notifications are never delayed
  ---
  duration_ms: 0.753202
  type: 'test'
  ...
# Subtest: Binding Delay: external source refresh cannot later write a stale edited value
ok 68 - Binding Delay: external source refresh cannot later write a stale edited value
  ---
  duration_ms: 0.830608
  type: 'test'
  ...
# Subtest: Binding Delay: a newer edit invalidates an expired but undispatched tick
ok 69 - Binding Delay: a newer edit invalidates an expired but undispatched tick
  ---
  duration_ms: 0.697678
  type: 'test'
  ...
# Subtest: Binding Delay: dispose cancels even an already queued tick
ok 70 - Binding Delay: dispose cancels even an already queued tick
  ---
  duration_ms: 0.500202
  type: 'test'
  ...
# Subtest: Binding Delay: replace cancels even an already queued tick
ok 71 - Binding Delay: replace cancels even an already queued tick
  ---
  duration_ms: 0.467322
  type: 'test'
  ...
# Subtest: Binding Delay: clear cancels even an already queued tick
ok 72 - Binding Delay: clear cancels even an already queued tick
  ---
  duration_ms: 0.411238
  type: 'test'
  ...
# Subtest: Binding Delay: shutdown cancels even an already queued tick
ok 73 - Binding Delay: shutdown cancels even an already queued tick
  ---
  duration_ms: 0.516095
  type: 'test'
  ...
# Subtest: Binding Delay: obscuring the binding prevents delayed animation values entering the model
ok 74 - Binding Delay: obscuring the binding prevents delayed animation values entering the model
  ---
  duration_ms: 0.514763
  type: 'test'
  ...
# Subtest: Binding Delay: definition timing is captured independently by each expression
ok 75 - Binding Delay: definition timing is captured independently by each expression
  ---
  duration_ms: 0.682706
  type: 'test'
  ...
# Subtest: Binding Delay: OneWayToSource initial and replacement owners update immediately
ok 76 - Binding Delay: OneWayToSource initial and replacement owners update immediately
  ---
  duration_ms: 0.514694
  type: 'test'
  ...
# Subtest: Binding Delay: OneWayToSource nested owner replacement bypasses the delay
ok 77 - Binding Delay: OneWayToSource nested owner replacement bypasses the delay
  ---
  duration_ms: 0.543237
  type: 'test'
  ...
# Subtest: Binding Delay: stale converter cannot write after replacing its expression
ok 78 - Binding Delay: stale converter cannot write after replacing its expression
  ---
  duration_ms: 0.567873
  type: 'test'
  ...
# Subtest: Binding Delay: converter changing DataContext cannot write into an obsolete owner
ok 79 - Binding Delay: converter changing DataContext cannot write into an obsolete owner
  ---
  duration_ms: 0.606822
  type: 'test'
  ...
# Subtest: Binding Delay: failed reverse conversion is recoverable and leaves no active timer
ok 80 - Binding Delay: failed reverse conversion is recoverable and leaves no active timer
  ---
  duration_ms: 0.677768
  type: 'test'
  ...
# Subtest: Binding Delay: sentinel ConvertBack values survive boolean negation
ok 81 - Binding Delay: sentinel ConvertBack values survive boolean negation
  ---
  duration_ms: 0.360842
  type: 'test'
  ...
# Subtest: Binding Delay: target lifetime and dispatcher shutdown observers remain bounded
ok 82 - Binding Delay: target lifetime and dispatcher shutdown observers remain bounded
  ---
  duration_ms: 54.072569
  type: 'test'
  ...
# Subtest: CompiledBindingExtension Delay: latest target wins only after its complete quiet period
ok 83 - CompiledBindingExtension Delay: latest target wins only after its complete quiet period
  ---
  duration_ms: 1.864131
  type: 'test'
  ...
# Subtest: CompiledBindingExtension Delay: one lazy reusable timer across 1000 edits and no retained value queue
ok 84 - CompiledBindingExtension Delay: one lazy reusable timer across 1000 edits and no retained value queue
  ---
  duration_ms: 22.428015
  type: 'test'
  ...
# Subtest: CompiledBindingExtension Delay: explicit UpdateSource flushes pending work synchronously exactly once
ok 85 - CompiledBindingExtension Delay: explicit UpdateSource flushes pending work synchronously exactly once
  ---
  duration_ms: 0.561874
  type: 'test'
  ...
# Subtest: CompiledBindingExtension Delay: Explicit never allocates a debounce timer
ok 86 - CompiledBindingExtension Delay: Explicit never allocates a debounce timer
  ---
  duration_ms: 0.459059
  type: 'test'
  ...
# Subtest: CompiledBindingExtension Delay: LostFocus never allocates a debounce timer
ok 87 - CompiledBindingExtension Delay: LostFocus never allocates a debounce timer
  ---
  duration_ms: 0.422745
  type: 'test'
  ...
# Subtest: CompiledBindingExtension Delay: nonpositive 0 remains synchronous
ok 88 - CompiledBindingExtension Delay: nonpositive 0 remains synchronous
  ---
  duration_ms: 2.610748
  type: 'test'
  ...
# Subtest: CompiledBindingExtension Delay: nonpositive -1 remains synchronous
ok 89 - CompiledBindingExtension Delay: nonpositive -1 remains synchronous
  ---
  duration_ms: 0.394723
  type: 'test'
  ...
# Subtest: CompiledBindingExtension Delay: nonpositive -2147483648 remains synchronous
ok 90 - CompiledBindingExtension Delay: nonpositive -2147483648 remains synchronous
  ---
  duration_ms: 0.976978
  type: 'test'
  ...
# Subtest: CompiledBindingExtension Delay: source-to-target notifications are never delayed
ok 91 - CompiledBindingExtension Delay: source-to-target notifications are never delayed
  ---
  duration_ms: 0.472299
  type: 'test'
  ...
# Subtest: CompiledBindingExtension Delay: external source refresh cannot later write a stale edited value
ok 92 - CompiledBindingExtension Delay: external source refresh cannot later write a stale edited value
  ---
  duration_ms: 0.584378
  type: 'test'
  ...
# Subtest: CompiledBindingExtension Delay: a newer edit invalidates an expired but undispatched tick
ok 93 - CompiledBindingExtension Delay: a newer edit invalidates an expired but undispatched tick
  ---
  duration_ms: 0.653121
  type: 'test'
  ...
# Subtest: CompiledBindingExtension Delay: dispose cancels even an already queued tick
ok 94 - CompiledBindingExtension Delay: dispose cancels even an already queued tick
  ---
  duration_ms: 0.393512
  type: 'test'
  ...
# Subtest: CompiledBindingExtension Delay: replace cancels even an already queued tick
ok 95 - CompiledBindingExtension Delay: replace cancels even an already queued tick
  ---
  duration_ms: 0.435284
  type: 'test'
  ...
# Subtest: CompiledBindingExtension Delay: clear cancels even an already queued tick
ok 96 - CompiledBindingExtension Delay: clear cancels even an already queued tick
  ---
  duration_ms: 0.287182
  type: 'test'
  ...
# Subtest: CompiledBindingExtension Delay: shutdown cancels even an already queued tick
ok 97 - CompiledBindingExtension Delay: shutdown cancels even an already queued tick
  ---
  duration_ms: 0.334092
  type: 'test'
  ...
# Subtest: CompiledBindingExtension Delay: obscuring the binding prevents delayed animation values entering the model
ok 98 - CompiledBindingExtension Delay: obscuring the binding prevents delayed animation values entering the model
  ---
  duration_ms: 0.305329
  type: 'test'
  ...
# Subtest: CompiledBindingExtension Delay: definition timing is captured independently by each expression
ok 99 - CompiledBindingExtension Delay: definition timing is captured independently by each expression
  ---
  duration_ms: 0.505379
  type: 'test'
  ...
# Subtest: CompiledBindingExtension Delay: OneWayToSource initial and replacement owners update immediately
ok 100 - CompiledBindingExtension Delay: OneWayToSource initial and replacement owners update immediately
  ---
  duration_ms: 1.824226
  type: 'test'
  ...
# Subtest: CompiledBindingExtension Delay: OneWayToSource nested owner replacement bypasses the delay
ok 101 - CompiledBindingExtension Delay: OneWayToSource nested owner replacement bypasses the delay
  ---
  duration_ms: 0.328814
  type: 'test'
  ...
# Subtest: CompiledBindingExtension Delay: stale converter cannot write after replacing its expression
ok 102 - CompiledBindingExtension Delay: stale converter cannot write after replacing its expression
  ---
  duration_ms: 0.369645
  type: 'test'
  ...
# Subtest: CompiledBindingExtension Delay: converter changing DataContext cannot write into an obsolete owner
ok 103 - CompiledBindingExtension Delay: converter changing DataContext cannot write into an obsolete owner
  ---
  duration_ms: 0.422655
  type: 'test'
  ...
# Subtest: CompiledBindingExtension Delay: failed reverse conversion is recoverable and leaves no active timer
ok 104 - CompiledBindingExtension Delay: failed reverse conversion is recoverable and leaves no active timer
  ---
  duration_ms: 0.4655
  type: 'test'
  ...
# Subtest: CompiledBindingExtension Delay: sentinel ConvertBack values survive boolean negation
ok 105 - CompiledBindingExtension Delay: sentinel ConvertBack values survive boolean negation
  ---
  duration_ms: 0.44633
  type: 'test'
  ...
# Subtest: CompiledBindingExtension Delay: target lifetime and dispatcher shutdown observers remain bounded
ok 106 - CompiledBindingExtension Delay: target lifetime and dispatcher shutdown observers remain bounded
  ---
  duration_ms: 45.604384
  type: 'test'
  ...
# Subtest: Binding Delay defaults to zero and invalid values fail before replacing an attached binding
ok 107 - Binding Delay defaults to zero and invalid values fail before replacing an attached binding
  ---
  duration_ms: 0.755055
  type: 'test'
  ...
# Subtest: Binding Delay: current target is reread after an earlier synchronous handler changes it
ok 108 - Binding Delay: current target is reread after an earlier synchronous handler changes it
  ---
  duration_ms: 0.455825
  type: 'test'
  ...
# Subtest: Binding Delay: direct-property targets participate in source updates
ok 109 - Binding Delay: direct-property targets participate in source updates
  ---
  duration_ms: 0.596927
  type: 'test'
  ...
# Subtest: Binding Delay: normalization is read back without scheduling another write
ok 110 - Binding Delay: normalization is read back without scheduling another write
  ---
  duration_ms: 0.408123
  type: 'test'
  ...
# Subtest: Binding Delay: maximum positive Int32 remains bounded without timer overflow
ok 111 - Binding Delay: maximum positive Int32 remains bounded without timer overflow
  ---
  duration_ms: 0.376706
  type: 'test'
  ...
# Subtest: Binding Delay: OneWay and OneTime do not schedule source writes
ok 112 - Binding Delay: OneWay and OneTime do not schedule source writes
  ---
  duration_ms: 0.314834
  type: 'test'
  ...
# Subtest: Binding Delay: unshared reusable definitions own independent timers and lifetimes
ok 113 - Binding Delay: unshared reusable definitions own independent timers and lifetimes
  ---
  duration_ms: 0.411659
  type: 'test'
  ...
# Subtest: Binding Delay: reverse notification errors preserve target drafts until recovery
ok 114 - Binding Delay: reverse notification errors preserve target drafts until recovery
  ---
  duration_ms: 0.463557
  type: 'test'
  ...
# Subtest: Binding Delay: target disposal cancels native timeout before expiry
ok 115 - Binding Delay: target disposal cancels native timeout before expiry
  ---
  duration_ms: 0.215504
  type: 'test'
  ...
# Subtest: Binding Delay: malformed nested leaf fails before aggregate replaces the target
ok 116 - Binding Delay: malformed nested leaf fails before aggregate replaces the target
  ---
  duration_ms: 0.441328
  type: 'test'
  ...
# Subtest: CompiledBindingExtension Delay: current target is reread after an earlier synchronous handler changes it
ok 117 - CompiledBindingExtension Delay: current target is reread after an earlier synchronous handler changes it
  ---
  duration_ms: 0.301073
  type: 'test'
  ...
# Subtest: CompiledBindingExtension Delay: direct-property targets participate in source updates
ok 118 - CompiledBindingExtension Delay: direct-property targets participate in source updates
  ---
  duration_ms: 0.36632
  type: 'test'
  ...
# Subtest: CompiledBindingExtension Delay: normalization is read back without scheduling another write
ok 119 - CompiledBindingExtension Delay: normalization is read back without scheduling another write
  ---
  duration_ms: 0.331979
  type: 'test'
  ...
# Subtest: CompiledBindingExtension Delay: maximum positive Int32 remains bounded without timer overflow
ok 120 - CompiledBindingExtension Delay: maximum positive Int32 remains bounded without timer overflow
  ---
  duration_ms: 0.247012
  type: 'test'
  ...
# Subtest: CompiledBindingExtension Delay: OneWay and OneTime do not schedule source writes
ok 121 - CompiledBindingExtension Delay: OneWay and OneTime do not schedule source writes
  ---
  duration_ms: 0.251929
  type: 'test'
  ...
# Subtest: CompiledBindingExtension Delay: unshared reusable definitions own independent timers and lifetimes
ok 122 - CompiledBindingExtension Delay: unshared reusable definitions own independent timers and lifetimes
  ---
  duration_ms: 0.336456
  type: 'test'
  ...
# Subtest: CompiledBindingExtension Delay: reverse notification errors preserve target drafts until recovery
ok 123 - CompiledBindingExtension Delay: reverse notification errors preserve target drafts until recovery
  ---
  duration_ms: 0.284788
  type: 'test'
  ...
# Subtest: CompiledBindingExtension Delay: target disposal cancels native timeout before expiry
ok 124 - CompiledBindingExtension Delay: target disposal cancels native timeout before expiry
  ---
  duration_ms: 0.17281
  type: 'test'
  ...
# Subtest: CompiledBindingExtension Delay: malformed nested leaf fails before aggregate replaces the target
ok 125 - CompiledBindingExtension Delay: malformed nested leaf fails before aggregate replaces the target
  ---
  duration_ms: 0.131608
  type: 'test'
  ...
# Subtest: catalog defaults to full isolation with no override
ok 126 - catalog defaults to full isolation with no override
  ---
  duration_ms: 1.037369
  type: 'test'
  ...
# Subtest: catalog keeps explicit single URL override
ok 127 - catalog keeps explicit single URL override
  ---
  duration_ms: 0.244567
  type: 'test'
  ...
# Subtest: catalog keeps explicit render-worker URL override
ok 128 - catalog keeps explicit render-worker URL override
  ---
  duration_ms: 0.134682
  type: 'test'
  ...
# Subtest: catalog keeps explicit full-isolation URL override
ok 129 - catalog keeps explicit full-isolation URL override
  ---
  duration_ms: 0.138638
  type: 'test'
  ...
# Subtest: catalog legacy override precedes the URL
ok 130 - catalog legacy override precedes the URL
  ---
  duration_ms: 0.149074
  type: 'test'
  ...
# Subtest: catalog boot options precede legacy and URL overrides
ok 131 - catalog boot options precede legacy and URL overrides
  ---
  duration_ms: 0.145559
  type: 'test'
  ...
# Subtest: AOT catalog construction, layout and disposal: MainView
ok 132 - AOT catalog construction, layout and disposal: MainView
  ---
  duration_ms: 54.748455
  type: 'test'
  ...
# Subtest: AOT catalog construction, layout and disposal: Accelerator
ok 133 - AOT catalog construction, layout and disposal: Accelerator
  ---
  duration_ms: 4.279591
  type: 'test'
  ...
# Subtest: AOT catalog construction, layout and disposal: Acrylic
ok 134 - AOT catalog construction, layout and disposal: Acrylic
  ---
  duration_ms: 5.923242
  type: 'test'
  ...
# Subtest: AOT catalog construction, layout and disposal: AdornerLayer
ok 135 - AOT catalog construction, layout and disposal: AdornerLayer
  ---
  duration_ms: 7.069855
  type: 'test'
  ...
# Subtest: AOT catalog construction, layout and disposal: AutoCompleteBox
ok 136 - AOT catalog construction, layout and disposal: AutoCompleteBox
  ---
  duration_ms: 5.170139
  type: 'test'
  ...
# Subtest: AOT catalog construction, layout and disposal: BitmapCache
ok 137 - AOT catalog construction, layout and disposal: BitmapCache
  ---
  duration_ms: 4.961957
  type: 'test'
  ...
# Subtest: AOT catalog construction, layout and disposal: Border
ok 138 - AOT catalog construction, layout and disposal: Border
  ---
  duration_ms: 4.398861
  type: 'test'
  ...
# Subtest: AOT catalog construction, layout and disposal: ButtonSpinner
ok 139 - AOT catalog construction, layout and disposal: ButtonSpinner
  ---
  duration_ms: 4.001122
  type: 'test'
  ...
# Subtest: AOT catalog construction, layout and disposal: Buttons
ok 140 - AOT catalog construction, layout and disposal: Buttons
  ---
  duration_ms: 10.568452
  type: 'test'
  ...
# Subtest: AOT catalog construction, layout and disposal: Calendar
ok 141 - AOT catalog construction, layout and disposal: Calendar
  ---
  duration_ms: 5.991945
  type: 'test'
  ...
# Subtest: AOT catalog construction, layout and disposal: CalendarDatePicker
ok 142 - AOT catalog construction, layout and disposal: CalendarDatePicker
  ---
  duration_ms: 3.607001
  type: 'test'
  ...
# Subtest: AOT catalog construction, layout and disposal: Canvas
ok 143 - AOT catalog construction, layout and disposal: Canvas
  ---
  duration_ms: 5.731564
  type: 'test'
  ...
# Subtest: AOT catalog construction, layout and disposal: Carousel
ok 144 - AOT catalog construction, layout and disposal: Carousel
  ---
  duration_ms: 7.203415
  type: 'test'
  ...
# Subtest: AOT catalog construction, layout and disposal: CarouselPage
ok 145 - AOT catalog construction, layout and disposal: CarouselPage
  ---
  duration_ms: 3.685058
  type: 'test'
  ...
# Subtest: AOT catalog construction, layout and disposal: CheckBox
ok 146 - AOT catalog construction, layout and disposal: CheckBox
  ---
  duration_ms: 5.63591
  type: 'test'
  ...
# Subtest: AOT catalog construction, layout and disposal: Clipboard
ok 147 - AOT catalog construction, layout and disposal: Clipboard
  ---
  duration_ms: 5.488488
  type: 'test'
  ...
# Subtest: AOT catalog construction, layout and disposal: ColorPicker
ok 148 - AOT catalog construction, layout and disposal: ColorPicker
  ---
  duration_ms: 6.678826
  type: 'test'
  ...
# Subtest: AOT catalog construction, layout and disposal: ComboBox
ok 149 - AOT catalog construction, layout and disposal: ComboBox
  ---
  duration_ms: 4.41871
  type: 'test'
  ...
# Subtest: AOT catalog construction, layout and disposal: CommandBar
ok 150 - AOT catalog construction, layout and disposal: CommandBar
  ---
  duration_ms: 3.504457
  type: 'test'
  ...
# Subtest: AOT catalog construction, layout and disposal: Composition
ok 151 - AOT catalog construction, layout and disposal: Composition
  ---
  duration_ms: 15.953575
  type: 'test'
  ...
# Subtest: AOT catalog construction, layout and disposal: ContainerQueries
ok 152 - AOT catalog construction, layout and disposal: ContainerQueries
  ---
  duration_ms: 8.827686
  type: 'test'
  ...
# Subtest: AOT catalog construction, layout and disposal: ContentPage
ok 153 - AOT catalog construction, layout and disposal: ContentPage
  ---
  duration_ms: 9.259956
  type: 'test'
  ...
# Subtest: AOT catalog construction, layout and disposal: ContextFlyout
ok 154 - AOT catalog construction, layout and disposal: ContextFlyout
  ---
  duration_ms: 3.285928
  type: 'test'
  ...
# Subtest: AOT catalog construction, layout and disposal: ContextMenu
ok 155 - AOT catalog construction, layout and disposal: ContextMenu
  ---
  duration_ms: 3.075502
  type: 'test'
  ...
# Subtest: AOT catalog construction, layout and disposal: Cursor
ok 156 - AOT catalog construction, layout and disposal: Cursor
  ---
  duration_ms: 4.423848
  type: 'test'
  ...
# Subtest: AOT catalog construction, layout and disposal: CustomDrawing
ok 157 - AOT catalog construction, layout and disposal: CustomDrawing
  ---
  duration_ms: 8.19794
  type: 'test'
  ...
# Subtest: AOT catalog construction, layout and disposal: DataValidation
ok 158 - AOT catalog construction, layout and disposal: DataValidation
  ---
  duration_ms: 13.539717
  type: 'test'
  ...
# Subtest: AOT catalog construction, layout and disposal: DateTimePicker
ok 159 - AOT catalog construction, layout and disposal: DateTimePicker
  ---
  duration_ms: 5.522639
  type: 'test'
  ...
# Subtest: AOT catalog construction, layout and disposal: Dialogs
ok 160 - AOT catalog construction, layout and disposal: Dialogs
  ---
  duration_ms: 3.312488
  type: 'test'
  ...
# Subtest: AOT catalog construction, layout and disposal: DragDrop
ok 161 - AOT catalog construction, layout and disposal: DragDrop
  ---
  duration_ms: 2.616802
  type: 'test'
  ...
# Subtest: AOT catalog construction, layout and disposal: DrawerPage
ok 162 - AOT catalog construction, layout and disposal: DrawerPage
  ---
  duration_ms: 2.9547
  type: 'test'
  ...
# Subtest: AOT catalog construction, layout and disposal: Expander
ok 163 - AOT catalog construction, layout and disposal: Expander
  ---
  duration_ms: 5.452805
  type: 'test'
  ...
# Subtest: AOT catalog construction, layout and disposal: FlexPanel
ok 164 - AOT catalog construction, layout and disposal: FlexPanel
  ---
  duration_ms: 2.739567
  type: 'test'
  ...
# Subtest: AOT catalog construction, layout and disposal: Flyouts
ok 165 - AOT catalog construction, layout and disposal: Flyouts
  ---
  duration_ms: 2.479856
  type: 'test'
  ...
# Subtest: AOT catalog construction, layout and disposal: Focus
ok 166 - AOT catalog construction, layout and disposal: Focus
  ---
  duration_ms: 4.90419
  type: 'test'
  ...
# Subtest: AOT catalog construction, layout and disposal: Gestures
ok 167 - AOT catalog construction, layout and disposal: Gestures
  ---
  duration_ms: 7.95822
  type: 'test'
  ...
# Subtest: AOT catalog construction, layout and disposal: HeaderedContentControl
ok 168 - AOT catalog construction, layout and disposal: HeaderedContentControl
  ---
  duration_ms: 3.630205
  type: 'test'
  ...
# Subtest: AOT catalog construction, layout and disposal: Image
ok 169 - AOT catalog construction, layout and disposal: Image
  ---
  duration_ms: 2.669852
  type: 'test'
  ...
# Subtest: AOT catalog construction, layout and disposal: Label
ok 170 - AOT catalog construction, layout and disposal: Label
  ---
  duration_ms: 4.610589
  type: 'test'
  ...
# Subtest: AOT catalog construction, layout and disposal: LayoutTransformControl
ok 171 - AOT catalog construction, layout and disposal: LayoutTransformControl
  ---
  duration_ms: 4.086752
  type: 'test'
  ...
# Subtest: AOT catalog construction, layout and disposal: ListBox
ok 172 - AOT catalog construction, layout and disposal: ListBox
  ---
  duration_ms: 9.925476
  type: 'test'
  ...
# Subtest: AOT catalog construction, layout and disposal: Menu
ok 173 - AOT catalog construction, layout and disposal: Menu
  ---
  duration_ms: 2.95468
  type: 'test'
  ...
# Subtest: AOT catalog construction, layout and disposal: NativeEmbed
ok 174 - AOT catalog construction, layout and disposal: NativeEmbed
  ---
  duration_ms: 4.950319
  type: 'test'
  ...
# Subtest: AOT catalog construction, layout and disposal: NavigationPage
ok 175 - AOT catalog construction, layout and disposal: NavigationPage
  ---
  duration_ms: 3.914553
  type: 'test'
  ...
# Subtest: AOT catalog construction, layout and disposal: Notifications
ok 176 - AOT catalog construction, layout and disposal: Notifications
  ---
  duration_ms: 1.919134
  type: 'test'
  ...
# Subtest: AOT catalog construction, layout and disposal: NumericUpDown
ok 177 - AOT catalog construction, layout and disposal: NumericUpDown
  ---
  duration_ms: 7.458869
  type: 'test'
  ...
# Subtest: AOT catalog construction, layout and disposal: OpenGL
ok 178 - AOT catalog construction, layout and disposal: OpenGL
  ---
  duration_ms: 3.908203
  type: 'test'
  ...
# Subtest: AOT catalog construction, layout and disposal: OpenGLInterop
ok 179 - AOT catalog construction, layout and disposal: OpenGLInterop
  ---
  duration_ms: 5.002577
  type: 'test'
  ...
# Subtest: AOT catalog construction, layout and disposal: OpenGLLease
ok 180 - AOT catalog construction, layout and disposal: OpenGLLease
  ---
  duration_ms: 2.694319
  type: 'test'
  ...
# Subtest: AOT catalog construction, layout and disposal: PipsPager
ok 181 - AOT catalog construction, layout and disposal: PipsPager
  ---
  duration_ms: 1.810931
  type: 'test'
  ...
# Subtest: AOT catalog construction, layout and disposal: PlatformInformation
ok 182 - AOT catalog construction, layout and disposal: PlatformInformation
  ---
  duration_ms: 2.03683
  type: 'test'
  ...
# Subtest: AOT catalog construction, layout and disposal: PlatformSettings
ok 183 - AOT catalog construction, layout and disposal: PlatformSettings
  ---
  duration_ms: 1.693165
  type: 'test'
  ...
# Subtest: AOT catalog construction, layout and disposal: Pointers
ok 184 - AOT catalog construction, layout and disposal: Pointers
  ---
  duration_ms: 1.757501
  type: 'test'
  ...
# Subtest: AOT catalog construction, layout and disposal: ProgressBar
ok 185 - AOT catalog construction, layout and disposal: ProgressBar
  ---
  duration_ms: 2.935712
  type: 'test'
  ...
# Subtest: AOT catalog construction, layout and disposal: RadioButton
ok 186 - AOT catalog construction, layout and disposal: RadioButton
  ---
  duration_ms: 2.718495
  type: 'test'
  ...
# Subtest: AOT catalog construction, layout and disposal: RefreshContainer
ok 187 - AOT catalog construction, layout and disposal: RefreshContainer
  ---
  duration_ms: 6.573558
  type: 'test'
  ...
# Subtest: AOT catalog construction, layout and disposal: RelativePanel
ok 188 - AOT catalog construction, layout and disposal: RelativePanel
  ---
  duration_ms: 8.797375
  type: 'test'
  ...
# Subtest: AOT catalog construction, layout and disposal: Screens
ok 189 - AOT catalog construction, layout and disposal: Screens
  ---
  duration_ms: 2.735581
  type: 'test'
  ...
# Subtest: AOT catalog construction, layout and disposal: ScrollViewer
ok 190 - AOT catalog construction, layout and disposal: ScrollViewer
  ---
  duration_ms: 7.503866
  type: 'test'
  ...
# Subtest: AOT catalog construction, layout and disposal: Slider
ok 191 - AOT catalog construction, layout and disposal: Slider
  ---
  duration_ms: 28.437881
  type: 'test'
  ...
# Subtest: AOT catalog construction, layout and disposal: SplitView
ok 192 - AOT catalog construction, layout and disposal: SplitView
  ---
  duration_ms: 3.507461
  type: 'test'
  ...
# Subtest: AOT catalog construction, layout and disposal: TabControl
ok 193 - AOT catalog construction, layout and disposal: TabControl
  ---
  duration_ms: 2.78832
  type: 'test'
  ...
# Subtest: AOT catalog construction, layout and disposal: TabStrip
ok 194 - AOT catalog construction, layout and disposal: TabStrip
  ---
  duration_ms: 2.149531
  type: 'test'
  ...
# Subtest: AOT catalog construction, layout and disposal: TabbedPage
ok 195 - AOT catalog construction, layout and disposal: TabbedPage
  ---
  duration_ms: 1.84972
  type: 'test'
  ...
# Subtest: AOT catalog construction, layout and disposal: TableView
ok 196 - AOT catalog construction, layout and disposal: TableView
  ---
  duration_ms: 4.492481
  type: 'test'
  ...
# Subtest: AOT catalog construction, layout and disposal: TextBlock
ok 197 - AOT catalog construction, layout and disposal: TextBlock
  ---
  duration_ms: 2.624734
  type: 'test'
  ...
# Subtest: AOT catalog construction, layout and disposal: TextBox
ok 198 - AOT catalog construction, layout and disposal: TextBox
  ---
  duration_ms: 7.073339
  type: 'test'
  ...
# Subtest: AOT catalog construction, layout and disposal: ThemeVariants
ok 199 - AOT catalog construction, layout and disposal: ThemeVariants
  ---
  duration_ms: 5.568078
  type: 'test'
  ...
# Subtest: AOT catalog construction, layout and disposal: ToggleSwitch
ok 200 - AOT catalog construction, layout and disposal: ToggleSwitch
  ---
  duration_ms: 4.044147
  type: 'test'
  ...
# Subtest: AOT catalog construction, layout and disposal: ToolTip
ok 201 - AOT catalog construction, layout and disposal: ToolTip
  ---
  duration_ms: 3.187389
  type: 'test'
  ...
# Subtest: AOT catalog construction, layout and disposal: TransitioningContentControl
ok 202 - AOT catalog construction, layout and disposal: TransitioningContentControl
  ---
  duration_ms: 2.961321
  type: 'test'
  ...
# Subtest: AOT catalog construction, layout and disposal: TreeView
ok 203 - AOT catalog construction, layout and disposal: TreeView
  ---
  duration_ms: 2.410202
  type: 'test'
  ...
# Subtest: AOT catalog construction, layout and disposal: Viewbox
ok 204 - AOT catalog construction, layout and disposal: Viewbox
  ---
  duration_ms: 2.623542
  type: 'test'
  ...
# Subtest: AOT catalog construction, layout and disposal: WindowCustomizations
ok 205 - AOT catalog construction, layout and disposal: WindowCustomizations
  ---
  duration_ms: 2.673147
  type: 'test'
  ...
# Subtest: AOT catalog construction, layout and disposal: WrapPanel
ok 206 - AOT catalog construction, layout and disposal: WrapPanel
  ---
  duration_ms: 1.289799
  type: 'test'
  ...
# Subtest: catalog coverage manifest does not claim all upstream subexamples
ok 207 - catalog coverage manifest does not claim all upstream subexamples
  ---
  duration_ms: 0.169374
  type: 'test'
  ...
# Subtest: CompiledBindingExtension creates an executable incremental expression, not the reflection expression
ok 208 - CompiledBindingExtension creates an executable incremental expression, not the reflection expression
  ---
  duration_ms: 8.533433
  type: 'test'
  ...
# Subtest: compiled nested leaf updates do not reread ancestors or recreate subscriptions
ok 209 - compiled nested leaf updates do not reread ancestors or recreate subscriptions
  ---
  duration_ms: 2.000577
  type: 'test'
  ...
# Subtest: compiled branch replacement detaches only the obsolete suffix
ok 210 - compiled branch replacement detaches only the obsolete suffix
  ---
  duration_ms: 0.991691
  type: 'test'
  ...
# Subtest: compiled paths preserve terminal null and TargetNullValue without treating it as missing
ok 211 - compiled paths preserve terminal null and TargetNullValue without treating it as missing
  ---
  duration_ms: 0.715445
  type: 'test'
  ...
# Subtest: null intermediate compiled paths recover when the branch appears
ok 212 - null intermediate compiled paths recover when the branch appears
  ---
  duration_ms: 0.868285
  type: 'test'
  ...
# Subtest: compiled TwoWay setters reread normalized source values after assignment
ok 213 - compiled TwoWay setters reread normalized source values after assignment
  ---
  duration_ms: 1.225812
  type: 'test'
  ...
# Subtest: compiled delegates and declared read-only accessors are enforced
ok 214 - compiled delegates and declared read-only accessors are enforced
  ---
  duration_ms: 0.920022
  type: 'test'
  ...
# Subtest: compiled observable streams switch subscriptions and continue through emitted objects
ok 215 - compiled observable streams switch subscriptions and continue through emitted objects
  ---
  duration_ms: 0.734744
  type: 'test'
  ...
# Subtest: compiled Promise streams ignore stale completions after replacement
ok 216 - compiled Promise streams ignore stale completions after replacement
  ---
  duration_ms: 0.861996
  type: 'test'
  ...
# Subtest: compiled Promise rejection publishes fallback and exposes the binding error
ok 217 - compiled Promise rejection publishes fallback and exposes the binding error
  ---
  duration_ms: 0.857869
  type: 'test'
  ...
# Subtest: compiled stream disposal rejects late results and releases child observers
ok 218 - compiled stream disposal rejects late results and releases child observers
  ---
  duration_ms: 0.560763
  type: 'test'
  ...
# Subtest: compiled OneTime bindings release stream subscriptions after the first real value
ok 219 - compiled OneTime bindings release stream subscriptions after the first real value
  ---
  duration_ms: 0.443987
  type: 'test'
  ...
# Subtest: builder ArrayElement, TypeCast and Not compose executable operations
ok 220 - builder ArrayElement, TypeCast and Not compose executable operations
  ---
  duration_ms: 0.779311
  type: 'test'
  ...
# Subtest: compiled self, templated parent and namescope roots resolve without DataContext
ok 221 - compiled self, templated parent and namescope roots resolve without DataContext
  ---
  duration_ms: 1.67025
  type: 'test'
  ...
# Subtest: compiled command dependencies notify CanExecuteChanged and dispose observers
ok 222 - compiled command dependencies notify CanExecuteChanged and dispose observers
  ---
  duration_ms: 1.02508
  type: 'test'
  ...
# Subtest: compiled paths reject unsafe names and preserve carets inside quoted map keys
ok 223 - compiled paths reject unsafe names and preserve carets inside quoted map keys
  ---
  duration_ms: 0.905331
  type: 'test'
  ...
# Subtest: runtime XAML and emitted AOT modules both execute compiled stream bindings
ok 224 - runtime XAML and emitted AOT modules both execute compiled stream bindings
  ---
  duration_ms: 13.257623
  type: 'test'
  ...
# Subtest: compiled accessor factories observe, set and dispose without retaining obsolete branches
ok 225 - compiled accessor factories observe, set and dispose without retaining obsolete branches
  ---
  duration_ms: 1.086322
  type: 'test'
  ...
# Subtest: compiled accessor errors are cleared by the next successful value
ok 226 - compiled accessor errors are cleared by the next successful value
  ---
  duration_ms: 0.614744
  type: 'test'
  ...
# Subtest: OneWayToSource preserves the initial target and keeps an active source-only priority entry
ok 227 - OneWayToSource preserves the initial target and keeps an active source-only priority entry
  ---
  duration_ms: 1.159082
  type: 'test'
  ...
# Subtest: compiled explicit source updates do not write before UpdateSource is requested
ok 228 - compiled explicit source updates do not write before UpdateSource is requested
  ---
  duration_ms: 0.460402
  type: 'test'
  ...
# Subtest: compiled builder validates casts and can evaluate nullable getter delegates
ok 229 - compiled builder validates casts and can evaluate nullable getter delegates
  ---
  duration_ms: 0.901575
  type: 'test'
  ...
# Subtest: composition Scalar properties distinguish type, copy values and expose status
ok 230 - composition Scalar properties distinguish type, copy values and expose status
  ---
  duration_ms: 4.466422
  type: 'test'
  ...
# Subtest: composition Boolean properties distinguish type, copy values and expose status
ok 231 - composition Boolean properties distinguish type, copy values and expose status
  ---
  duration_ms: 0.1934
  type: 'test'
  ...
# Subtest: composition Color properties distinguish type, copy values and expose status
ok 232 - composition Color properties distinguish type, copy values and expose status
  ---
  duration_ms: 0.414373
  type: 'test'
  ...
# Subtest: composition Vector2 properties distinguish type, copy values and expose status
ok 233 - composition Vector2 properties distinguish type, copy values and expose status
  ---
  duration_ms: 0.18636
  type: 'test'
  ...
# Subtest: composition Vector3 properties distinguish type, copy values and expose status
ok 234 - composition Vector3 properties distinguish type, copy values and expose status
  ---
  duration_ms: 0.275104
  type: 'test'
  ...
# Subtest: composition Vector4 properties distinguish type, copy values and expose status
ok 235 - composition Vector4 properties distinguish type, copy values and expose status
  ---
  duration_ms: 0.183565
  type: 'test'
  ...
# Subtest: composition Quaternion properties distinguish type, copy values and expose status
ok 236 - composition Quaternion properties distinguish type, copy values and expose status
  ---
  duration_ms: 0.174672
  type: 'test'
  ...
# Subtest: composition Matrix3x2 properties distinguish type, copy values and expose status
ok 237 - composition Matrix3x2 properties distinguish type, copy values and expose status
  ---
  duration_ms: 0.273992
  type: 'test'
  ...
# Subtest: composition Matrix4x4 properties distinguish type, copy values and expose status
ok 238 - composition Matrix4x4 properties distinguish type, copy values and expose status
  ---
  duration_ms: 0.41912
  type: 'test'
  ...
# Subtest: composition Quaternion and Vector4 keep distinct declared tags, including overwriting the same key
ok 239 - composition Quaternion and Vector4 keep distinct declared tags, including overwriting the same key
  ---
  duration_ms: 0.409325
  type: 'test'
  ...
# Subtest: composition values reject nonfinite components and invalid keys before changing prior data
ok 240 - composition values reject nonfinite components and invalid keys before changing prior data
  ---
  duration_ms: 0.514383
  type: 'test'
  ...
# Subtest: typed animation parameters are copied, cleared and reject foreign/disposed references
ok 241 - typed animation parameters are copied, cleared and reject foreign/disposed references
  ---
  duration_ms: 0.89154
  type: 'test'
  ...
# Subtest: animation group is a client CompositionObject with Remove/RemoveAll and does not own supplied animations
ok 242 - animation group is a client CompositionObject with Remove/RemoveAll and does not own supplied animations
  ---
  duration_ms: 0.398469
  type: 'test'
  ...
# Subtest: animation group starts every member at the identical clock instant and clones parameter ownership
ok 243 - animation group starts every member at the identical clock instant and clones parameter ownership
  ---
  duration_ms: 0.904339
  type: 'test'
  ...
# Subtest: invalid group target leaves prior running animations unchanged
ok 244 - invalid group target leaves prior running animations unchanged
  ---
  duration_ms: 0.548264
  type: 'test'
  ...
# Subtest: single targeted animation supports StartAnimationGroup and stopping one component preserves another
ok 245 - single targeted animation supports StartAnimationGroup and stopping one component preserves another
  ---
  duration_ms: 0.564157
  type: 'test'
  ...
# Subtest: typed parameters and grouped animations execute on isolated server state through binary transport
ok 246 - typed parameters and grouped animations execute on isolated server state through binary transport
  ---
  duration_ms: 8.126812
  type: 'test'
  ...
# Subtest: composition snapshots publish atomically at commit, not at property assignment
ok 247 - composition snapshots publish atomically at commit, not at property assignment
  ---
  duration_ms: 3.747782
  type: 'test'
  ...
# Subtest: visual collections reject duplicate parents, cycles, and cross-compositor resources
ok 248 - visual collections reject duplicate parents, cycles, and cross-compositor resources
  ---
  duration_ms: 0.846072
  type: 'test'
  ...
# Subtest: scalar keyframes are deterministic and cancellation restores the base property
ok 249 - scalar keyframes are deterministic and cancellation restores the base property
  ---
  duration_ms: 1.416208
  type: 'test'
  ...
# Subtest: keyframe clocks stop after completion and retain final presentation state
ok 250 - keyframe clocks stop after completion and retain final presentation state
  ---
  duration_ms: 0.438188
  type: 'test'
  ...
# Subtest: alternating keyframes and delay use the injected clock
ok 251 - alternating keyframes and delay use the injected clock
  ---
  duration_ms: 0.637728
  type: 'test'
  ...
# Subtest: expression parser supports vectors, arithmetic, functions and lazy conditionals
ok 252 - expression parser supports vectors, arithmetic, functions and lazy conditionals
  ---
  duration_ms: 1.958002
  type: 'test'
  ...
# Subtest: expression references observe committed property-set values
ok 253 - expression references observe committed property-set values
  ---
  duration_ms: 1.159593
  type: 'test'
  ...
# Subtest: custom visuals receive queued messages before rendering
ok 254 - custom visuals receive queued messages before rendering
  ---
  duration_ms: 0.527062
  type: 'test'
  ...
# Subtest: commit failures reject the batch and do not strand subsequent commits
ok 255 - commit failures reject the batch and do not strand subsequent commits
  ---
  duration_ms: 0.449766
  type: 'test'
  ...
# Subtest: disposing a compositor rejects pending batches and disposes its object graph
ok 256 - disposing a compositor rejects pending batches and disposes its object graph
  ---
  duration_ms: 0.438839
  type: 'test'
  ...
# Subtest: compositor disposal clears events and invokes custom handler disposal only once
ok 257 - compositor disposal clears events and invokes custom handler disposal only once
  ---
  duration_ms: 0.218358
  type: 'test'
  ...
# Subtest: container query grammar validates full input, axes, and Boolean precedence
ok 258 - container query grammar validates full input, axes, and Boolean precedence
  ---
  duration_ms: 1.800967
  type: 'test'
  ...
# Subtest: ancestor resize applies and removes query setters without replacing local values
ok 259 - ancestor resize applies and removes query setters without replacing local values
  ---
  duration_ms: 14.958834
  type: 'test'
  ...
# Subtest: XAML Container attached properties and conditional children instantiate
ok 260 - XAML Container attached properties and conditional children instantiate
  ---
  duration_ms: 6.090502
  type: 'test'
  ...
# (node:4759) ExperimentalWarning: The MockTimers API is an experimental feature and might change at any time
# (Use `node --trace-warnings ...` to show where the warning was created)
# Subtest: dispatcher priority values and invalid sentinels match Avalonia
ok 261 - dispatcher priority values and invalid sentinels match Avalonia
  ---
  duration_ms: 1.78305
  type: 'test'
  ...
# Subtest: dispatcher orders active work by priority and stable original FIFO after reprioritization
ok 262 - dispatcher orders active work by priority and stable original FIFO after reprioritization
  ---
  duration_ms: 0.933122
  type: 'test'
  ...
# Subtest: inactive operations remain pending without host wakeups until explicitly promoted
ok 263 - inactive operations remain pending without host wakeups until explicitly promoted
  ---
  duration_ms: 0.233521
  type: 'test'
  ...
# Subtest: InvokeAsync operations expose lazy tasks, statuses, results and one completion event
ok 264 - InvokeAsync operations expose lazy tasks, statuses, results and one completion event
  ---
  duration_ms: 0.318849
  type: 'test'
  ...
# Subtest: queued abortion removes work and callback immediately and settles lazy task exactly once
ok 265 - queued abortion removes work and callback immediately and settles lazy task exactly once
  ---
  duration_ms: 0.336345
  type: 'test'
  ...
# Subtest: cancellation before enqueue and after enqueue preserves reason and never dispatches
ok 266 - cancellation before enqueue and after enqueue preserves reason and never dispatches
  ---
  duration_ms: 0.271188
  type: 'test'
  ...
# Subtest: executing work detaches cancellation without treating a late abort as a pending cancellation
ok 267 - executing work detaches cancellation without treating a late abort as a pending cancellation
  ---
  duration_ms: 0.317618
  type: 'test'
  ...
# Subtest: callback fault completes operation but rejects Task and Result without dispatcher unhandled event
ok 268 - callback fault completes operation but rejects Task and Result without dispatcher unhandled event
  ---
  duration_ms: 0.301624
  type: 'test'
  ...
# Subtest: async result assimilation does not block subsequent dispatcher jobs
ok 269 - async result assimilation does not block subsequent dispatcher jobs
  ---
  duration_ms: 0.247893
  type: 'test'
  ...
# Subtest: self-return and hostile then getter reject without leaving executing operations
ok 270 - self-return and hostile then getter reject without leaving executing operations
  ---
  duration_ms: 0.45204
  type: 'test'
  ...
# Subtest: handled Post exceptions continue draining while unhandled errors leave remaining queue usable
ok 271 - handled Post exceptions continue draining while unhandled errors leave remaining queue usable
  ---
  duration_ms: 0.271238
  type: 'test'
  ...
# Subtest: exception filter can refuse catching a Post error
ok 272 - exception filter can refuse catching a Post error
  ---
  duration_ms: 0.138478
  type: 'test'
  ...
# Subtest: automatic dispatch yields to host by job count without spinning a microtask queue
ok 273 - automatic dispatch yields to host by job count without spinning a microtask queue
  ---
  duration_ms: 0.282424
  type: 'test'
  ...
# Subtest: automatic dispatch also yields on elapsed budget
ok 274 - automatic dispatch also yields on elapsed budget
  ---
  duration_ms: 0.143526
  type: 'test'
  ...
# Subtest: nested processing suspension defers dispatch and re-enables only after last disposal
ok 275 - nested processing suspension defers dispatch and re-enables only after last disposal
  ---
  duration_ms: 0.171217
  type: 'test'
  ...
# Subtest: indexed priority heap agrees with stable reference under 10000 adversarial mutations
ok 276 - indexed priority heap agrees with stable reference under 10000 adversarial mutations
  ---
  duration_ms: 120.665969
  type: 'test'
  ...
# Subtest: shutdown aborts pending and future operations, announces ordered events and tolerates observer failures
ok 277 - shutdown aborts pending and future operations, announces ordered events and tolerates observer failures
  ---
  duration_ms: 0.487413
  type: 'test'
  ...
# Subtest: same-realm Send Invoke is synchronous and unsupported nested-loop priorities fail explicitly
ok 278 - same-realm Send Invoke is synchronous and unsupported nested-loop priorities fail explicitly
  ---
  duration_ms: 0.332519
  type: 'test'
  ...
# Subtest: AwaitWithPriority queues continuation result at the requested priority
ok 279 - AwaitWithPriority queues continuation result at the requested priority
  ---
  duration_ms: 0.302665
  type: 'test'
  ...
# Subtest: timer maintains at most one queued tick while dispatcher delivery is blocked
ok 280 - timer maintains at most one queued tick while dispatcher delivery is blocked
  ---
  duration_ms: 0.931079
  type: 'test'
  ...
# Subtest: timer Stop/Start, interval change and priority promotion cannot revive stale ticks
ok 281 - timer Stop/Start, interval change and priority promotion cannot revive stale ticks
  ---
  duration_ms: 0.28602
  type: 'test'
  ...
# Subtest: timer stops at dispatcher shutdown and RunOnce disposes even on callback failure
ok 282 - timer stops at dispatcher shutdown and RunOnce disposes even on callback failure
  ---
  duration_ms: 0.327743
  type: 'test'
  ...
# Subtest: drawing state tokens reject out-of-order disposal without consuming the token
ok 283 - drawing state tokens reject out-of-order disposal without consuming the token
  ---
  duration_ms: 1.746845
  type: 'test'
  ...
# Subtest: drawing push failure leaves no logical state and invalid matrices fail before backend mutation
ok 284 - drawing push failure leaves no logical state and invalid matrices fail before backend mutation
  ---
  duration_ms: 0.268273
  type: 'test'
  ...
# Subtest: drawing transform scopes compose and restore in the same order as native matrix operations
ok 285 - drawing transform scopes compose and restore in the same order as native matrix operations
  ---
  duration_ms: 5.022598
  type: 'test'
  ...
# Subtest: native failed geometry-clip and unsupported effect push restore save count and all resource stacks
ok 286 - native failed geometry-clip and unsupported effect push restore save count and all resource stacks
  ---
  duration_ms: 3.46729
  type: 'test'
  ...
# Subtest: DrawingGroup restores earlier states when a valid effect fails native allocation
ok 287 - DrawingGroup restores earlier states when a valid effect fails native allocation
  ---
  duration_ms: 4.617289
  type: 'test'
  ...
# Subtest: composition visual restores earlier drawing states when a valid effect fails native allocation
ok 288 - composition visual restores earlier drawing states when a valid effect fails native allocation
  ---
  duration_ms: 2.64838
  type: 'test'
  ...
# Subtest: native opacity-mask draw failure still restores scope and releases paint state
ok 289 - native opacity-mask draw failure still restores scope and releases paint state
  ---
  duration_ms: 1.162757
  type: 'test'
  ...
# Subtest: DrawingGroup bounds include pen and transform but not clip/effect inflation
ok 290 - DrawingGroup bounds include pen and transform but not clip/effect inflation
  ---
  duration_ms: 4.304158
  type: 'test'
  ...
# Subtest: drawing invalidation propagates nested brush, pen, geometry, transform and stops after disposal
ok 291 - drawing invalidation propagates nested brush, pen, geometry, transform and stops after disposal
  ---
  duration_ms: 0.851229
  type: 'test'
  ...
# Subtest: drawing group batches, sharing, reparented collections and removed child subscriptions remain correct
ok 292 - drawing group batches, sharing, reparented collections and removed child subscriptions remain correct
  ---
  duration_ms: 0.849997
  type: 'test'
  ...
# Subtest: drawing graph cycles reject atomically including cross-image edges while shared DAGs work
ok 293 - drawing graph cycles reject atomically including cross-image edges while shared DAGs work
  ---
  duration_ms: 0.63205
  type: 'test'
  ...
# Subtest: DrawingImage source crop and nonzero destination map to the exact device rectangle
ok 294 - DrawingImage source crop and nonzero destination map to the exact device rectangle
  ---
  duration_ms: 4.876568
  type: 'test'
  ...
# Subtest: DrawingImage explicit Viewbox introduces padding and clips content without shifting destination
ok 295 - DrawingImage explicit Viewbox introduces padding and clips content without shifting destination
  ---
  duration_ms: 2.124493
  type: 'test'
  ...
# Subtest: DrawingImage empty and null content no-ops without allocating drawing states
ok 296 - DrawingImage empty and null content no-ops without allocating drawing states
  ---
  duration_ms: 0.147632
  type: 'test'
  ...
# Subtest: DrawingGroup.Open replaces atomically at disposal, automatically balances scopes and aborts without publishing
ok 297 - DrawingGroup.Open replaces atomically at disposal, automatically balances scopes and aborts without publishing
  ---
  duration_ms: 1.192813
  type: 'test'
  ...
# Subtest: DrawingGroup.Open keeps an existing owned drawing live when it is borrowed into replacement
ok 298 - DrawingGroup.Open keeps an existing owned drawing live when it is borrowed into replacement
  ---
  duration_ms: 0.347853
  type: 'test'
  ...
# Subtest: retained rounded rectangles and ellipse/line records produce actual native geometry
ok 299 - retained rounded rectangles and ellipse/line records produce actual native geometry
  ---
  duration_ms: 3.211516
  type: 'test'
  ...
# Subtest: retained text owns an independent shaping layout and releases it on replacement
ok 300 - retained text owns an independent shaping layout and releases it on replacement
  ---
  duration_ms: 1.373434
  type: 'test'
  ...
# Subtest: StreamGeometry mutation and Open completion invalidate drawing owners once and update bounds
ok 301 - StreamGeometry mutation and Open completion invalidate drawing owners once and update bounds
  ---
  duration_ms: 0.934684
  type: 'test'
  ...
# Subtest: WriteableBitmap Lock is idempotent and invalidates a previously uploaded native image
ok 302 - WriteableBitmap Lock is idempotent and invalidates a previously uploaded native image
  ---
  duration_ms: 2.67541
  type: 'test'
  ...
# Subtest: DrawingImage portable primitives survive binary transport, retain exact native pixels and update without hover
ok 303 - DrawingImage portable primitives survive binary transport, retain exact native pixels and update without hover
  ---
  duration_ms: 17.97334
  type: 'test'
  ...
# Subtest: XAML runtime constructs native drawing graph properties, groups and DrawingImage content
ok 304 - XAML runtime constructs native drawing graph properties, groups and DrawingImage content
  ---
  duration_ms: 6.723103
  type: 'test'
  ...
# Subtest: XAML AOT constructs native drawing graph properties, groups and DrawingImage content
ok 305 - XAML AOT constructs native drawing graph properties, groups and DrawingImage content
  ---
  duration_ms: 20.109315
  type: 'test'
  ...
# Subtest: dash-style mutations invalidate borrowed pen drawings without retaining replaced collections
ok 306 - dash-style mutations invalidate borrowed pen drawings without retaining replaced collections
  ---
  duration_ms: 0.805781
  type: 'test'
  ...
# Subtest: drawing group and image restore all previous scopes even when a later pop fails
ok 307 - drawing group and image restore all previous scopes even when a later pop fails
  ---
  duration_ms: 0.604559
  type: 'test'
  ...
# Subtest: StreamGeometry.Open publishes fallback bounds before notification and rejects recording after disposal
ok 308 - StreamGeometry.Open publishes fallback bounds before notification and rejects recording after disposal
  ---
  duration_ms: 0.370016
  type: 'test'
  ...
# Subtest: retained text keeps warm layout identity but reshapes after borrowed foreground changes
ok 309 - retained text keeps warm layout identity but reshapes after borrowed foreground changes
  ---
  duration_ms: 0.910238
  type: 'test'
  ...
# Subtest: native blur matches independent Skia filter at 1x
ok 310 - native blur matches independent Skia filter at 1x
  ---
  duration_ms: 15.740675
  type: 'test'
  ...
# Subtest: native directional shadow matches independent Skia filter at 1x
ok 311 - native directional shadow matches independent Skia filter at 1x
  ---
  duration_ms: 8.120253
  type: 'test'
  ...
# Subtest: native blur matches independent Skia filter at 1.25x
ok 312 - native blur matches independent Skia filter at 1.25x
  ---
  duration_ms: 5.075918
  type: 'test'
  ...
# Subtest: native directional shadow matches independent Skia filter at 1.25x
ok 313 - native directional shadow matches independent Skia filter at 1.25x
  ---
  duration_ms: 7.383029
  type: 'test'
  ...
# Subtest: native blur matches independent Skia filter at 1.5x
ok 314 - native blur matches independent Skia filter at 1.5x
  ---
  duration_ms: 9.017001
  type: 'test'
  ...
# Subtest: native directional shadow matches independent Skia filter at 1.5x
ok 315 - native directional shadow matches independent Skia filter at 1.5x
  ---
  duration_ms: 14.349183
  type: 'test'
  ...
# Subtest: native blur matches independent Skia filter at 2x
ok 316 - native blur matches independent Skia filter at 2x
  ---
  duration_ms: 14.105818
  type: 'test'
  ...
# Subtest: native directional shadow matches independent Skia filter at 2x
ok 317 - native directional shadow matches independent Skia filter at 2x
  ---
  duration_ms: 20.218935
  type: 'test'
  ...
# Subtest: native blur matches independent Skia filter at 3x
ok 318 - native blur matches independent Skia filter at 3x
  ---
  duration_ms: 23.929971
  type: 'test'
  ...
# Subtest: native directional shadow matches independent Skia filter at 3x
ok 319 - native directional shadow matches independent Skia filter at 3x
  ---
  duration_ms: 35.403353
  type: 'test'
  ...
# Subtest: native blur conversion uses the upstream float32 radius/sigma rule and nonpositive no-op
ok 320 - native blur conversion uses the upstream float32 radius/sigma rule and nonpositive no-op
  ---
  duration_ms: 0.120722
  type: 'test'
  ...
# Subtest: 1000 warm native effect pushes reuse one filter without accumulating active leases
ok 321 - 1000 warm native effect pushes reuse one filter without accumulating active leases
  ---
  duration_ms: 580.53882
  type: 'test'
  ...
# Subtest: LRU eviction and cache disposal retain active filters until their final layer lease closes
ok 322 - LRU eviction and cache disposal retain active filters until their final layer lease closes
  ---
  duration_ms: 0.490867
  type: 'test'
  ...
# Subtest: disabled native effect cache keeps no entries and zero-radius effects allocate no filter
ok 323 - disabled native effect cache keeps no entries and zero-radius effects allocate no filter
  ---
  duration_ms: 0.235895
  type: 'test'
  ...
# Subtest: native effect filter remains valid through a cache clear inside a live drawing scope
ok 324 - native effect filter remains valid through a cache clear inside a live drawing scope
  ---
  duration_ms: 3.192748
  type: 'test'
  ...
# Subtest: partial native SaveLayer failure restores both canvas state and filter ownership
ok 325 - partial native SaveLayer failure restores both canvas state and filter ownership
  ---
  duration_ms: 1.497841
  type: 'test'
  ...
# Subtest: control effect allocation failure unwinds its earlier transform and opacity scopes
ok 326 - control effect allocation failure unwinds its earlier transform and opacity scopes
  ---
  duration_ms: 2.916463
  type: 'test'
  ...
# Subtest: mutable effects publish value snapshots and restored worker scenes reproduce native pixels
ok 327 - mutable effects publish value snapshots and restored worker scenes reproduce native pixels
  ---
  duration_ms: 17.66057
  type: 'test'
  ...
# Subtest: malformed effect scalar cannot replace committed worker pixels
ok 328 - malformed effect scalar cannot replace committed worker pixels
  ---
  duration_ms: 5.88947
  type: 'test'
  ...
# Subtest: malformed effect color cannot replace committed worker pixels
ok 329 - malformed effect color cannot replace committed worker pixels
  ---
  duration_ms: 5.200556
  type: 'test'
  ...
# Subtest: malformed effect field cannot replace committed worker pixels
ok 330 - malformed effect field cannot replace committed worker pixels
  ---
  duration_ms: 6.256943
  type: 'test'
  ...
# Subtest: worker render failure unwinds existing visual scopes without modifying committed descriptors
ok 331 - worker render failure unwinds existing visual scopes without modifying committed descriptors
  ---
  duration_ms: 3.375172
  type: 'test'
  ...
# Subtest: composition effect assignment copies mutable values and preserves immutable type identity
ok 332 - composition effect assignment copies mutable values and preserves immutable type identity
  ---
  duration_ms: 1.119292
  type: 'test'
  ...
# Subtest: effect family inherits Animatable and preserves pinned default values
ok 333 - effect family inherits Animatable and preserves pinned default values
  ---
  duration_ms: 6.799648
  type: 'test'
  ...
# Subtest: immutable effect snapshots copy colors, preserve direction and cache unchanged values
ok 334 - immutable effect snapshots copy colors, preserve direction and cache unchanged values
  ---
  duration_ms: 1.07119
  type: 'test'
  ...
# Subtest: SetValue and bound effect colors cannot alias caller-owned structs
ok 335 - SetValue and bound effect colors cannot alias caller-owned structs
  ---
  duration_ms: 0.351548
  type: 'test'
  ...
# Subtest: mutable effect invalidation raises once, unchanged assignments are quiet and disposal releases handlers
ok 336 - mutable effect invalidation raises once, unchanged assignments are quiet and disposal releases handlers
  ---
  duration_ms: 1.008796
  type: 'test'
  ...
# Subtest: effect equality supports mutable and immutable offset/directional values
ok 337 - effect equality supports mutable and immutable offset/directional values
  ---
  duration_ms: 0.487713
  type: 'test'
  ...
# Subtest: effect grammar parses "blur(4.5)"
ok 338 - effect grammar parses "blur(4.5)"
  ---
  duration_ms: 0.37268
  type: 'test'
  ...
# Subtest: effect grammar parses " blur ( -2e0 ) "
ok 339 - effect grammar parses " blur ( -2e0 ) "
  ---
  duration_ms: 0.207772
  type: 'test'
  ...
# Subtest: effect grammar parses "drop-shadow(2 -3)"
ok 340 - effect grammar parses "drop-shadow(2 -3)"
  ---
  duration_ms: 0.280632
  type: 'test'
  ...
# Subtest: effect grammar parses "drop-shadow(2 -3 4)"
ok 341 - effect grammar parses "drop-shadow(2 -3 4)"
  ---
  duration_ms: 0.289535
  type: 'test'
  ...
# Subtest: effect grammar parses "drop-shadow(2 -3 4 \#80112233)"
ok 342 - effect grammar parses "drop-shadow(2 -3 4 \#80112233)"
  ---
  duration_ms: 0.413782
  type: 'test'
  ...
# Subtest: effect grammar parses "drop-shadow(.5 2e1 0 rgba(20, 40, 80, 0.5))"
ok 343 - effect grammar parses "drop-shadow(.5 2e1 0 rgba(20, 40, 80, 0.5))"
  ---
  duration_ms: 0.420301
  type: 'test'
  ...
# Subtest: malformed effect is rejected: none
ok 344 - malformed effect is rejected: none
  ---
  duration_ms: 0.130907
  type: 'test'
  ...
# Subtest: malformed effect is rejected: blur(2px)
ok 345 - malformed effect is rejected: blur(2px)
  ---
  duration_ms: 0.065459
  type: 'test'
  ...
# Subtest: malformed effect is rejected: blur(3) trailing
ok 346 - malformed effect is rejected: blur(3) trailing
  ---
  duration_ms: 0.056826
  type: 'test'
  ...
# Subtest: malformed effect is rejected: blur(Infinity)
ok 347 - malformed effect is rejected: blur(Infinity)
  ---
  duration_ms: 0.0532
  type: 'test'
  ...
# Subtest: malformed effect is rejected: blur(1e300)
ok 348 - malformed effect is rejected: blur(1e300)
  ---
  duration_ms: 0.059019
  type: 'test'
  ...
# Subtest: malformed effect is rejected: blur(1 2)
ok 349 - malformed effect is rejected: blur(1 2)
  ---
  duration_ms: 0.056545
  type: 'test'
  ...
# Subtest: malformed effect is rejected: drop-shadow(2)
ok 350 - malformed effect is rejected: drop-shadow(2)
  ---
  duration_ms: 0.114071
  type: 'test'
  ...
# Subtest: malformed effect is rejected: drop-shadow(2 3 blue)
ok 351 - malformed effect is rejected: drop-shadow(2 3 blue)
  ---
  duration_ms: 0.078368
  type: 'test'
  ...
# Subtest: malformed effect is rejected: drop-shadow(2 3 -1)
ok 352 - malformed effect is rejected: drop-shadow(2 3 -1)
  ---
  duration_ms: 0.059329
  type: 'test'
  ...
# Subtest: malformed effect is rejected: drop-shadow(2 3 1 rgb(NaN,0,0))
ok 353 - malformed effect is rejected: drop-shadow(2 3 1 rgb(NaN,0,0))
  ---
  duration_ms: 0.112579
  type: 'test'
  ...
# Subtest: malformed effect is rejected: drop-shadow(2 3 1 rgb(1,2,3,4,5))
ok 354 - malformed effect is rejected: drop-shadow(2 3 1 rgb(1,2,3,4,5))
  ---
  duration_ms: 0.069404
  type: 'test'
  ...
# Subtest: malformed effect is rejected: blur(1) blur(2)
ok 355 - malformed effect is rejected: blur(1) blur(2)
  ---
  duration_ms: 0.071638
  type: 'test'
  ...
# Subtest: invalid effect scalar writes leave the prior value and snapshot unchanged
ok 356 - invalid effect scalar writes leave the prior value and snapshot unchanged
  ---
  duration_ms: 0.251648
  type: 'test'
  ...
# Subtest: effect output padding follows separate blur and signed shadow extents
ok 357 - effect output padding follows separate blur and signed shadow extents
  ---
  duration_ms: 0.249585
  type: 'test'
  ...
# Subtest: effect transition blends null blur, directional depth and gamma-correct shadow color
ok 358 - effect transition blends null blur, directional depth and gamma-correct shadow color
  ---
  duration_ms: 0.706331
  type: 'test'
  ...
# Subtest: incompatible effects and null keyframes use a midpoint switch, not an end jump
ok 359 - incompatible effects and null keyframes use a midpoint switch, not an end jump
  ---
  duration_ms: 0.245519
  type: 'test'
  ...
# Subtest: runtime XAML effect strings, polar resources and transition collections
ok 360 - runtime XAML effect strings, polar resources and transition collections
  ---
  duration_ms: 7.261603
  type: 'test'
  ...
# Subtest: AOT XAML effect strings, polar resources and transition collections
ok 361 - AOT XAML effect strings, polar resources and transition collections
  ---
  duration_ms: 24.131724
  type: 'test'
  ...
# Subtest: effect interface tokens are nonconstructible contracts
ok 362 - effect interface tokens are nonconstructible contracts
  ---
  duration_ms: 0.22632
  type: 'test'
  ...
# Subtest: effect colors reject nonfinite or malformed RGB components before generic color clamping
ok 363 - effect colors reject nonfinite or malformed RGB components before generic color clamping
  ---
  duration_ms: 0.228874
  type: 'test'
  ...
# Subtest: runtime XAML RectangleGeometry has typed Rect bounds and renders inside Image
ok 364 - runtime XAML RectangleGeometry has typed Rect bounds and renders inside Image
  ---
  duration_ms: 19.355988
  type: 'test'
  ...
# Subtest: runtime XAML EllipseGeometry has typed Rect bounds and renders inside Image
ok 365 - runtime XAML EllipseGeometry has typed Rect bounds and renders inside Image
  ---
  duration_ms: 2.506246
  type: 'test'
  ...
# Subtest: runtime XAML LineGeometry parses Point literals
ok 366 - runtime XAML LineGeometry parses Point literals
  ---
  duration_ms: 0.649105
  type: 'test'
  ...
# Subtest: runtime XAML rejects malformed geometry value literals
ok 367 - runtime XAML rejects malformed geometry value literals
  ---
  duration_ms: 0.843467
  type: 'test'
  ...
# Subtest: AOT XAML RectangleGeometry has typed Rect bounds and renders inside Image
ok 368 - AOT XAML RectangleGeometry has typed Rect bounds and renders inside Image
  ---
  duration_ms: 7.73234
  type: 'test'
  ...
# Subtest: AOT XAML EllipseGeometry has typed Rect bounds and renders inside Image
ok 369 - AOT XAML EllipseGeometry has typed Rect bounds and renders inside Image
  ---
  duration_ms: 3.537386
  type: 'test'
  ...
# Subtest: AOT XAML LineGeometry parses Point literals
ok 370 - AOT XAML LineGeometry parses Point literals
  ---
  duration_ms: 1.386915
  type: 'test'
  ...
# Subtest: AOT XAML rejects malformed geometry value literals
ok 371 - AOT XAML rejects malformed geometry value literals
  ---
  duration_ms: 2.932466
  type: 'test'
  ...
# Subtest: geometry literal conversion rejects before replacing an existing typed property value
ok 372 - geometry literal conversion rejects before replacing an existing typed property value
  ---
  duration_ms: 0.486962
  type: 'test'
  ...
# Subtest: gesture collections enforce single ownership, duplicate rejection and immediate batched ownership
ok 373 - gesture collections enforce single ownership, duplicate rejection and immediate batched ownership
  ---
  duration_ms: 3.381361
  type: 'test'
  ...
# Subtest: gesture collection replacement and owner disposal detach contacts without sharing lifetimes
ok 374 - gesture collection replacement and owner disposal detach contacts without sharing lifetimes
  ---
  duration_ms: 0.643326
  type: 'test'
  ...
# Subtest: scroll threshold subtracts its dead zone and captures separately from element capture
ok 375 - scroll threshold subtracts its dead zone and captures separately from element capture
  ---
  duration_ms: 2.054558
  type: 'test'
  ...
# Subtest: Mouse contacts are never converted into touch scrolling
ok 376 - Mouse contacts are never converted into touch scrolling
  ---
  duration_ms: 0.620893
  type: 'test'
  ...
# Subtest: Pen contacts use the same threshold and release contracts as touch
ok 377 - Pen contacts use the same threshold and release contracts as touch
  ---
  duration_ms: 0.63201
  type: 'test'
  ...
# Subtest: unhandled scroll does not steal element capture
ok 378 - unhandled scroll does not steal element capture
  ---
  duration_ms: 1.303609
  type: 'test'
  ...
# Subtest: ScrollViewer cancels a pressed button before dragging can invoke Click
ok 379 - ScrollViewer cancels a pressed button before dragging can invoke Click
  ---
  duration_ms: 15.85754
  type: 'test'
  ...
# Subtest: a normal touch tap still invokes Button.Click once
ok 380 - a normal touch tap still invokes Button.Click once
  ---
  duration_ms: 2.191553
  type: 'test'
  ...
# Subtest: nested boundary-aware scroll recognizers yield to an ancestor that can consume movement
ok 381 - nested boundary-aware scroll recognizers yield to an ancestor that can consume movement
  ---
  duration_ms: 1.333755
  type: 'test'
  ...
# Subtest: pinch reports finite scale, midpoint, angle and exactly one end event
ok 382 - pinch reports finite scale, midpoint, angle and exactly one end event
  ---
  duration_ms: 1.156558
  type: 'test'
  ...
# Subtest: coincident pinch contacts and an extra third contact do not produce NaN or extra captures
ok 383 - coincident pinch contacts and an extra third contact do not produce NaN or extra captures
  ---
  duration_ms: 0.435755
  type: 'test'
  ...
# Subtest: cancel and collection removal release both pinch capture and pending contacts
ok 384 - cancel and collection removal release both pinch capture and pending contacts
  ---
  duration_ms: 0.33275
  type: 'test'
  ...
# Subtest: a second contact upgrades a running scroll to a pinch without leaving scroll state active
ok 385 - a second contact upgrades a running scroll to a pinch without leaving scroll state active
  ---
  duration_ms: 0.477647
  type: 'test'
  ...
# Subtest: PreventGestureRecognition in a tunnel handler suppresses recognizers without suppressing ordinary input
ok 386 - PreventGestureRecognition in a tunnel handler suppresses recognizers without suppressing ordinary input
  ---
  duration_ms: 0.36628
  type: 'test'
  ...
# Subtest: velocity estimator is bounded, rejects reversed time, tolerates duplicate timestamps and stale release
ok 387 - velocity estimator is bounded, rejects reversed time, tolerates duplicate timestamps and stale release
  ---
  duration_ms: 4.344589
  type: 'test'
  ...
# Subtest: inertial displacement is frame-rate independent using analytic integration
ok 388 - inertial displacement is frame-rate independent using analytic integration
  ---
  duration_ms: 2.075199
  type: 'test'
  ...
# Subtest: new press, disabled target, explicit cancellation and disposal stop inertia callbacks
ok 389 - new press, disabled target, explicit cancellation and disposal stop inertia callbacks
  ---
  duration_ms: 0.929156
  type: 'test'
  ...
# Subtest: capture-lost reentrancy preserves the latest capturer
ok 390 - capture-lost reentrancy preserves the latest capturer
  ---
  duration_ms: 0.368754
  type: 'test'
  ...
# Subtest: XAML builds recognizer collections and validates scalar options
ok 391 - XAML builds recognizer collections and validates scalar options
  ---
  duration_ms: 6.401279
  type: 'test'
  ...
# Subtest: cancellation cannot be defeated by a capture-lost handler recapturing
ok 392 - cancellation cannot be defeated by a capture-lost handler recapturing
  ---
  duration_ms: 0.271798
  type: 'test'
  ...
# Subtest: detaching a visual subtree cancels active scroll and releases every contact
ok 393 - detaching a visual subtree cancels active scroll and releases every contact
  ---
  duration_ms: 1.129858
  type: 'test'
  ...
# Subtest: a disposed recognizer stops scheduled inertia, unsubscribes and can never be re-added
ok 394 - a disposed recognizer stops scheduled inertia, unsubscribes and can never be re-added
  ---
  duration_ms: 0.421634
  type: 'test'
  ...
# Subtest: scroll gesture end requests cancel before a subsequent movement is emitted
ok 395 - scroll gesture end requests cancel before a subsequent movement is emitted
  ---
  duration_ms: 0.27311
  type: 'test'
  ...
# Subtest: binary worker transport publishes explicit glyph indices and independent fill/stroke roles
ok 396 - binary worker transport publishes explicit glyph indices and independent fill/stroke roles
  ---
  duration_ms: 74.91467
  type: 'test'
  ...
# Subtest: glyph/path mutations generate immutable resource deltas and preserve font/native reuse
ok 397 - glyph/path mutations generate immutable resource deltas and preserve font/native reuse
  ---
  duration_ms: 45.223411
  type: 'test'
  ...
# Subtest: warm scene capture shares native glyph blob, font descriptor and structured geometry across repaints
ok 398 - warm scene capture shares native glyph blob, font descriptor and structured geometry across repaints
  ---
  duration_ms: 261.097792
  type: 'test'
  ...
# Subtest: a second run with the same cloned face reuses exactly one immutable font resource
ok 399 - a second run with the same cloned face reuses exactly one immutable font resource
  ---
  duration_ms: 9.012424
  type: 'test'
  ...
# Subtest: malformed unknown-glyph rejects before replacing committed render state
ok 400 - malformed unknown-glyph rejects before replacing committed render state
  ---
  duration_ms: 22.586988
  type: 'test'
  ...
# Subtest: malformed invalid-baseline rejects before replacing committed render state
ok 401 - malformed invalid-baseline rejects before replacing committed render state
  ---
  duration_ms: 28.321541
  type: 'test'
  ...
# Subtest: malformed wrong-font-kind rejects before replacing committed render state
ok 402 - malformed wrong-font-kind rejects before replacing committed render state
  ---
  duration_ms: 22.470838
  type: 'test'
  ...
# Subtest: malformed malformed-path rejects before replacing committed render state
ok 403 - malformed malformed-path rejects before replacing committed render state
  ---
  duration_ms: 25.829912
  type: 'test'
  ...
# Subtest: a forged cyclic geometry description fails bounded validation without poisoning native caches
ok 404 - a forged cyclic geometry description fails bounded validation without poisoning native caches
  ---
  duration_ms: 27.662891
  type: 'test'
  ...
# Subtest: removed glyph sources release their server font and run references
ok 405 - removed glyph sources release their server font and run references
  ---
  duration_ms: 23.076849
  type: 'test'
  ...
# Subtest: full worker scene replay reconstructs paths and native glyphs without any UI native handles
ok 406 - full worker scene replay reconstructs paths and native glyphs without any UI native handles
  ---
  duration_ms: 34.410812
  type: 'test'
  ...
# Subtest: positioned glyph transport renders in an actually independent WASM heap
ok 407 - positioned glyph transport renders in an actually independent WASM heap
  ---
  duration_ms: 113.353285
  type: 'test'
  ...
# Subtest: glyph typeface exposes native font metrics and independently owned data/table copies
ok 408 - glyph typeface exposes native font metrics and independently owned data/table copies
  ---
  duration_ms: 15.192191
  type: 'test'
  ...
# Subtest: glyph typeface design advances and metrics agree with native unhinted font
ok 409 - glyph typeface design advances and metrics agree with native unhinted font
  ---
  duration_ms: 20.286396
  type: 'test'
  ...
# Subtest: glyph typeface and immutable run survive disposal of caller-owned original handles
ok 410 - glyph typeface and immutable run survive disposal of caller-owned original handles
  ---
  duration_ms: 27.928896
  type: 'test'
  ...
# Subtest: glyph input records and offsets are immutable snapshots, not caller-owned buffers
ok 411 - glyph input records and offsets are immutable snapshots, not caller-owned buffers
  ---
  duration_ms: 13.273718
  type: 'test'
  ...
# Subtest: glyph run size mutation invalidates immutable descriptors/native state once
ok 412 - glyph run size mutation invalidates immutable descriptors/native state once
  ---
  duration_ms: 9.955206
  type: 'test'
  ...
# Subtest: glyph run baseline mutation invalidates immutable descriptors/native state once
ok 413 - glyph run baseline mutation invalidates immutable descriptors/native state once
  ---
  duration_ms: 9.315769
  type: 'test'
  ...
# Subtest: glyph run characters mutation invalidates immutable descriptors/native state once
ok 414 - glyph run characters mutation invalidates immutable descriptors/native state once
  ---
  duration_ms: 13.760479
  type: 'test'
  ...
# Subtest: glyph run glyphs mutation invalidates immutable descriptors/native state once
ok 415 - glyph run glyphs mutation invalidates immutable descriptors/native state once
  ---
  duration_ms: 13.737294
  type: 'test'
  ...
# Subtest: glyph run bidi mutation invalidates immutable descriptors/native state once
ok 416 - glyph run bidi mutation invalidates immutable descriptors/native state once
  ---
  duration_ms: 13.699237
  type: 'test'
  ...
# Subtest: unchanged native glyph redraws and equivalent baseline assignments retain the same blob
ok 417 - unchanged native glyph redraws and equivalent baseline assignments retain the same blob
  ---
  duration_ms: 14.544337
  type: 'test'
  ...
# Subtest: invalid glyph fields and malformed replacement leave original run intact
ok 418 - invalid glyph fields and malformed replacement leave original run intact
  ---
  duration_ms: 13.016971
  type: 'test'
  ...
# Subtest: glyph-less text has finite baseline metrics and native empty ink
ok 419 - glyph-less text has finite baseline metrics and native empty ink
  ---
  duration_ms: 12.78905
  type: 'test'
  ...
# Subtest: glyph run excludes trailing whitespace without dropping Unicode UTF-16 cluster lengths
ok 420 - glyph run excludes trailing whitespace without dropping Unicode UTF-16 cluster lengths
  ---
  duration_ms: 13.360518
  type: 'test'
  ...
# Subtest: glyph caret cluster navigation in LTR visual order
ok 421 - glyph caret cluster navigation in LTR visual order
  ---
  duration_ms: 13.313317
  type: 'test'
  ...
# Subtest: glyph caret cluster navigation in RTL visual order
ok 422 - glyph caret cluster navigation in RTL visual order
  ---
  duration_ms: 13.074258
  type: 'test'
  ...
# Subtest: glyph navigation handles nonzero source clusters and negative-advance fallback
ok 423 - glyph navigation handles nonzero source clusters and negative-advance fallback
  ---
  duration_ms: 12.966856
  type: 'test'
  ...
# Subtest: native positioned glyph IDs and offsets preserve all RGBA at 1x
ok 424 - native positioned glyph IDs and offsets preserve all RGBA at 1x
  ---
  duration_ms: 42.972098
  type: 'test'
  ...
# Subtest: native positioned glyph IDs and offsets preserve all RGBA at 1.25x
ok 425 - native positioned glyph IDs and offsets preserve all RGBA at 1.25x
  ---
  duration_ms: 38.617494
  type: 'test'
  ...
# Subtest: native positioned glyph IDs and offsets preserve all RGBA at 1.5x
ok 426 - native positioned glyph IDs and offsets preserve all RGBA at 1.5x
  ---
  duration_ms: 22.573823
  type: 'test'
  ...
# Subtest: native positioned glyph IDs and offsets preserve all RGBA at 2x
ok 427 - native positioned glyph IDs and offsets preserve all RGBA at 2x
  ---
  duration_ms: 23.439715
  type: 'test'
  ...
# Subtest: native positioned glyph IDs and offsets preserve all RGBA at 3x
ok 428 - native positioned glyph IDs and offsets preserve all RGBA at 3x
  ---
  duration_ms: 38.141864
  type: 'test'
  ...
# Subtest: glyph run BuildGeometry includes explicit offsets and baseline; overlapping outlines remain filled
ok 429 - glyph run BuildGeometry includes explicit offsets and baseline; overlapping outlines remain filled
  ---
  duration_ms: 20.041237
  type: 'test'
  ...
# Subtest: GlyphRunDrawing tracks mutable runs while DrawingGroup.Open owns an immutable snapshot
ok 430 - GlyphRunDrawing tracks mutable runs while DrawingGroup.Open owns an immutable snapshot
  ---
  duration_ms: 22.819132
  type: 'test'
  ...
# Subtest: runtime XAML GlyphRunDrawing uses actual extension resource and native rendering
ok 431 - runtime XAML GlyphRunDrawing uses actual extension resource and native rendering
  ---
  duration_ms: 24.098445
  type: 'test'
  ...
# Subtest: AOT XAML GlyphRunDrawing uses actual extension resource and native rendering
ok 432 - AOT XAML GlyphRunDrawing uses actual extension resource and native rendering
  ---
  duration_ms: 38.998361
  type: 'test'
  ...
# Subtest: glyph backend registration unwinds out of order and never loads a fallback font silently
ok 433 - glyph backend registration unwinds out of order and never loads a fallback font silently
  ---
  duration_ms: 11.341284
  type: 'test'
  ...
# Subtest: native glyph validation rejects unknown IDs and invalid or oversized font bytes
ok 434 - native glyph validation rejects unknown IDs and invalid or oversized font bytes
  ---
  duration_ms: 13.164153
  type: 'test'
  ...
# Subtest: implicit collection has dictionary and UWP contracts, immutable snapshot and duplicate rejection
ok 435 - implicit collection has dictionary and UWP contracts, immutable snapshot and duplicate rejection
  ---
  duration_ms: 8.88338
  type: 'test'
  ...
# Subtest: implicit ownership accepts shared collections but rejects cross-compositor and disposed resources
ok 436 - implicit ownership accepts shared collections but rejects cross-compositor and disposed resources
  ---
  duration_ms: 0.65862
  type: 'test'
  ...
# Subtest: implicit FinalValue changes base immediately while holding presentation until commit/tick
ok 437 - implicit FinalValue changes base immediately while holding presentation until commit/tick
  ---
  duration_ms: 2.22953
  type: 'test'
  ...
# Subtest: equal values and defensive struct snapshots do not retrigger or change the desired state
ok 438 - equal values and defensive struct snapshots do not retrigger or change the desired state
  ---
  duration_ms: 0.653302
  type: 'test'
  ...
# Subtest: implicit retarget samples the interrupted presentation at setter time without waiting for a frame
ok 439 - implicit retarget samples the interrupted presentation at setter time without waiting for a frame
  ---
  duration_ms: 0.610397
  type: 'test'
  ...
# Subtest: same-clock triggers have distinct identities and captured FinalValue snapshots
ok 440 - same-clock triggers have distinct identities and captured FinalValue snapshots
  ---
  duration_ms: 0.640974
  type: 'test'
  ...
# Subtest: implicit grouped triggers share a clock and pass FinalValue only to the exactly matching target
ok 441 - implicit grouped triggers share a clock and pass FinalValue only to the exactly matching target
  ---
  duration_ms: 0.901385
  type: 'test'
  ...
# Subtest: invalid grouped triggers leave both desired value and running instances untouched
ok 442 - invalid grouped triggers leave both desired value and running instances untouched
  ---
  duration_ms: 0.815225
  type: 'test'
  ...
# Subtest: failed clone releases earlier prepared instances without disposing caller animations
ok 443 - failed clone releases earlier prepared instances without disposing caller animations
  ---
  duration_ms: 0.686101
  type: 'test'
  ...
# Subtest: replacing/removing an implicit collection changes future triggers, not borrowed running snapshots
ok 444 - replacing/removing an implicit collection changes future triggers, not borrowed running snapshots
  ---
  duration_ms: 0.79221
  type: 'test'
  ...
# Subtest: StopAnimation releases its clone and reveals the new implicit base value
ok 445 - StopAnimation releases its clone and reveals the new implicit base value
  ---
  duration_ms: 0.409816
  type: 'test'
  ...
# Subtest: expression StartingValue, CurrentValue and FinalValue are independent inputs
ok 446 - expression StartingValue, CurrentValue and FinalValue are independent inputs
  ---
  duration_ms: 0.40554
  type: 'test'
  ...
# Subtest: implicit SetInitialValueBeforeDelay preserves delay and FinalValue
ok 447 - implicit SetInitialValueBeforeDelay preserves delay and FinalValue
  ---
  duration_ms: 0.366441
  type: 'test'
  ...
# Subtest: implicit SetInitialValueAfterDelay preserves delay and FinalValue
ok 448 - implicit SetInitialValueAfterDelay preserves delay and FinalValue
  ---
  duration_ms: 0.213471
  type: 'test'
  ...
# Subtest: implicit rejects invalid Duration=Infinity atomically
ok 449 - implicit rejects invalid Duration=Infinity atomically
  ---
  duration_ms: 0.259931
  type: 'test'
  ...
# Subtest: implicit rejects invalid DelayTime=NaN atomically
ok 450 - implicit rejects invalid DelayTime=NaN atomically
  ---
  duration_ms: 0.242024
  type: 'test'
  ...
# Subtest: implicit rejects invalid DelayTime=Infinity atomically
ok 451 - implicit rejects invalid DelayTime=Infinity atomically
  ---
  duration_ms: 0.207753
  type: 'test'
  ...
# Subtest: implicit rejects invalid IterationCount=1.5 atomically
ok 452 - implicit rejects invalid IterationCount=1.5 atomically
  ---
  duration_ms: 0.187411
  type: 'test'
  ...
# Subtest: implicit rejects invalid IterationBehavior=invalid atomically
ok 453 - implicit rejects invalid IterationBehavior=invalid atomically
  ---
  duration_ms: 0.172799
  type: 'test'
  ...
# Subtest: implicit rejects invalid Direction=invalid atomically
ok 454 - implicit rejects invalid Direction=invalid atomically
  ---
  duration_ms: 0.147852
  type: 'test'
  ...
# Subtest: implicit rejects invalid DelayBehavior=invalid atomically
ok 455 - implicit rejects invalid DelayBehavior=invalid atomically
  ---
  duration_ms: 0.14666
  type: 'test'
  ...
# Subtest: implicit rejects invalid StopBehavior=invalid atomically
ok 456 - implicit rejects invalid StopBehavior=invalid atomically
  ---
  duration_ms: 0.168213
  type: 'test'
  ...
# Subtest: implicit keyframe type must match its actual property/component
ok 457 - implicit keyframe type must match its actual property/component
  ---
  duration_ms: 0.271018
  type: 'test'
  ...
# Subtest: whole-vector replacement removes conflicting component animations but not sibling properties
ok 458 - whole-vector replacement removes conflicting component animations but not sibling properties
  ---
  duration_ms: 0.399791
  type: 'test'
  ...
# Subtest: implicit runtime XAML layout Offset is absolute, compensated in rendering and hit testing
ok 459 - implicit runtime XAML layout Offset is absolute, compensated in rendering and hit testing
  ---
  duration_ms: 15.339832
  type: 'test'
  ...
# Subtest: implicit AOT XAML layout Offset is absolute, compensated in rendering and hit testing
ok 460 - implicit AOT XAML layout Offset is absolute, compensated in rendering and hit testing
  ---
  duration_ms: 5.189659
  type: 'test'
  ...
# Subtest: stopping one locally completed component preserves a different completed component
ok 461 - stopping one locally completed component preserves a different completed component
  ---
  duration_ms: 0.304908
  type: 'test'
  ...
# Subtest: animation easing and keyframe values are copied for each implicit instance
ok 462 - animation easing and keyframe values are copied for each implicit instance
  ---
  duration_ms: 0.405289
  type: 'test'
  ...
# Subtest: SplineEasing has exact endpoints so an implicit final value does not retain bisection error
ok 463 - SplineEasing has exact endpoints so an implicit final value does not retain bisection error
  ---
  duration_ms: 0.123816
  type: 'test'
  ...
# Subtest: binary implicit trigger carries immutable FinalValue and excludes the client-only collection
ok 464 - binary implicit trigger carries immutable FinalValue and excludes the client-only collection
  ---
  duration_ms: 28.580611
  type: 'test'
  ...
# Subtest: unrelated commits preserve active server presentation and do not replay completed instances
ok 465 - unrelated commits preserve active server presentation and do not replay completed instances
  ---
  duration_ms: 5.905354
  type: 'test'
  ...
# Subtest: retarget derives starting value from render-worker presentation, not a stale client acknowledgement
ok 466 - retarget derives starting value from render-worker presentation, not a stale client acknowledgement
  ---
  duration_ms: 5.050951
  type: 'test'
  ...
# Subtest: same-clock replacements do not collide in binary server identity
ok 467 - same-clock replacements do not collide in binary server identity
  ---
  duration_ms: 3.285217
  type: 'test'
  ...
# Subtest: a new trigger after completion starts from the retained server endpoint without replay
ok 468 - a new trigger after completion starts from the retained server endpoint without replay
  ---
  duration_ms: 2.936844
  type: 'test'
  ...
# Subtest: clearing implicit definitions and assigning a value releases server metadata and final presentation
ok 469 - clearing implicit definitions and assigning a value releases server metadata and final presentation
  ---
  duration_ms: 3.090825
  type: 'test'
  ...
# Subtest: binary SetInitialValueBeforeDelay retains delay semantics
ok 470 - binary SetInitialValueBeforeDelay retains delay semantics
  ---
  duration_ms: 3.584447
  type: 'test'
  ...
# Subtest: binary SetInitialValueAfterDelay retains delay semantics
ok 471 - binary SetInitialValueAfterDelay retains delay semantics
  ---
  duration_ms: 2.371384
  type: 'test'
  ...
# Subtest: reused instance identity with a changed descriptor is rejected without changing live server state
ok 472 - reused instance identity with a changed descriptor is rejected without changing live server state
  ---
  duration_ms: 4.653613
  type: 'test'
  ...
# Subtest: invalid second animation rolls back new clones and preserves the entire server scene
ok 473 - invalid second animation rolls back new clones and preserves the entire server scene
  ---
  duration_ms: 8.171731
  type: 'test'
  ...
# Subtest: component completion, unrelated commits and component stop preserve another completed component
ok 474 - component completion, unrelated commits and component stop preserve another completed component
  ---
  duration_ms: 5.928389
  type: 'test'
  ...
# Subtest: thousands of repeated implicit triggers keep instance ownership bounded and release clocks
ok 475 - thousands of repeated implicit triggers keep instance ownership bounded and release clocks
  ---
  duration_ms: 415.758012
  type: 'test'
  ...
# Subtest: native binary runtime XAML layout animation avoids doubled translation and stale retained pixels
ok 476 - native binary runtime XAML layout animation avoids doubled translation and stale retained pixels
  ---
  duration_ms: 24.76716
  type: 'test'
  ...
# Subtest: native binary AOT XAML layout animation avoids doubled translation and stale retained pixels
ok 477 - native binary AOT XAML layout animation avoids doubled translation and stale retained pixels
  ---
  duration_ms: 24.319126
  type: 'test'
  ...
# Subtest: binary implicit property-set expression preserves Vector4 declared type and FinalValue
ok 478 - binary implicit property-set expression preserves Vector4 declared type and FinalValue
  ---
  duration_ms: 2.350132
  type: 'test'
  ...
# Subtest: binary implicit property-set expression preserves Quaternion declared type and FinalValue
ok 479 - binary implicit property-set expression preserves Quaternion declared type and FinalValue
  ---
  duration_ms: 1.490379
  type: 'test'
  ...
# Subtest: binary implicit property-set expression preserves Matrix4x4 declared type and FinalValue
ok 480 - binary implicit property-set expression preserves Matrix4x4 declared type and FinalValue
  ---
  duration_ms: 1.686505
  type: 'test'
  ...
# Subtest: acknowledged render-worker starting values survive a full renderer recovery snapshot
ok 481 - acknowledged render-worker starting values survive a full renderer recovery snapshot
  ---
  duration_ms: 6.234729
  type: 'test'
  ...
# Subtest: native invalidation: a visual cache never consumes invalidation raised while rendering its snapshot
ok 482 - native invalidation: a visual cache never consumes invalidation raised while rendering its snapshot
  ---
  duration_ms: 14.969125
  type: 'test'
  ...
# Subtest: native invalidation: cached worker visual retains the final composition animation frame
ok 483 - native invalidation: cached worker visual retains the final composition animation frame
  ---
  duration_ms: 23.068808
  type: 'test'
  ...
# Subtest: invalidation: all realized cells and headers follow pixel column resize without hover
ok 484 - invalidation: all realized cells and headers follow pixel column resize without hover
  ---
  duration_ms: 115.804594
  type: 'test'
  ...
# Subtest: invalidation: one control invalidating itself during recording is redrawn on the next capture
ok 485 - invalidation: one control invalidating itself during recording is redrawn on the next capture
  ---
  duration_ms: 3.505928
  type: 'test'
  ...
# Subtest: invalidation: later sibling invalidating an already recorded sibling survives clean-parent reuse
ok 486 - invalidation: later sibling invalidating an already recorded sibling survives clean-parent reuse
  ---
  duration_ms: 2.426336
  type: 'test'
  ...
# Subtest: invalidation: RenderAfter requests do not mark newer content revisions as already recorded
ok 487 - invalidation: RenderAfter requests do not mark newer content revisions as already recorded
  ---
  duration_ms: 1.306263
  type: 'test'
  ...
# Subtest: invalidation: indeterminate progress records changing content without input and stops when disabled
ok 488 - invalidation: indeterminate progress records changing content without input and stops when disabled
  ---
  duration_ms: 33.93084
  type: 'test'
  ...
# Subtest: invalidation: transition from transparent content reaches the worker scene without mouse input
ok 489 - invalidation: transition from transparent content reaches the worker scene without mouse input
  ---
  duration_ms: 4.400373
  type: 'test'
  ...
# Subtest: invalidation: property keyframes generate worker deltas through their final frame
ok 490 - invalidation: property keyframes generate worker deltas through their final frame
  ---
  duration_ms: 1.752974
  type: 'test'
  ...
# Subtest: invalidation: progress resumes after a hidden ancestor is shown without hover
ok 491 - invalidation: progress resumes after a hidden ancestor is shown without hover
  ---
  duration_ms: 5.180765
  type: 'test'
  ...
# Subtest: invalidation: transparent ancestor stops frame requests and showing it resumes progress
ok 492 - invalidation: transparent ancestor stops frame requests and showing it resumes progress
  ---
  duration_ms: 2.882441
  type: 'test'
  ...
# Subtest: invalidation: detached/disposed animation requests do not keep the old root active
ok 493 - invalidation: detached/disposed animation requests do not keep the old root active
  ---
  duration_ms: 3.632118
  type: 'test'
  ...
# Subtest: invalidation: next-frame requests coalesce by owner and preserve unrelated retained drawing
ok 494 - invalidation: next-frame requests coalesce by owner and preserve unrelated retained drawing
  ---
  duration_ms: 5.846972
  type: 'test'
  ...
# Subtest: invalidation: column resize preserves existing binding subscriptions and recycled content presenters
ok 495 - invalidation: column resize preserves existing binding subscriptions and recycled content presenters
  ---
  duration_ms: 29.271393
  type: 'test'
  ...
# Subtest: invalidation: column constraints and star redistribution update cell arrangement in the same pass
ok 496 - invalidation: column constraints and star redistribution update cell arrangement in the same pass
  ---
  duration_ms: 22.197808
  type: 'test'
  ...
# Subtest: invalidation: column hiding and showing update both control layout and retained scene membership
ok 497 - invalidation: column hiding and showing update both control layout and retained scene membership
  ---
  duration_ms: 59.915305
  type: 'test'
  ...
# Subtest: invalidation: backpressure does not consume a render-time invalidation before the next transaction
ok 498 - invalidation: backpressure does not consume a render-time invalidation before the next transaction
  ---
  duration_ms: 2.05597
  type: 'test'
  ...
# Subtest: invalidation: replacing content during an active transition reaches the latest content and final opacity
ok 499 - invalidation: replacing content during an active transition reaches the latest content and final opacity
  ---
  duration_ms: 4.047332
  type: 'test'
  ...
# Subtest: invalidation: animation clock falls back when a worker RAF exists but has no owner window
ok 500 - invalidation: animation clock falls back when a worker RAF exists but has no owner window
  ---
  duration_ms: 46.699219
  type: 'test'
  ...
# Subtest: MultiBinding runtime drives retained and binary-server Skia geometry at 1x
ok 501 - MultiBinding runtime drives retained and binary-server Skia geometry at 1x
  ---
  duration_ms: 76.765542
  type: 'test'
  ...
# Subtest: MultiBinding runtime drives retained and binary-server Skia geometry at 1.25x
ok 502 - MultiBinding runtime drives retained and binary-server Skia geometry at 1.25x
  ---
  duration_ms: 34.124342
  type: 'test'
  ...
# Subtest: MultiBinding runtime drives retained and binary-server Skia geometry at 1.5x
ok 503 - MultiBinding runtime drives retained and binary-server Skia geometry at 1.5x
  ---
  duration_ms: 32.38003
  type: 'test'
  ...
# Subtest: MultiBinding runtime drives retained and binary-server Skia geometry at 2x
ok 504 - MultiBinding runtime drives retained and binary-server Skia geometry at 2x
  ---
  duration_ms: 29.607268
  type: 'test'
  ...
# Subtest: MultiBinding runtime drives retained and binary-server Skia geometry at 3x
ok 505 - MultiBinding runtime drives retained and binary-server Skia geometry at 3x
  ---
  duration_ms: 36.51237
  type: 'test'
  ...
# Subtest: MultiBinding AOT drives retained and binary-server Skia geometry at 1x
ok 506 - MultiBinding AOT drives retained and binary-server Skia geometry at 1x
  ---
  duration_ms: 24.251144
  type: 'test'
  ...
# Subtest: MultiBinding AOT drives retained and binary-server Skia geometry at 1.25x
ok 507 - MultiBinding AOT drives retained and binary-server Skia geometry at 1.25x
  ---
  duration_ms: 18.955836
  type: 'test'
  ...
# Subtest: MultiBinding AOT drives retained and binary-server Skia geometry at 1.5x
ok 508 - MultiBinding AOT drives retained and binary-server Skia geometry at 1.5x
  ---
  duration_ms: 19.321255
  type: 'test'
  ...
# Subtest: MultiBinding AOT drives retained and binary-server Skia geometry at 2x
ok 509 - MultiBinding AOT drives retained and binary-server Skia geometry at 2x
  ---
  duration_ms: 21.740852
  type: 'test'
  ...
# Subtest: MultiBinding AOT drives retained and binary-server Skia geometry at 3x
ok 510 - MultiBinding AOT drives retained and binary-server Skia geometry at 3x
  ---
  duration_ms: 48.748969
  type: 'test'
  ...
# Subtest: MultiBinding initializes once after every synchronous child and publishes a frozen value array
ok 511 - MultiBinding initializes once after every synchronous child and publishes a frozen value array
  ---
  duration_ms: 4.058699
  type: 'test'
  ...
# Subtest: MultiBinding treats an initial UnsetValue as initialized and passes it to the converter
ok 512 - MultiBinding treats an initial UnsetValue as initialized and passes it to the converter
  ---
  duration_ms: 1.502407
  type: 'test'
  ...
# Subtest: MultiBinding waits for a child that initially returns DoNothing instead of formatting a phantom default
ok 513 - MultiBinding waits for a child that initially returns DoNothing instead of formatting a phantom default
  ---
  duration_ms: 0.862907
  type: 'test'
  ...
# Subtest: nested MultiBinding resolves every DataContext path against the real outer target
ok 514 - nested MultiBinding resolves every DataContext path against the real outer target
  ---
  duration_ms: 1.064269
  type: 'test'
  ...
# Subtest: nested compiled self and templated-parent roots do not resolve to internal sink objects
ok 515 - nested compiled self and templated-parent roots do not resolve to internal sink objects
  ---
  duration_ms: 7.320311
  type: 'test'
  ...
# Subtest: nested element-name binding uses the declaration namescope
ok 516 - nested element-name binding uses the declaration namescope
  ---
  duration_ms: 2.028588
  type: 'test'
  ...
# Subtest: MultiBinding ConverterCulture, target type and parameter reach object and function converters
ok 517 - MultiBinding ConverterCulture, target type and parameter reach object and function converters
  ---
  duration_ms: 0.694504
  type: 'test'
  ...
# Subtest: MultiBinding applies actual target metadata conversion
ok 518 - MultiBinding applies actual target metadata conversion
  ---
  duration_ms: 0.375514
  type: 'test'
  ...
# Subtest: MultiBinding skips StringFormat for a known numeric target
ok 519 - MultiBinding skips StringFormat for a known numeric target
  ---
  duration_ms: 0.448444
  type: 'test'
  ...
# Subtest: MultiBinding StringFormat formats converter output, not original inputs
ok 520 - MultiBinding StringFormat formats converter output, not original inputs
  ---
  duration_ms: 5.8889
  type: 'test'
  ...
# Subtest: MultiBinding StringFormat supports indexed arguments, alignment, numeric culture and escaped braces
ok 521 - MultiBinding StringFormat supports indexed arguments, alignment, numeric culture and escaped braces
  ---
  duration_ms: 1.048186
  type: 'test'
  ...
# Subtest: MultiBinding DoNothing preserves both an existing value and StringFormat suppression
ok 522 - MultiBinding DoNothing preserves both an existing value and StringFormat suppression
  ---
  duration_ms: 0.517548
  type: 'test'
  ...
# Subtest: MultiBinding applies TargetNullValue and FallbackValue to distinct converter results
ok 523 - MultiBinding applies TargetNullValue and FallbackValue to distinct converter results
  ---
  duration_ms: 0.374162
  type: 'test'
  ...
# Subtest: MultiBinding BindingNotification errors publish their value and clear on recovery
ok 524 - MultiBinding BindingNotification errors publish their value and clear on recovery
  ---
  duration_ms: 0.480412
  type: 'test'
  ...
# Subtest: MultiBinding converter failure publishes fallback, remains subscribed and recovers
ok 525 - MultiBinding converter failure publishes fallback, remains subscribed and recovers
  ---
  duration_ms: 0.515304
  type: 'test'
  ...
# Subtest: MultiBinding invalid format publishes fallback and reports a recoverable error
ok 526 - MultiBinding invalid format publishes fallback and reports a recoverable error
  ---
  duration_ms: 0.327162
  type: 'test'
  ...
# Subtest: MultiBinding without converter returns immutable snapshots that never mutate a retained previous output
ok 527 - MultiBinding without converter returns immutable snapshots that never mutate a retained previous output
  ---
  duration_ms: 0.934925
  type: 'test'
  ...
# Subtest: MultiBinding active definitions do not change when a caller edits the shared binding graph
ok 528 - MultiBinding active definitions do not change when a caller edits the shared binding graph
  ---
  duration_ms: 0.544258
  type: 'test'
  ...
# Subtest: shared MultiBinding definitions have independent targets and disposal ownership
ok 529 - shared MultiBinding definitions have independent targets and disposal ownership
  ---
  duration_ms: 0.453872
  type: 'test'
  ...
# Subtest: MultiBinding OneTime detaches child observers after the first successful aggregate
ok 530 - MultiBinding OneTime detaches child observers after the first successful aggregate
  ---
  duration_ms: 0.35945
  type: 'test'
  ...
# Subtest: MultiBinding OneTime does not freeze converter fallback or DoNothing
ok 531 - MultiBinding OneTime does not freeze converter fallback or DoNothing
  ---
  duration_ms: 1.397249
  type: 'test'
  ...
# Subtest: MultiBinding child TwoWay definitions never write converted aggregate values back to sources
ok 532 - MultiBinding child TwoWay definitions never write converted aggregate values back to sources
  ---
  duration_ms: 0.378529
  type: 'test'
  ...
# Subtest: MultiBinding cycles and invalid child definitions leave the prior target binding intact
ok 533 - MultiBinding cycles and invalid child definitions leave the prior target binding intact
  ---
  duration_ms: 0.556497
  type: 'test'
  ...
# Subtest: MultiBinding rejects excessive graph depth and child count before subscribing
ok 534 - MultiBinding rejects excessive graph depth and child count before subscribing
  ---
  duration_ms: 5.241366
  type: 'test'
  ...
# Subtest: MultiBinding supports repeated child definitions without treating a shared DAG as a cycle
ok 535 - MultiBinding supports repeated child definitions without treating a shared DAG as a cycle
  ---
  duration_ms: 0.329195
  type: 'test'
  ...
# Subtest: MultiBinding can be replaced from inside its own converter without stale publication
ok 536 - MultiBinding can be replaced from inside its own converter without stale publication
  ---
  duration_ms: 0.350817
  type: 'test'
  ...
# Subtest: MultiBinding converter reentrant source changes converge without recursive converter calls
ok 537 - MultiBinding converter reentrant source changes converge without recursive converter calls
  ---
  duration_ms: 0.373842
  type: 'test'
  ...
# Subtest: MultiBinding nonconvergent reentrant converter is bounded and reports failure
ok 538 - MultiBinding nonconvergent reentrant converter is bounded and reports failure
  ---
  duration_ms: 4.290878
  type: 'test'
  ...
# Subtest: 1000 MultiBinding attach/dispose cycles leave no target lifetime entries or source subscriptions
ok 539 - 1000 MultiBinding attach/dispose cycles leave no target lifetime entries or source subscriptions
  ---
  duration_ms: 65.588404
  type: 'test'
  ...
# Subtest: MultiBinding priority removal reveals a lower-priority binding without disposing it
ok 540 - MultiBinding priority removal reveals a lower-priority binding without disposing it
  ---
  duration_ms: 0.561664
  type: 'test'
  ...
# Subtest: nested compiled observable streams retain null, reject stale streams and release subscriptions
ok 541 - nested compiled observable streams retain null, reject stale streams and release subscriptions
  ---
  duration_ms: 3.979019
  type: 'test'
  ...
# Subtest: MultiBinding deferred compiled Promise values ignore completion after disposal
ok 542 - MultiBinding deferred compiled Promise values ignore completion after disposal
  ---
  duration_ms: 28.747776
  type: 'test'
  ...
# Subtest: MultiBinding direct properties execute their real setter
ok 543 - MultiBinding direct properties execute their real setter
  ---
  duration_ms: 0.687343
  type: 'test'
  ...
# Subtest: composite formatting {0,5:D3} preserves its value contract
ok 544 - composite formatting {0,5:D3} preserves its value contract
  ---
  duration_ms: 0.16636
  type: 'test'
  ...
# Subtest: composite formatting {0:X4} preserves its value contract
ok 545 - composite formatting {0:X4} preserves its value contract
  ---
  duration_ms: 0.067932
  type: 'test'
  ...
# Subtest: composite formatting {0:D20} preserves its value contract
ok 546 - composite formatting {0:D20} preserves its value contract
  ---
  duration_ms: 0.148213
  type: 'test'
  ...
# Subtest: composite formatting {{{0}}} preserves its value contract
ok 547 - composite formatting {{{0}}} preserves its value contract
  ---
  duration_ms: 0.064808
  type: 'test'
  ...
# Subtest: composite formatting {0}/{1} preserves its value contract
ok 548 - composite formatting {0}/{1} preserves its value contract
  ---
  duration_ms: 0.052949
  type: 'test'
  ...
# Subtest: composite formatting {0:F2} preserves its value contract
ok 549 - composite formatting {0:F2} preserves its value contract
  ---
  duration_ms: 0.188673
  type: 'test'
  ...
# Subtest: composite formatting {0:P0} preserves its value contract
ok 550 - composite formatting {0:P0} preserves its value contract
  ---
  duration_ms: 0.178238
  type: 'test'
  ...
# Subtest: composite formatting malformed, unsupported or oversized requests fail explicitly
ok 551 - composite formatting malformed, unsupported or oversized requests fail explicitly
  ---
  duration_ms: 0.363376
  type: 'test'
  ...
# Subtest: public format converters preserve inner converter output and cannot convert back
ok 552 - public format converters preserve inner converter output and cannot convert back
  ---
  duration_ms: 0.555375
  type: 'test'
  ...
# Subtest: composite numeric formatter cache reuses warm culture/precision and evicts past its bound
ok 553 - composite numeric formatter cache reuses warm culture/precision and evicts past its bound
  ---
  duration_ms: 11.443687
  type: 'test'
  ...
# Subtest: child fallback values are initialized converter inputs rather than aggregate errors
ok 554 - child fallback values are initialized converter inputs rather than aggregate errors
  ---
  duration_ms: 1.196578
  type: 'test'
  ...
# Subtest: MultiBinding runtime: nesting shares the actual target and supports forward named-element references
ok 555 - MultiBinding runtime: nesting shares the actual target and supports forward named-element references
  ---
  duration_ms: 33.502892
  type: 'test'
  ...
# Subtest: MultiBinding runtime: object-element Binding honors inherited CompileBindings and lexical DataType
ok 556 - MultiBinding runtime: object-element Binding honors inherited CompileBindings and lexical DataType
  ---
  duration_ms: 4.333763
  type: 'test'
  ...
# Subtest: MultiBinding runtime: invalid nested compiled member fails before subscribing any child
ok 557 - MultiBinding runtime: invalid nested compiled member fails before subscribing any child
  ---
  duration_ms: 2.476061
  type: 'test'
  ...
# Subtest: MultiBinding runtime: explicit ReflectionBinding opts out of an inherited compiled schema
ok 558 - MultiBinding runtime: explicit ReflectionBinding opts out of an inherited compiled schema
  ---
  duration_ms: 2.016711
  type: 'test'
  ...
# Subtest: MultiBinding runtime: explicit Self/Source roots are not checked against the DataContext schema
ok 559 - MultiBinding runtime: explicit Self/Source roots are not checked against the DataContext schema
  ---
  duration_ms: 2.74824
  type: 'test'
  ...
# Subtest: MultiBinding runtime: custom reusable graph resolves nested x:Reference per construction without mutation
ok 560 - MultiBinding runtime: custom reusable graph resolves nested x:Reference per construction without mutation
  ---
  duration_ms: 6.769813
  type: 'test'
  ...
# Subtest: MultiBinding runtime: converter resource, parameter and culture retain declared values
ok 561 - MultiBinding runtime: converter resource, parameter and culture retain declared values
  ---
  duration_ms: 14.017986
  type: 'test'
  ...
# Subtest: MultiBinding runtime: template child streams and bindings have per-instance lifetime
ok 562 - MultiBinding runtime: template child streams and bindings have per-instance lifetime
  ---
  duration_ms: 4.740394
  type: 'test'
  ...
# Subtest: MultiBinding AOT: nesting shares the actual target and supports forward named-element references
ok 563 - MultiBinding AOT: nesting shares the actual target and supports forward named-element references
  ---
  duration_ms: 14.877337
  type: 'test'
  ...
# Subtest: MultiBinding AOT: object-element Binding honors inherited CompileBindings and lexical DataType
ok 564 - MultiBinding AOT: object-element Binding honors inherited CompileBindings and lexical DataType
  ---
  duration_ms: 4.833974
  type: 'test'
  ...
# Subtest: MultiBinding AOT: invalid nested compiled member fails before subscribing any child
ok 565 - MultiBinding AOT: invalid nested compiled member fails before subscribing any child
  ---
  duration_ms: 6.030462
  type: 'test'
  ...
# Subtest: MultiBinding AOT: explicit ReflectionBinding opts out of an inherited compiled schema
ok 566 - MultiBinding AOT: explicit ReflectionBinding opts out of an inherited compiled schema
  ---
  duration_ms: 4.556898
  type: 'test'
  ...
# Subtest: MultiBinding AOT: explicit Self/Source roots are not checked against the DataContext schema
ok 567 - MultiBinding AOT: explicit Self/Source roots are not checked against the DataContext schema
  ---
  duration_ms: 5.213405
  type: 'test'
  ...
# Subtest: MultiBinding AOT: custom reusable graph resolves nested x:Reference per construction without mutation
ok 568 - MultiBinding AOT: custom reusable graph resolves nested x:Reference per construction without mutation
  ---
  duration_ms: 10.142216
  type: 'test'
  ...
# Subtest: MultiBinding AOT: converter resource, parameter and culture retain declared values
ok 569 - MultiBinding AOT: converter resource, parameter and culture retain declared values
  ---
  duration_ms: 4.258319
  type: 'test'
  ...
# Subtest: MultiBinding AOT: template child streams and bindings have per-instance lifetime
ok 570 - MultiBinding AOT: template child streams and bindings have per-instance lifetime
  ---
  duration_ms: 5.643251
  type: 'test'
  ...
# Subtest: actual native Skia surface draws pixels and encodes PNG
ok 571 - actual native Skia surface draws pixels and encodes PNG
  ---
  duration_ms: 18.396637
  type: 'test'
  ...
# Subtest: native SVG path geometry has accurate bounds and fill hit testing
ok 572 - native SVG path geometry has accurate bounds and fill hit testing
  ---
  duration_ms: 3.687882
  type: 'test'
  ...
# Subtest: native path boolean intersection produces actual geometry
ok 573 - native path boolean intersection produces actual geometry
  ---
  duration_ms: 1.695698
  type: 'test'
  ...
# Subtest: multiple registered faces in one family retain independent native ownership
ok 574 - multiple registered faces in one family retain independent native ownership
  ---
  duration_ms: 92.518765
  type: 'test'
  ...
# Subtest: retained native paragraph keys are serialized once across repeated shaping queries
ok 575 - retained native paragraph keys are serialized once across repeated shaping queries
  ---
  duration_ms: 58.537309
  type: 'test'
  ...
# Subtest: font handles remain safe when disposed after their owning platform
ok 576 - font handles remain safe when disposed after their owning platform
  ---
  duration_ms: 25.775429
  type: 'test'
  ...
# Subtest: solid native paints are reused without changing the rendered color after eviction
ok 577 - solid native paints are reused without changing the rendered color after eviction
  ---
  duration_ms: 9.342259
  type: 'test'
  ...
# Subtest: GL DOM owner records RGBA without a Skia API and flips rows once
ok 578 - GL DOM owner records RGBA without a Skia API and flips rows once
  ---
  duration_ms: 9.415479
  type: 'test'
  ...
# Subtest: GL worker owner records RGBA without a Skia API and flips rows once
ok 579 - GL worker owner records RGBA without a Skia API and flips rows once
  ---
  duration_ms: 0.923367
  type: 'test'
  ...
# Subtest: GL warm captures reuse the bitmap descriptor and never read pixels again
ok 580 - GL warm captures reuse the bitmap descriptor and never read pixels again
  ---
  duration_ms: 0.820323
  type: 'test'
  ...
# Subtest: GL requested frame replaces immutable descriptor bytes without mutating an in-flight snapshot
ok 581 - GL requested frame replaces immutable descriptor bytes without mutating an in-flight snapshot
  ---
  duration_ms: 1.019361
  type: 'test'
  ...
# Subtest: GL resize releases old bitmap and publishes fresh dimensions
ok 582 - GL resize releases old bitmap and publishes fresh dimensions
  ---
  duration_ms: 0.864239
  type: 'test'
  ...
# Subtest: GL buffer limits fail before native context creation or allocation
ok 583 - GL buffer limits fail before native context creation or allocation
  ---
  duration_ms: 0.635896
  type: 'test'
  ...
# Subtest: GL context loss drops cached pixels and restoration reinitializes once
ok 584 - GL context loss drops cached pixels and restoration reinitializes once
  ---
  duration_ms: 0.87814
  type: 'test'
  ...
# Subtest: GL teardown always releases native context and bitmap even when deinit throws
ok 585 - GL teardown always releases native context and bitmap even when deinit throws
  ---
  duration_ms: 1.155587
  type: 'test'
  ...
# Subtest: GL direct native upload refreshes pixels after a requested frame
ok 586 - GL direct native upload refreshes pixels after a requested frame
  ---
  duration_ms: 99.280761
  type: 'test'
  ...
# Subtest: PathGeometry is a StreamGeometry with upstream figure and segment defaults
ok 587 - PathGeometry is a StreamGeometry with upstream figure and segment defaults
  ---
  duration_ms: 4.052069
  type: 'test'
  ...
# Subtest: unfilled figures contribute stroke but never fill, including geometry hit testing
ok 588 - unfilled figures contribute stroke but never fill, including geometry hit testing
  ---
  duration_ms: 15.926153
  type: 'test'
  ...
# Subtest: non-stroked segments still fill and closed broken contours return to original start
ok 589 - non-stroked segments still fill and closed broken contours return to original start
  ---
  duration_ms: 3.125577
  type: 'test'
  ...
# Subtest: StreamGeometry writer retains independent fill/stroke flags and rejects a concurrent writer
ok 590 - StreamGeometry writer retains independent fill/stroke flags and rejects a concurrent writer
  ---
  duration_ms: 0.928265
  type: 'test'
  ...
# Subtest: StreamGeometry writer abort preserves old path, rule and cache descriptor
ok 591 - StreamGeometry writer abort preserves old path, rule and cache descriptor
  ---
  duration_ms: 0.856187
  type: 'test'
  ...
# Subtest: stream writer publishes path and fill rule as one observable geometry revision
ok 592 - stream writer publishes path and fill rule as one observable geometry revision
  ---
  duration_ms: 0.376686
  type: 'test'
  ...
# Subtest: path geometry writer builds real figures and segment objects with transactional abort
ok 593 - path geometry writer builds real figures and segment objects with transactional abort
  ---
  duration_ms: 1.501286
  type: 'test'
  ...
# Subtest: path markup normalizes complete command stream: m10 20 5 5 h10 v-5 z
ok 594 - path markup normalizes complete command stream: m10 20 5 5 h10 v-5 z
  ---
  duration_ms: 0.871169
  type: 'test'
  ...
# Subtest: path markup normalizes complete command stream: M0 0C1 2 3 4 5 6s2 3 4 5
ok 595 - path markup normalizes complete command stream: M0 0C1 2 3 4 5 6s2 3 4 5
  ---
  duration_ms: 0.560172
  type: 'test'
  ...
# Subtest: path markup normalizes complete command stream: M0 0Q10 20 30 0t30 0
ok 596 - path markup normalizes complete command stream: M0 0Q10 20 30 0t30 0
  ---
  duration_ms: 0.572651
  type: 'test'
  ...
# Subtest: path markup normalizes complete command stream: M.1 -.2 L1e1 +2.5e+1
ok 597 - path markup normalizes complete command stream: M.1 -.2 L1e1 +2.5e+1
  ---
  duration_ms: 0.331188
  type: 'test'
  ...
# Subtest: path markup normalizes complete command stream: F1 M10 20 A30 40 45 0110 60
ok 598 - path markup normalizes complete command stream: F1 M10 20 A30 40 45 0110 60
  ---
  duration_ms: 0.743748
  type: 'test'
  ...
# Subtest: path markup normalizes complete command stream: M1 2L3 4Z m10 10l2 2
ok 599 - path markup normalizes complete command stream: M1 2L3 4Z m10 10l2 2
  ---
  duration_ms: 0.568745
  type: 'test'
  ...
# Subtest: path parser rejects malformed or ambiguous input: L10 20
ok 600 - path parser rejects malformed or ambiguous input: L10 20
  ---
  duration_ms: 0.277067
  type: 'test'
  ...
# Subtest: path parser rejects malformed or ambiguous input: M0
ok 601 - path parser rejects malformed or ambiguous input: M0
  ---
  duration_ms: 0.144317
  type: 'test'
  ...
# Subtest: path parser rejects malformed or ambiguous input: M0 0L
ok 602 - path parser rejects malformed or ambiguous input: M0 0L
  ---
  duration_ms: 0.183075
  type: 'test'
  ...
# Subtest: path parser rejects malformed or ambiguous input: M0 0 X1 2
ok 603 - path parser rejects malformed or ambiguous input: M0 0 X1 2
  ---
  duration_ms: 0.234482
  type: 'test'
  ...
# Subtest: path parser rejects malformed or ambiguous input: M0 0L1e999 2
ok 604 - path parser rejects malformed or ambiguous input: M0 0L1e999 2
  ---
  duration_ms: 0.29252
  type: 'test'
  ...
# Subtest: path parser rejects malformed or ambiguous input: M0 0,
ok 605 - path parser rejects malformed or ambiguous input: M0 0,
  ---
  duration_ms: 0.309304
  type: 'test'
  ...
# Subtest: path parser rejects malformed or ambiguous input: M0 0,,1 2
ok 606 - path parser rejects malformed or ambiguous input: M0 0,,1 2
  ---
  duration_ms: 0.204508
  type: 'test'
  ...
# Subtest: path parser rejects malformed or ambiguous input: M0 0A1 2 3 2 0 5 6
ok 607 - path parser rejects malformed or ambiguous input: M0 0A1 2 3 2 0 5 6
  ---
  duration_ms: 0.21311
  type: 'test'
  ...
# Subtest: path parser rejects malformed or ambiguous input: M0 0A-1 2 3 0 0 5 6
ok 608 - path parser rejects malformed or ambiguous input: M0 0A-1 2 3 0 0 5 6
  ---
  duration_ms: 0.220521
  type: 'test'
  ...
# Subtest: path parser rejects malformed or ambiguous input: Z
ok 609 - path parser rejects malformed or ambiguous input: Z
  ---
  duration_ms: 0.161473
  type: 'test'
  ...
# Subtest: path parser rejects malformed or ambiguous input: M0 0Z Z
ok 610 - path parser rejects malformed or ambiguous input: M0 0Z Z
  ---
  duration_ms: 0.214121
  type: 'test'
  ...
# Subtest: nested geometry changes propagate once and unchanged signatures do not recompile paths
ok 611 - nested geometry changes propagate once and unchanged signatures do not recompile paths
  ---
  duration_ms: 4.496497
  type: 'test'
  ...
# Subtest: path collections enforce typed mutations and reject geometry DAG cycles before mutation
ok 612 - path collections enforce typed mutations and reject geometry DAG cycles before mutation
  ---
  duration_ms: 0.864199
  type: 'test'
  ...
# Subtest: group and child affine transforms participate in native fill/hit/bounds rather than concatenated SVG text
ok 613 - group and child affine transforms participate in native fill/hit/bounds rather than concatenated SVG text
  ---
  duration_ms: 3.527451
  type: 'test'
  ...
# Subtest: geometry Boolean operations retain nested transforms and do not borrow an evicted native input
ok 614 - geometry Boolean operations retain nested transforms and do not borrow an evicted native input
  ---
  duration_ms: 2.613668
  type: 'test'
  ...
# Subtest: geometry backend leases restore prior native provider after a temporary platform is disposed
ok 615 - geometry backend leases restore prior native provider after a temporary platform is disposed
  ---
  duration_ms: 0.301353
  type: 'test'
  ...
# Subtest: native stroked geometry bounds, cap, dash hit testing and widening use actual path outline
ok 616 - native stroked geometry bounds, cap, dash hit testing and widening use actual path outline
  ---
  duration_ms: 9.920288
  type: 'test'
  ...
# Subtest: contour position/tangent and extraction operate on actual native curve
ok 617 - contour position/tangent and extraction operate on actual native curve
  ---
  duration_ms: 2.771675
  type: 'test'
  ...
# Subtest: PolyLineSegment collections notify, clone deeply, and record valid native commands
ok 618 - PolyLineSegment collections notify, clone deeply, and record valid native commands
  ---
  duration_ms: 0.98484
  type: 'test'
  ...
# Subtest: PolyBezierSegment collections notify, clone deeply, and record valid native commands
ok 619 - PolyBezierSegment collections notify, clone deeply, and record valid native commands
  ---
  duration_ms: 0.556987
  type: 'test'
  ...
# Subtest: PolyQuadraticBezierSegment collections notify, clone deeply, and record valid native commands
ok 620 - PolyQuadraticBezierSegment collections notify, clone deeply, and record valid native commands
  ---
  duration_ms: 0.587013
  type: 'test'
  ...
# Subtest: runtime XAML constructs all path segments and string Figures with typed values
ok 621 - runtime XAML constructs all path segments and string Figures with typed values
  ---
  duration_ms: 12.317891
  type: 'test'
  ...
# Subtest: AOT XAML constructs all path segments and string Figures with typed values
ok 622 - AOT XAML constructs all path segments and string Figures with typed values
  ---
  duration_ms: 27.238093
  type: 'test'
  ...
# Subtest: malformed nested geometry descriptions do not allocate partial owned child graphs
ok 623 - malformed nested geometry descriptions do not allocate partial owned child graphs
  ---
  duration_ms: 0.489917
  type: 'test'
  ...
# Subtest: ImageBrush uses native image shader with transparent uniform letterboxing
ok 624 - ImageBrush uses native image shader with transparent uniform letterboxing
  ---
  duration_ms: 17.006437
  type: 'test'
  ...
# Subtest: VisualBrush snapshots actual retained content and refreshes mutable brushes
ok 625 - VisualBrush snapshots actual retained content and refreshes mutable brushes
  ---
  duration_ms: 14.051616
  type: 'test'
  ...
# Subtest: BitmapCache reuses unchanged content, refreshes descendants, and releases on dispose
ok 626 - BitmapCache reuses unchanged content, refreshes descendants, and releases on dispose
  ---
  duration_ms: 8.88338
  type: 'test'
  ...
# Subtest: native blur and drop shadow affect pixels outside original geometry
ok 627 - native blur and drop shadow affect pixels outside original geometry
  ---
  duration_ms: 10.079036
  type: 'test'
  ...
# Subtest: inset shadows are clipped to the border and darken interior edge
ok 628 - inset shadows are clipped to the border and darken interior edge
  ---
  duration_ms: 7.611249
  type: 'test'
  ...
# Subtest: acrylic filters the existing native surface before applying material tint
ok 629 - acrylic filters the existing native surface before applying material tint
  ---
  duration_ms: 2.552165
  type: 'test'
  ...
# Subtest: value priorities expose lower priorities when disposed
ok 630 - value priorities expose lower priorities when disposed
  ---
  duration_ms: 1.184991
  type: 'test'
  ...
# Subtest: later same-priority value wins and removal reveals prior
ok 631 - later same-priority value wins and removal reveals prior
  ---
  duration_ms: 0.351278
  type: 'test'
  ...
# Subtest: inheritance notifications and local overrides
ok 632 - inheritance notifications and local overrides
  ---
  duration_ms: 1.328076
  type: 'test'
  ...
# Subtest: inheritance cycles are rejected
ok 633 - inheritance cycles are rejected
  ---
  duration_ms: 0.47917
  type: 'test'
  ...
# Subtest: RxJS observable binding lifecycle and SetCurrentValue
ok 634 - RxJS observable binding lifecycle and SetCurrentValue
  ---
  duration_ms: 1.28139
  type: 'test'
  ...
# Subtest: style observable does not replace local observable binding
ok 635 - style observable does not replace local observable binding
  ---
  duration_ms: 0.250036
  type: 'test'
  ...
# Subtest: direct properties call setter and publish once
ok 636 - direct properties call setter and publish once
  ---
  duration_ms: 0.285209
  type: 'test'
  ...
# Subtest: ReactiveWeb nested source replacement rebinds path
ok 637 - ReactiveWeb nested source replacement rebinds path
  ---
  duration_ms: 3.255773
  type: 'test'
  ...
# Subtest: ReactiveWeb two-way textbox binding
ok 638 - ReactiveWeb two-way textbox binding
  ---
  duration_ms: 4.152851
  type: 'test'
  ...
# Subtest: OneTime binding takes initial source only
ok 639 - OneTime binding takes initial source only
  ---
  duration_ms: 0.892101
  type: 'test'
  ...
# Subtest: binding fallback applies to missing source path
ok 640 - binding fallback applies to missing source path
  ---
  duration_ms: 0.336265
  type: 'test'
  ...
# Subtest: binding target-null replacement preserves null semantics
ok 641 - binding target-null replacement preserves null semantics
  ---
  duration_ms: 0.371388
  type: 'test'
  ...
# Subtest: unsafe binding path rejected: __proto__.polluted
ok 642 - unsafe binding path rejected: __proto__.polluted
  ---
  duration_ms: 0.143536
  type: 'test'
  ...
# Subtest: unsafe binding path rejected: constructor.name
ok 643 - unsafe binding path rejected: constructor.name
  ---
  duration_ms: 0.098207
  type: 'test'
  ...
# Subtest: unsafe binding path rejected: Value["__proto__"]
ok 644 - unsafe binding path rejected: Value["__proto__"]
  ---
  duration_ms: 0.164598
  type: 'test'
  ...
# Subtest: binding path parses array and dictionary indexers
ok 645 - binding path parses array and dictionary indexers
  ---
  duration_ms: 0.214773
  type: 'test'
  ...
# Subtest: dynamic resource updates existing target
ok 646 - dynamic resource updates existing target
  ---
  duration_ms: 1.98293
  type: 'test'
  ...
# Subtest: conditional styles activate and deactivate without defeating local values
ok 647 - conditional styles activate and deactivate without defeating local values
  ---
  duration_ms: 4.697029
  type: 'test'
  ...
# Subtest: attached properties are supported in style setters
ok 648 - attached properties are supported in style setters
  ---
  duration_ms: 0.515254
  type: 'test'
  ...
# Subtest: measure/arrange applies margin and alignment
ok 649 - measure/arrange applies margin and alignment
  ---
  duration_ms: 2.009991
  type: 'test'
  ...
# Subtest: Grid resolves pixel and weighted star columns
ok 650 - Grid resolves pixel and weighted star columns
  ---
  duration_ms: 4.400353
  type: 'test'
  ...
# Subtest: Grid star row behaves as auto under infinite measure
ok 651 - Grid star row behaves as auto under infinite measure
  ---
  duration_ms: 3.439629
  type: 'test'
  ...
# Subtest: Grid layout invalidates after definition changes
ok 652 - Grid layout invalidates after definition changes
  ---
  duration_ms: 2.397884
  type: 'test'
  ...
# Subtest: StackPanel sums children and spacing
ok 653 - StackPanel sums children and spacing
  ---
  duration_ms: 1.019712
  type: 'test'
  ...
# Subtest: WrapPanel starts a new line when width is exceeded
ok 654 - WrapPanel starts a new line when width is exceeded
  ---
  duration_ms: 1.030048
  type: 'test'
  ...
# Subtest: RelativePanel detects circular sibling references
ok 655 - RelativePanel detects circular sibling references
  ---
  duration_ms: 1.043949
  type: 'test'
  ...
# Subtest: visual ownership rejects duplicates and cycles
ok 656 - visual ownership rejects duplicates and cycles
  ---
  duration_ms: 1.824638
  type: 'test'
  ...
# Subtest: headless mouse click invokes a genuine ReactiveCommand
ok 657 - headless mouse click invokes a genuine ReactiveCommand
  ---
  duration_ms: 4.899312
  type: 'test'
  ...
# Subtest: button keyboard activation and disabled state
ok 658 - button keyboard activation and disabled state
  ---
  duration_ms: 1.621737
  type: 'test'
  ...
# Subtest: routed event tunnels before bubbling
ok 659 - routed event tunnels before bubbling
  ---
  duration_ms: 0.479821
  type: 'test'
  ...
# Subtest: virtual ListBox realizes a bounded viewport for 10,000 items
ok 660 - virtual ListBox realizes a bounded viewport for 10,000 items
  ---
  duration_ms: 20.570193
  type: 'test'
  ...
# Subtest: virtual ListBox nested in unconstrained Grid converges
ok 661 - virtual ListBox nested in unconstrained Grid converges
  ---
  duration_ms: 15.455226
  type: 'test'
  ...
# Subtest: Menu rebuild preserves caller-owned MenuItem instances
ok 662 - Menu rebuild preserves caller-owned MenuItem instances
  ---
  duration_ms: 2.064702
  type: 'test'
  ...
# Subtest: scalar XAML resources, attached properties and namescope
ok 663 - scalar XAML resources, attached properties and namescope
  ---
  duration_ms: 10.038756
  type: 'test'
  ...
# Subtest: XAML two-way bindings integrate ReactiveWeb
ok 664 - XAML two-way bindings integrate ReactiveWeb
  ---
  duration_ms: 3.920071
  type: 'test'
  ...
# Subtest: AOT emitter produces executable ESM without eval
ok 665 - AOT emitter produces executable ESM without eval
  ---
  duration_ms: 41.588298
  type: 'test'
  ...
# Subtest: ControlTemplate and TemplateBinding propagate content
ok 666 - ControlTemplate and TemplateBinding propagate content
  ---
  duration_ms: 5.67657
  type: 'test'
  ...
# Subtest: XML parser rejects DOCTYPE
ok 667 - XML parser rejects DOCTYPE
  ---
  duration_ms: 0.188554
  type: 'test'
  ...
# Subtest: XML parser rejects external entity
ok 668 - XML parser rejects external entity
  ---
  duration_ms: 0.206421
  type: 'test'
  ...
# Subtest: XML parser rejects bare ampersand
ok 669 - XML parser rejects bare ampersand
  ---
  duration_ms: 0.156906
  type: 'test'
  ...
# Subtest: XML parser rejects duplicate attribute
ok 670 - XML parser rejects duplicate attribute
  ---
  duration_ms: 0.092479
  type: 'test'
  ...
# Subtest: XML parser rejects mismatched close
ok 671 - XML parser rejects mismatched close
  ---
  duration_ms: 0.070486
  type: 'test'
  ...
# Subtest: XML parser rejects undeclared namespace
ok 672 - XML parser rejects undeclared namespace
  ---
  duration_ms: 0.068804
  type: 'test'
  ...
# Subtest: XML parser rejects multiple roots
ok 673 - XML parser rejects multiple roots
  ---
  duration_ms: 0.078257
  type: 'test'
  ...
# Subtest: XML parser rejects invalid codepoint
ok 674 - XML parser rejects invalid codepoint
  ---
  duration_ms: 0.11361
  type: 'test'
  ...
# Subtest: XML parser enforces nesting limit
ok 675 - XML parser enforces nesting limit
  ---
  duration_ms: 0.142374
  type: 'test'
  ...
# Subtest: XML parser handles namespaced attributes and escaped text
ok 676 - XML parser handles namespaced attributes and escaped text
  ---
  duration_ms: 0.177367
  type: 'test'
  ...
# Subtest: markup extension parser preserves nested expressions and quoted commas
ok 677 - markup extension parser preserves nested expressions and quoted commas
  ---
  duration_ms: 0.160521
  type: 'test'
  ...
# Subtest: unknown XAML types and properties fail rather than being ignored
ok 678 - unknown XAML types and properties fail rather than being ignored
  ---
  duration_ms: 0.815776
  type: 'test'
  ...
# Subtest: XAML property assignment cannot pollute prototypes
ok 679 - XAML property assignment cannot pollute prototypes
  ---
  duration_ms: 0.394452
  type: 'test'
  ...
# Subtest: animation samples keyframes and restores base value
ok 680 - animation samples keyframes and restores base value
  ---
  duration_ms: 1.302497
  type: 'test'
  ...
# Subtest: animation abort releases priority values and subscription
ok 681 - animation abort releases priority values and subscription
  ---
  duration_ms: 0.369165
  type: 'test'
  ...
# Subtest: LRU cache eviction disposes native resources
ok 682 - LRU cache eviction disposes native resources
  ---
  duration_ms: 0.258879
  type: 'test'
  ...
# Subtest: affine matrix inverse restores transformed coordinates
ok 683 - affine matrix inverse restores transformed coordinates
  ---
  duration_ms: 0.114842
  type: 'test'
  ...
# Subtest: Color uses Avalonia ARGB hexadecimal ordering
ok 684 - Color uses Avalonia ARGB hexadecimal ordering
  ---
  duration_ms: 0.196466
  type: 'test'
  ...
# Subtest: Calendar selected date updates the selected-date collection
ok 685 - Calendar selected date updates the selected-date collection
  ---
  duration_ms: 0.754564
  type: 'test'
  ...
# Subtest: ScrollBar derives from RangeBase rather than inheriting reversed Slider behavior
ok 686 - ScrollBar derives from RangeBase rather than inheriting reversed Slider behavior
  ---
  duration_ms: 3.137965
  type: 'test'
  ...
# Subtest: ScrollBar Vertical: proportional drag without jump and release event
ok 687 - ScrollBar Vertical: proportional drag without jump and release event
  ---
  duration_ms: 5.343951
  type: 'test'
  ...
# Subtest: ScrollBar Horizontal: proportional drag without jump and release event
ok 688 - ScrollBar Horizontal: proportional drag without jump and release event
  ---
  duration_ms: 1.425142
  type: 'test'
  ...
# Subtest: ScrollBar tiny viewport bounds never create oversized thumbs or divide by zero
ok 689 - ScrollBar tiny viewport bounds never create oversized thumbs or divide by zero
  ---
  duration_ms: 1.437039
  type: 'test'
  ...
# Subtest: ScrollBar reverse direction is geometry-consistent and keyboard increments follow its orientation
ok 690 - ScrollBar reverse direction is geometry-consistent and keyboard increments follow its orientation
  ---
  duration_ms: 2.1762
  type: 'test'
  ...
# Subtest: ScrollBar track press pages rather than jumps and releases repeat timers
ok 691 - ScrollBar track press pages rather than jumps and releases repeat timers
  ---
  duration_ms: 1.119703
  type: 'test'
  ...
# Subtest: ScrollBar page-repeat progresses while held and stops on capture loss
ok 692 - ScrollBar page-repeat progresses while held and stops on capture loss
  ---
  duration_ms: 86.973481
  type: 'test'
  ...
# Subtest: ScrollBar ignores right clicks and additional pointers during a drag
ok 693 - ScrollBar ignores right clicks and additional pointers during a drag
  ---
  duration_ms: 1.146293
  type: 'test'
  ...
# Subtest: ScrollBar visibility, zero range and explicit values remain coherent
ok 694 - ScrollBar visibility, zero range and explicit values remain coherent
  ---
  duration_ms: 0.94492
  type: 'test'
  ...
# Subtest: ScrollViewer scrollbar hits win over a child Button occupying the complete content
ok 695 - ScrollViewer scrollbar hits win over a child Button occupying the complete content
  ---
  duration_ms: 9.091603
  type: 'test'
  ...
# Subtest: ScrollViewer horizontal and vertical thumbs can independently reach both ends
ok 696 - ScrollViewer horizontal and vertical thumbs can independently reach both ends
  ---
  duration_ms: 4.885222
  type: 'test'
  ...
# Subtest: ScrollViewer deferred scrolling previews the thumb without moving content until release
ok 697 - ScrollViewer deferred scrolling previews the thumb without moving content until release
  ---
  duration_ms: 2.644183
  type: 'test'
  ...
# Subtest: ScrollViewer Hidden permits scrolling but Disabled does not
ok 698 - ScrollViewer Hidden permits scrolling but Disabled does not
  ---
  duration_ms: 4.92798
  type: 'test'
  ...
# Subtest: non-overlay ScrollViewer tracks reserve space and solve cross-axis overflow
ok 699 - non-overlay ScrollViewer tracks reserve space and solve cross-axis overflow
  ---
  duration_ms: 1.725293
  type: 'test'
  ...
# Subtest: ScrollViewer viewport clip prevents content hits and rendering in reserved chrome
ok 700 - ScrollViewer viewport clip prevents content hits and rendering in reserved chrome
  ---
  duration_ms: 2.272445
  type: 'test'
  ...
# Subtest: ScrollViewer resize and content replacement clamp stale offsets and notify extent deltas
ok 701 - ScrollViewer resize and content replacement clamp stale offsets and notify extent deltas
  ---
  duration_ms: 1.416098
  type: 'test'
  ...
# Subtest: ScrollViewer BringIntoView handles both axes, padding and partially visible large targets
ok 702 - ScrollViewer BringIntoView handles both axes, padding and partially visible large targets
  ---
  duration_ms: 4.858401
  type: 'test'
  ...
# Subtest: wheel deltaMode=0 respects CSS pixels, lines or viewport pages
ok 703 - wheel deltaMode=0 respects CSS pixels, lines or viewport pages
  ---
  duration_ms: 2.167528
  type: 'test'
  ...
# Subtest: wheel deltaMode=1 respects CSS pixels, lines or viewport pages
ok 704 - wheel deltaMode=1 respects CSS pixels, lines or viewport pages
  ---
  duration_ms: 4.542366
  type: 'test'
  ...
# Subtest: wheel deltaMode=2 respects CSS pixels, lines or viewport pages
ok 705 - wheel deltaMode=2 respects CSS pixels, lines or viewport pages
  ---
  duration_ms: 2.298744
  type: 'test'
  ...
# Subtest: Shift-wheel scrolls horizontally and disabled chaining consumes boundary input
ok 706 - Shift-wheel scrolls horizontally and disabled chaining consumes boundary input
  ---
  duration_ms: 2.109329
  type: 'test'
  ...
# Subtest: ListBox has an interactive scrollbar without changing selection
ok 707 - ListBox has an interactive scrollbar without changing selection
  ---
  duration_ms: 14.54634
  type: 'test'
  ...
# Subtest: TreeView has an interactive scrollbar without changing selection
ok 708 - TreeView has an interactive scrollbar without changing selection
  ---
  duration_ms: 32.475824
  type: 'test'
  ...
# Subtest: ListBox recycles row controls rather than allocating new containers on every scroll
ok 709 - ListBox recycles row controls rather than allocating new containers on every scroll
  ---
  duration_ms: 70.024301
  type: 'test'
  ...
# Subtest: ListBox horizontal chrome pans wide items without scrolling or selecting rows
ok 710 - ListBox horizontal chrome pans wide items without scrolling or selecting rows
  ---
  duration_ms: 5.586094
  type: 'test'
  ...
# Subtest: TableView both-axis scrollbars exclude headers and preserve header alignment
ok 711 - TableView both-axis scrollbars exclude headers and preserve header alignment
  ---
  duration_ms: 30.754577
  type: 'test'
  ...
# Subtest: multiline TextBox supports vertical drag, wheel, and horizontal pan without changing text or selection
ok 712 - multiline TextBox supports vertical drag, wheel, and horizontal pan without changing text or selection
  ---
  duration_ms: 11.494463
  type: 'test'
  ...
# Subtest: wrapped TextBox disables horizontal chrome and remaps viewport when resizing
ok 713 - wrapped TextBox disables horizontal chrome and remaps viewport when resizing
  ---
  duration_ms: 10.173879
  type: 'test'
  ...
# Subtest: TextBox measurement layouts are retained and disposed with their owner
ok 714 - TextBox measurement layouts are retained and disposed with their owner
  ---
  duration_ms: 2.01579
  type: 'test'
  ...
# Subtest: scroll chrome still works with runtime XAML attached scrollbar options
ok 715 - scroll chrome still works with runtime XAML attached scrollbar options
  ---
  duration_ms: 8.05873
  type: 'test'
  ...
# Subtest: reserved horizontal chrome does not oscillate realization at an item-height boundary
ok 716 - reserved horizontal chrome does not oscillate realization at an item-height boundary
  ---
  duration_ms: 6.505346
  type: 'test'
  ...
# Subtest: TableView header and reserved horizontal track share a stable realization viewport
ok 717 - TableView header and reserved horizontal track share a stable realization viewport
  ---
  duration_ms: 22.417423
  type: 'test'
  ...
# Subtest: ScrollBarMaximum and LargeChange notify bindings for extent-only and viewport-only changes
ok 718 - ScrollBarMaximum and LargeChange notify bindings for extent-only and viewport-only changes
  ---
  duration_ms: 2.96099
  type: 'test'
  ...
# Subtest: RangeBase matches the templated hierarchy and retains finite values on invalid assignments
ok 719 - RangeBase matches the templated hierarchy and retains finite values on invalid assignments
  ---
  duration_ms: 0.4126
  type: 'test'
  ...
# Subtest: RangeBase raises typed ValueChanged events and ScrollBar custom templates have layout and lifetime
ok 720 - RangeBase raises typed ValueChanged events and ScrollBar custom templates have layout and lifetime
  ---
  duration_ms: 0.893643
  type: 'test'
  ...
# Subtest: disjoint virtual scrolling retargets attached scalar presenters without tree churn
ok 721 - disjoint virtual scrolling retargets attached scalar presenters without tree churn
  ---
  duration_ms: 13.416382
  type: 'test'
  ...
# Subtest: surplus recycled scalar rows release prior item data and their empty presenter is owned
ok 722 - surplus recycled scalar rows release prior item data and their empty presenter is owned
  ---
  duration_ms: 4.908626
  type: 'test'
  ...
# Subtest: secondary document waits for load, then releases all lifecycle listeners
ok 723 - secondary document waits for load, then releases all lifecycle listeners
  ---
  duration_ms: 10.909389
  type: 'test'
  ...
# Subtest: secondary already-complete document needs no timer or listener after completion
ok 724 - secondary already-complete document needs no timer or listener after completion
  ---
  duration_ms: 0.294557
  type: 'test'
  ...
# Subtest: secondary document replacement and closed-window startup reject
ok 725 - secondary document replacement and closed-window startup reject
  ---
  duration_ms: 0.866462
  type: 'test'
  ...
# Subtest: secondary document cancellation propagates the exact reason and removes listeners
ok 726 - secondary document cancellation propagates the exact reason and removes listeners
  ---
  duration_ms: 0.380692
  type: 'test'
  ...
# Subtest: secondary document timeout is bounded and removes its lifecycle listeners
ok 727 - secondary document timeout is bounded and removes its lifecycle listeners
  ---
  duration_ms: 5.610442
  type: 'test'
  ...
# Subtest: secondary renderer starts with listeners already installed and accepts only native-ready render role
ok 728 - secondary renderer starts with listeners already installed and accepts only native-ready render role
  ---
  duration_ms: 0.697228
  type: 'test'
  ...
# Subtest: secondary throw failure settles before publishing channels
ok 729 - secondary throw failure settles before publishing channels
  ---
  duration_ms: 0.402054
  type: 'test'
  ...
# Subtest: secondary error failure settles before publishing channels
ok 730 - secondary error failure settles before publishing channels
  ---
  duration_ms: 0.397157
  type: 'test'
  ...
# Subtest: secondary messageerror failure settles before publishing channels
ok 731 - secondary messageerror failure settles before publishing channels
  ---
  duration_ms: 0.280572
  type: 'test'
  ...
# Subtest: secondary bootstrap failure settles before publishing channels
ok 732 - secondary bootstrap failure settles before publishing channels
  ---
  duration_ms: 0.303766
  type: 'test'
  ...
# Subtest: secondary renderer abort before start allocates no worker delivery or listener
ok 733 - secondary renderer abort before start allocates no worker delivery or listener
  ---
  duration_ms: 0.16603
  type: 'test'
  ...
# Subtest: one canceled native-module delivery does not dispose the shared source or affect its sibling
ok 734 - one canceled native-module delivery does not dispose the shared source or affect its sibling
  ---
  duration_ms: 24.593989
  type: 'test'
  ...
# Subtest: pre-aborted delivery never creates a MessageChannel and successful delivery removes its abort listener
ok 735 - pre-aborted delivery never creates a MessageChannel and successful delivery removes its abort listener
  ---
  duration_ms: 2.09658
  type: 'test'
  ...
# Subtest: secondary OpenWindow waits for the popup document and native bootstrap before transferring UI endpoints
ok 736 - secondary OpenWindow waits for the popup document and native bootstrap before transferring UI endpoints
  ---
  duration_ms: 2.479727
  type: 'test'
  ...
# Subtest: secondary constructor failure rolls back popup, channels, host registration and only its own WASM lease
ok 737 - secondary constructor failure rolls back popup, channels, host registration and only its own WASM lease
  ---
  duration_ms: 0.829436
  type: 'test'
  ...
# Subtest: secondary post failure rolls back popup, channels, host registration and only its own WASM lease
ok 738 - secondary post failure rolls back popup, channels, host registration and only its own WASM lease
  ---
  duration_ms: 0.651529
  type: 'test'
  ...
# Subtest: secondary entry failure rolls back popup, channels, host registration and only its own WASM lease
ok 739 - secondary entry failure rolls back popup, channels, host registration and only its own WASM lease
  ---
  duration_ms: 0.786692
  type: 'test'
  ...
# Subtest: secondary disposal during native initialization cancels the pending open instead of awaiting a dead channel
ok 740 - secondary disposal during native initialization cancels the pending open instead of awaiting a dead channel
  ---
  duration_ms: 1.365201
  type: 'test'
  ...
# Subtest: secondary parent disposal during document loading closes the unpublished popup
ok 741 - secondary parent disposal during document loading closes the unpublished popup
  ---
  duration_ms: 0.413261
  type: 'test'
  ...
# Subtest: failed secondary bootstrap rejects actual ShowDialog and WhenOpened, restores owner and disposes the unshown Window
ok 742 - failed secondary bootstrap rejects actual ShowDialog and WhenOpened, restores owner and disposes the unshown Window
  ---
  duration_ms: 5.472193
  type: 'test'
  ...
# Subtest: closing a pending worker Window is safe and rejects late host attachment while releasing its returned ports
ok 743 - closing a pending worker Window is safe and rejects late host attachment while releasing its returned ports
  ---
  duration_ms: 2.05643
  type: 'test'
  ...
# Subtest: secondary committed document requires source, origin, token, final URL and ready state
ok 744 - secondary committed document requires source, origin, token, final URL and ready state
  ---
  duration_ms: 1.111521
  type: 'test'
  ...
# Subtest: secondary acknowledged url mismatch rejects and closes only that popup
ok 745 - secondary acknowledged url mismatch rejects and closes only that popup
  ---
  duration_ms: 0.335865
  type: 'test'
  ...
# Subtest: secondary acknowledged loading mismatch rejects and closes only that popup
ok 746 - secondary acknowledged loading mismatch rejects and closes only that popup
  ---
  duration_ms: 0.253191
  type: 'test'
  ...
# Subtest: secondary acknowledged closed mismatch rejects and closes only that popup
ok 747 - secondary acknowledged closed mismatch rejects and closes only that popup
  ---
  duration_ms: 0.169154
  type: 'test'
  ...
# Subtest: secondary document blocked popup, timeout, cancellation and pre-abort leave no owner listener
ok 748 - secondary document blocked popup, timeout, cancellation and pre-abort leave no owner listener
  ---
  duration_ms: 12.689369
  type: 'test'
  ...
# Subtest: secondary host rejects cross-origin and non-HTTP documents before opening
ok 749 - secondary host rejects cross-origin and non-HTTP documents before opening
  ---
  duration_ms: 0.417588
  type: 'test'
  ...
# Subtest: single reflection: shorthand numeric format and aligned escaped composite text
ok 750 - single reflection: shorthand numeric format and aligned escaped composite text
  ---
  duration_ms: 11.455605
  type: 'test'
  ...
# Subtest: single reflection: fallback bypasses converter, null substitution and formatting
ok 751 - single reflection: fallback bypasses converter, null substitution and formatting
  ---
  duration_ms: 0.403085
  type: 'test'
  ...
# Subtest: single reflection: converter UnsetValue selects literal fallback after conversion
ok 752 - single reflection: converter UnsetValue selects literal fallback after conversion
  ---
  duration_ms: 0.520552
  type: 'test'
  ...
# Subtest: single reflection: TargetNullValue bypasses StringFormat but is target-converted
ok 753 - single reflection: TargetNullValue bypasses StringFormat but is target-converted
  ---
  duration_ms: 1.010739
  type: 'test'
  ...
# Subtest: single reflection: incompatible target ignores even malformed StringFormat
ok 754 - single reflection: incompatible target ignores even malformed StringFormat
  ---
  duration_ms: 0.483326
  type: 'test'
  ...
# Subtest: single reflection: metadata converter UnsetValue selects converted fallback without a transient default
ok 755 - single reflection: metadata converter UnsetValue selects converted fallback without a transient default
  ---
  duration_ms: 1.547566
  type: 'test'
  ...
# Subtest: single reflection: source BindingNotification unwraps before conversion and retains its error
ok 756 - single reflection: source BindingNotification unwraps before conversion and retains its error
  ---
  duration_ms: 0.654904
  type: 'test'
  ...
# Subtest: single reflection: DoNothing leaves value and validation error untouched
ok 757 - single reflection: DoNothing leaves value and validation error untouched
  ---
  duration_ms: 0.374042
  type: 'test'
  ...
# Subtest: single reflection: formatting failure uses literal fallback and recovers
ok 758 - single reflection: formatting failure uses literal fallback and recovers
  ---
  duration_ms: 0.614554
  type: 'test'
  ...
# Subtest: single reflection: OneTime retries converter and target conversion failures
ok 759 - single reflection: OneTime retries converter and target conversion failures
  ---
  duration_ms: 0.57232
  type: 'test'
  ...
# Subtest: single reflection: OneTime waits after DoNothing and releases anchor subscriptions on success
ok 760 - single reflection: OneTime waits after DoNothing and releases anchor subscriptions on success
  ---
  duration_ms: 0.385679
  type: 'test'
  ...
# Subtest: single reflection: converter replacing its binding cannot write or clear successor errors
ok 761 - single reflection: converter replacing its binding cannot write or clear successor errors
  ---
  duration_ms: 0.438238
  type: 'test'
  ...
# Subtest: single reflection: converter can dispose target without resurrecting a value slot
ok 762 - single reflection: converter can dispose target without resurrecting a value slot
  ---
  duration_ms: 0.401464
  type: 'test'
  ...
# Subtest: single reflection: explicit disposal does not accumulate target lifetime entries
ok 763 - single reflection: explicit disposal does not accumulate target lifetime entries
  ---
  duration_ms: 20.312575
  type: 'test'
  ...
# Subtest: single reflection: invalid fallback is reported without an escaping disposal/conversion exception
ok 764 - single reflection: invalid fallback is reported without an escaping disposal/conversion exception
  ---
  duration_ms: 0.663457
  type: 'test'
  ...
# Subtest: single reflection: explicit TwoWay reverse conversion is not sent through the display format
ok 765 - single reflection: explicit TwoWay reverse conversion is not sent through the display format
  ---
  duration_ms: 7.07319
  type: 'test'
  ...
# Subtest: single compiled: shorthand numeric format and aligned escaped composite text
ok 766 - single compiled: shorthand numeric format and aligned escaped composite text
  ---
  duration_ms: 3.651938
  type: 'test'
  ...
# Subtest: single compiled: fallback bypasses converter, null substitution and formatting
ok 767 - single compiled: fallback bypasses converter, null substitution and formatting
  ---
  duration_ms: 0.397417
  type: 'test'
  ...
# Subtest: single compiled: converter UnsetValue selects literal fallback after conversion
ok 768 - single compiled: converter UnsetValue selects literal fallback after conversion
  ---
  duration_ms: 0.270287
  type: 'test'
  ...
# Subtest: single compiled: TargetNullValue bypasses StringFormat but is target-converted
ok 769 - single compiled: TargetNullValue bypasses StringFormat but is target-converted
  ---
  duration_ms: 1.800727
  type: 'test'
  ...
# Subtest: single compiled: incompatible target ignores even malformed StringFormat
ok 770 - single compiled: incompatible target ignores even malformed StringFormat
  ---
  duration_ms: 0.282083
  type: 'test'
  ...
# Subtest: single compiled: metadata converter UnsetValue selects converted fallback without a transient default
ok 771 - single compiled: metadata converter UnsetValue selects converted fallback without a transient default
  ---
  duration_ms: 0.539651
  type: 'test'
  ...
# Subtest: single compiled: source BindingNotification unwraps before conversion and retains its error
ok 772 - single compiled: source BindingNotification unwraps before conversion and retains its error
  ---
  duration_ms: 0.374693
  type: 'test'
  ...
# Subtest: single compiled: DoNothing leaves value and validation error untouched
ok 773 - single compiled: DoNothing leaves value and validation error untouched
  ---
  duration_ms: 0.32639
  type: 'test'
  ...
# Subtest: single compiled: formatting failure uses literal fallback and recovers
ok 774 - single compiled: formatting failure uses literal fallback and recovers
  ---
  duration_ms: 0.406691
  type: 'test'
  ...
# Subtest: single compiled: OneTime retries converter and target conversion failures
ok 775 - single compiled: OneTime retries converter and target conversion failures
  ---
  duration_ms: 0.317197
  type: 'test'
  ...
# Subtest: single compiled: OneTime waits after DoNothing and releases anchor subscriptions on success
ok 776 - single compiled: OneTime waits after DoNothing and releases anchor subscriptions on success
  ---
  duration_ms: 0.277967
  type: 'test'
  ...
# Subtest: single compiled: converter replacing its binding cannot write or clear successor errors
ok 777 - single compiled: converter replacing its binding cannot write or clear successor errors
  ---
  duration_ms: 0.353081
  type: 'test'
  ...
# Subtest: single compiled: converter can dispose target without resurrecting a value slot
ok 778 - single compiled: converter can dispose target without resurrecting a value slot
  ---
  duration_ms: 0.27279
  type: 'test'
  ...
# Subtest: single compiled: explicit disposal does not accumulate target lifetime entries
ok 779 - single compiled: explicit disposal does not accumulate target lifetime entries
  ---
  duration_ms: 36.749641
  type: 'test'
  ...
# Subtest: single compiled: invalid fallback is reported without an escaping disposal/conversion exception
ok 780 - single compiled: invalid fallback is reported without an escaping disposal/conversion exception
  ---
  duration_ms: 0.353621
  type: 'test'
  ...
# Subtest: single compiled: explicit TwoWay reverse conversion is not sent through the display format
ok 781 - single compiled: explicit TwoWay reverse conversion is not sent through the display format
  ---
  duration_ms: 0.464057
  type: 'test'
  ...
# Subtest: single compiled: stream DoNothing keeps OneTime pending until the first successful result
ok 782 - single compiled: stream DoNothing keeps OneTime pending until the first successful result
  ---
  duration_ms: 2.209551
  type: 'test'
  ...
# Subtest: single binding warm numeric formatting reuses the MultiBinding Intl cache
ok 783 - single binding warm numeric formatting reuses the MultiBinding Intl cache
  ---
  duration_ms: 15.425141
  type: 'test'
  ...
# Subtest: single reflection: bounded converter reentrancy does not recurse or strand a subscription
ok 784 - single reflection: bounded converter reentrancy does not recurse or strand a subscription
  ---
  duration_ms: 4.817589
  type: 'test'
  ...
# Subtest: single reflection: OneTime errors with usable notification values do not count as success
ok 785 - single reflection: OneTime errors with usable notification values do not count as success
  ---
  duration_ms: 0.428504
  type: 'test'
  ...
# Subtest: single reflection: metadata conversion can replace its binding without a late write
ok 786 - single reflection: metadata conversion can replace its binding without a late write
  ---
  duration_ms: 0.600573
  type: 'test'
  ...
# Subtest: single reflection: a throwing subscription disposer still releases target ownership
ok 787 - single reflection: a throwing subscription disposer still releases target ownership
  ---
  duration_ms: 0.649356
  type: 'test'
  ...
# Subtest: single compiled: bounded converter reentrancy does not recurse or strand a subscription
ok 788 - single compiled: bounded converter reentrancy does not recurse or strand a subscription
  ---
  duration_ms: 3.091025
  type: 'test'
  ...
# Subtest: single compiled: OneTime errors with usable notification values do not count as success
ok 789 - single compiled: OneTime errors with usable notification values do not count as success
  ---
  duration_ms: 0.335905
  type: 'test'
  ...
# Subtest: single compiled: metadata conversion can replace its binding without a late write
ok 790 - single compiled: metadata conversion can replace its binding without a late write
  ---
  duration_ms: 0.416065
  type: 'test'
  ...
# Subtest: single compiled: a throwing subscription disposer still releases target ownership
ok 791 - single compiled: a throwing subscription disposer still releases target ownership
  ---
  duration_ms: 0.400152
  type: 'test'
  ...
# Subtest: single reflection: invalid Path is rejected before replacing a live binding
ok 792 - single reflection: invalid Path is rejected before replacing a live binding
  ---
  duration_ms: 0.406871
  type: 'test'
  ...
# Subtest: single reflection: invalid Mode is rejected before replacing a live binding
ok 793 - single reflection: invalid Mode is rejected before replacing a live binding
  ---
  duration_ms: 0.290997
  type: 'test'
  ...
# Subtest: single reflection: invalid Converter is rejected before replacing a live binding
ok 794 - single reflection: invalid Converter is rejected before replacing a live binding
  ---
  duration_ms: 0.273391
  type: 'test'
  ...
# Subtest: single reflection: invalid Format is rejected before replacing a live binding
ok 795 - single reflection: invalid Format is rejected before replacing a live binding
  ---
  duration_ms: 0.235243
  type: 'test'
  ...
# Subtest: single reflection: invalid Trigger is rejected before replacing a live binding
ok 796 - single reflection: invalid Trigger is rejected before replacing a live binding
  ---
  duration_ms: 0.228142
  type: 'test'
  ...
# Subtest: single reflection: disposed targets reject binding without retaining source subscriptions
ok 797 - single reflection: disposed targets reject binding without retaining source subscriptions
  ---
  duration_ms: 1.915609
  type: 'test'
  ...
# Subtest: single compiled: invalid Path is rejected before replacing a live binding
ok 798 - single compiled: invalid Path is rejected before replacing a live binding
  ---
  duration_ms: 0.395885
  type: 'test'
  ...
# Subtest: single compiled: invalid Mode is rejected before replacing a live binding
ok 799 - single compiled: invalid Mode is rejected before replacing a live binding
  ---
  duration_ms: 0.289955
  type: 'test'
  ...
# Subtest: single compiled: invalid Converter is rejected before replacing a live binding
ok 800 - single compiled: invalid Converter is rejected before replacing a live binding
  ---
  duration_ms: 0.251017
  type: 'test'
  ...
# Subtest: single compiled: invalid Format is rejected before replacing a live binding
ok 801 - single compiled: invalid Format is rejected before replacing a live binding
  ---
  duration_ms: 0.26675
  type: 'test'
  ...
# Subtest: single compiled: invalid Trigger is rejected before replacing a live binding
ok 802 - single compiled: invalid Trigger is rejected before replacing a live binding
  ---
  duration_ms: 0.26583
  type: 'test'
  ...
# Subtest: single compiled: disposed targets reject binding without retaining source subscriptions
ok 803 - single compiled: disposed targets reject binding without retaining source subscriptions
  ---
  duration_ms: 0.107882
  type: 'test'
  ...
# Subtest: startup: two workers receive one compilation over distinct original ports
ok 804 - startup: two workers receive one compilation over distinct original ports
  ---
  duration_ms: 36.266129
  type: 'test'
  ...
# Subtest: startup: a renderer restart gets a fresh port without downloading again
ok 805 - startup: a renderer restart gets a fresh port without downloading again
  ---
  duration_ms: 5.272022
  type: 'test'
  ...
# Subtest: startup: module readiness before the request does not drop the delivery
ok 806 - startup: module readiness before the request does not drop the delivery
  ---
  duration_ms: 4.753363
  type: 'test'
  ...
# Subtest: startup: pending compilation is delivered after an early request
ok 807 - startup: pending compilation is delivered after an early request
  ---
  duration_ms: 4.938076
  type: 'test'
  ...
# Subtest: startup: compilation failures reject every waiting worker and permit a retry
ok 808 - startup: compilation failures reject every waiting worker and permit a retry
  ---
  duration_ms: 2.667548
  type: 'test'
  ...
# Subtest: startup: disposal settles waiters, closes ports, and ignores late compilation
ok 809 - startup: disposal settles waiters, closes ports, and ignores late compilation
  ---
  duration_ms: 5.079153
  type: 'test'
  ...
# Subtest: startup: invalid prepared modules reject through the protocol without stranded source ports
ok 810 - startup: invalid prepared modules reject through the protocol without stranded source ports
  ---
  duration_ms: 0.880193
  type: 'test'
  ...
# Subtest: startup: caller timeout bounds both request and preparation lifetimes
ok 811 - startup: caller timeout bounds both request and preparation lifetimes
  ---
  duration_ms: 20.600122
  type: 'test'
  ...
# Subtest: startup: explicit clone fallback acknowledges local compilation
ok 812 - startup: explicit clone fallback acknowledges local compilation
  ---
  duration_ms: 0.986703
  type: 'test'
  ...
# Subtest: startup: agent-cluster messageerror falls back without sharing native state
ok 813 - startup: agent-cluster messageerror falls back without sharing native state
  ---
  duration_ms: 0.47257
  type: 'test'
  ...
# Subtest: startup: malformed protocol, missing port and invalid timeouts reject
ok 814 - startup: malformed protocol, missing port and invalid timeouts reject
  ---
  duration_ms: 1.090019
  type: 'test'
  ...
# Subtest: startup: duplicate worker requests never produce duplicate module deliveries
ok 815 - startup: duplicate worker requests never produce duplicate module deliveries
  ---
  duration_ms: 6.508791
  type: 'test'
  ...
# Subtest: startup: moved browser service classes preserve public constructor identity
ok 816 - startup: moved browser service classes preserve public constructor identity
  ---
  duration_ms: 382.86709
  type: 'test'
  ...
# Subtest: startup: default catalog entry has no eager application or graphics import
ok 817 - startup: default catalog entry has no eager application or graphics import
  ---
  duration_ms: 2.946207
  type: 'test'
  ...
# Subtest: startup: lazy AOT inventory loads only MainView eagerly and preserves all original builders
ok 818 - startup: lazy AOT inventory loads only MainView eagerly and preserves all original builders
  ---
  duration_ms: 104.852124
  type: 'test'
  ...
# Subtest: startup: newer navigation wins even when an earlier AOT module resolves last
ok 819 - startup: newer navigation wins even when an earlier AOT module resolves last
  ---
  duration_ms: 265.235547
  type: 'test'
  ...
# Subtest: startup: Home invalidates a pending route and suppresses its late import failure
ok 820 - startup: Home invalidates a pending route and suppresses its late import failure
  ---
  duration_ms: 141.936316
  type: 'test'
  ...
# Subtest: submission fence resolves its captured frame while a newer animation batch is in flight
ok 821 - submission fence resolves its captured frame while a newer animation batch is in flight
  ---
  duration_ms: 10.148561
  type: 'test'
  ...
# Subtest: submission fence includes backpressured work but never chases later revisions
ok 822 - submission fence includes backpressured work but never chases later revisions
  ---
  duration_ms: 2.015969
  type: 'test'
  ...
# Subtest: submission fences retain independent targets across multiple callers
ok 823 - submission fences retain independent targets across multiple callers
  ---
  duration_ms: 1.897762
  type: 'test'
  ...
# Subtest: semantic no-op capture waits for submission of the acknowledged transaction, not another frame
ok 824 - semantic no-op capture waits for submission of the acknowledged transaction, not another frame
  ---
  duration_ms: 1.538051
  type: 'test'
  ...
# Subtest: submission notification before processed acknowledgement can complete a prepared fence
ok 825 - submission notification before processed acknowledgement can complete a prepared fence
  ---
  duration_ms: 1.937952
  type: 'test'
  ...
# Subtest: hidden submission is requested only for processed work and coalesces outstanding fences
ok 826 - hidden submission is requested only for processed work and coalesces outstanding fences
  ---
  duration_ms: 1.870486
  type: 'test'
  ...
# Subtest: stale generation submissions cannot satisfy current fences
ok 827 - stale generation submissions cannot satisfy current fences
  ---
  duration_ms: 2.896192
  type: 'test'
  ...
# Subtest: renderer failure rejects all pending fences and releases their queue slots
ok 828 - renderer failure rejects all pending fences and releases their queue slots
  ---
  duration_ms: 1.127895
  type: 'test'
  ...
# Subtest: submission fence timeout releases its queue slot
ok 829 - submission fence timeout releases its queue slot
  ---
  duration_ms: 10.504656
  type: 'test'
  ...
# Subtest: submission fence queue remains bounded without abandoning its existing caller
ok 830 - submission fence queue remains bounded without abandoning its existing caller
  ---
  duration_ms: 1.149347
  type: 'test'
  ...
# Subtest: restart during initialization rejects a flush of the previous generation
ok 831 - restart during initialization rejects a flush of the previous generation
  ---
  duration_ms: 0.480682
  type: 'test'
  ...
# Subtest: old hidden-render rejection cannot poison or unlock a restarted renderer
ok 832 - old hidden-render rejection cannot poison or unlock a restarted renderer
  ---
  duration_ms: 6.728771
  type: 'test'
  ...
# Subtest: TableView is a ListBox with live read-only Binding definitions and actual cell controls
ok 833 - TableView is a ListBox with live read-only Binding definitions and actual cell controls
  ---
  duration_ms: 30.416489
  type: 'test'
  ...
# Subtest: TableView XAML assigns Binding rather than evaluating on the column DataContext
ok 834 - TableView XAML assigns Binding rather than evaluating on the column DataContext
  ---
  duration_ms: 12.479194
  type: 'test'
  ...
# Subtest: TableView CellTemplate receives row data and takes precedence over Binding
ok 835 - TableView CellTemplate receives row data and takes precedence over Binding
  ---
  duration_ms: 4.91099
  type: 'test'
  ...
# Subtest: TableView rejects duplicate or cross-owned columns before mutating collections
ok 836 - TableView rejects duplicate or cross-owned columns before mutating collections
  ---
  duration_ms: 4.530033
  type: 'test'
  ...
# Subtest: TableView star, auto, pixel and constrained column widths share one row/header layout
ok 837 - TableView star, auto, pixel and constrained column widths share one row/header layout
  ---
  duration_ms: 5.407567
  type: 'test'
  ...
# Subtest: TableView 10,000 rows recycle real cell containers and release stale bindings
ok 838 - TableView 10,000 rows recycle real cell containers and release stale bindings
  ---
  duration_ms: 102.250639
  type: 'test'
  ...
# Subtest: TableView checkbox cell subscriptions and controls are disposed when recycled
ok 839 - TableView checkbox cell subscriptions and controls are disposed when recycled
  ---
  duration_ms: 2.813328
  type: 'test'
  ...
# Subtest: TableView header click sorting preserves selection identity and can be cancelled
ok 840 - TableView header click sorting preserves selection identity and can be cancelled
  ---
  duration_ms: 14.725769
  type: 'test'
  ...
# Subtest: TableView nullable resize override respects owning table changes
ok 841 - TableView nullable resize override respects owning table changes
  ---
  duration_ms: 2.327147
  type: 'test'
  ...
# Subtest: grapheme boundaries preserve emoji ZWJ, combining marks, flags and CRLF
ok 842 - grapheme boundaries preserve emoji ZWJ, combining marks, flags and CRLF
  ---
  duration_ms: 1.408416
  type: 'test'
  ...
# Subtest: TextBox deletes complete graphemes and enforces MaxLength without lone surrogates
ok 843 - TextBox deletes complete graphemes and enforces MaxLength without lone surrogates
  ---
  duration_ms: 5.062327
  type: 'test'
  ...
# Subtest: a native IME composition is a single undo/redo transaction
ok 844 - a native IME composition is a single undo/redo transaction
  ---
  duration_ms: 1.09776
  type: 'test'
  ...
# Subtest: password masking maps visual caret positions to original UTF-16 boundaries and supports reveal
ok 845 - password masking maps visual caret positions to original UTF-16 boundaries and supports reveal
  ---
  duration_ms: 5.493085
  type: 'test'
  ...
# Subtest: fallback line breaking retains source indices across CRLF and never truncates a grapheme
ok 846 - fallback line breaking retains source indices across CRLF and never truncates a grapheme
  ---
  duration_ms: 0.576106
  type: 'test'
  ...
# Subtest: rich inline ownership, inheritance, dynamic invalidation and XAML loading are functional
ok 847 - rich inline ownership, inheritance, dynamic invalidation and XAML loading are functional
  ---
  duration_ms: 12.965374
  type: 'test'
  ...
# Subtest: native SkParagraph shapes ligatures, Arabic and mixed-direction text with cluster hit testing
ok 848 - native SkParagraph shapes ligatures, Arabic and mixed-direction text with cluster hit testing
  ---
  duration_ms: 72.90935
  type: 'test'
  ...
# Subtest: native rich paragraph rendering uses per-run sizes, colors, wrapping and source indices
ok 849 - native rich paragraph rendering uses per-run sizes, colors, wrapping and source indices
  ---
  duration_ms: 35.097323
  type: 'test'
  ...
# Subtest: native paragraph cache eviction cannot invalidate a retained TextLayout
ok 850 - native paragraph cache eviction cannot invalidate a retained TextLayout
  ---
  duration_ms: 10.501171
  type: 'test'
  ...
# Subtest: inline UI containers participate in native text layout, visual arrangement and hit testing
ok 851 - inline UI containers participate in native text layout, visual arrangement and hit testing
  ---
  duration_ms: 6.845006
  type: 'test'
  ...
# Subtest: TextFormatter consumes source runs, preserves CRLF indices, and returns line-break continuations
ok 852 - TextFormatter consumes source runs, preserves CRLF indices, and returns line-break continuations
  ---
  duration_ms: 12.560451
  type: 'test'
  ...
# Subtest: wrapped formatter lines reuse a paragraph rather than rereading and reshaping the source
ok 853 - wrapped formatter lines reuse a paragraph rather than rereading and reshaping the source
  ---
  duration_ms: 3.490866
  type: 'test'
  ...
# Subtest: source run styles survive formatting and drawing records
ok 854 - source run styles survive formatting and drawing records
  ---
  duration_ms: 0.787413
  type: 'test'
  ...
# Subtest: TextLine caret navigation is UTF-16-indexed and grapheme safe
ok 855 - TextLine caret navigation is UTF-16-indexed and grapheme safe
  ---
  duration_ms: 1.253023
  type: 'test'
  ...
# Subtest: formatter rejects non-advancing runs and oversized paragraphs
ok 856 - formatter rejects non-advancing runs and oversized paragraphs
  ---
  duration_ms: 1.562679
  type: 'test'
  ...
# Subtest: TextLine collapse and interword justification are executable layout operations
ok 857 - TextLine collapse and interword justification are executable layout operations
  ---
  duration_ms: 1.195957
  type: 'test'
  ...
# Subtest: repeated TextBlock rendering retains the same layout without measuring
ok 858 - repeated TextBlock rendering retains the same layout without measuring
  ---
  duration_ms: 9.802942
  type: 'test'
  ...
# Subtest: TextBlock invalidates retained layout for shaping properties, width and inline changes
ok 859 - TextBlock invalidates retained layout for shaping properties, width and inline changes
  ---
  duration_ms: 3.30054
  type: 'test'
  ...
# Subtest: in-place foreground brush changes invalidate native descriptor snapshots
ok 860 - in-place foreground brush changes invalidate native descriptor snapshots
  ---
  duration_ms: 0.686081
  type: 'test'
  ...
# Subtest: text service generations invalidate retained layouts after font changes
ok 861 - text service generations invalidate retained layouts after font changes
  ---
  duration_ms: 0.415584
  type: 'test'
  ...
# Subtest: Control.DrawText retains bounded label layouts and respects mutable brush colors
ok 862 - Control.DrawText retains bounded label layouts and respects mutable brush colors
  ---
  duration_ms: 1.463339
  type: 'test'
  ...
# Subtest: text editor does not rebuild layout on caret or selection changes
ok 863 - text editor does not rebuild layout on caret or selection changes
  ---
  duration_ms: 5.442389
  type: 'test'
  ...
# Subtest: password layout reuse refreshes the logical mapping when equal-length masks hide different clusters
ok 864 - password layout reuse refreshes the logical mapping when equal-length masks hide different clusters
  ---
  duration_ms: 2.254068
  type: 'test'
  ...
# Subtest: grapheme cache is immutable, bounded, and does not expose text in diagnostics
ok 865 - grapheme cache is immutable, bounded, and does not expose text in diagnostics
  ---
  duration_ms: 4.608285
  type: 'test'
  ...
# Subtest: fallback caret hit testing uses logarithmic prefix measurements and reuses them
ok 866 - fallback caret hit testing uses logarithmic prefix measurements and reuses them
  ---
  duration_ms: 47.571033
  type: 'test'
  ...
# Subtest: negative letter spacing retains a non-monotonic fallback hit-test path
ok 867 - negative letter spacing retains a non-monotonic fallback hit-test path
  ---
  duration_ms: 0.47282
  type: 'test'
  ...
# Subtest: provider registrations restore the previous provider after out-of-order disposal
ok 868 - provider registrations restore the previous provider after out-of-order disposal
  ---
  duration_ms: 0.145378
  type: 'test'
  ...
# Subtest: font stretch and letter spacing survive XAML property conversion
ok 869 - font stretch and letter spacing survive XAML property conversion
  ---
  duration_ms: 5.859626
  type: 'test'
  ...
# Subtest: text raster plan includes italic overhang and unusually tall combining-mark ink
ok 870 - text raster plan includes italic overhang and unusually tall combining-mark ink
  ---
  duration_ms: 0.230897
  type: 'test'
  ...
# Subtest: text tiles cover large lines exactly without requiring an oversized canvas
ok 871 - text tiles cover large lines exactly without requiring an oversized canvas
  ---
  duration_ms: 0.403957
  type: 'test'
  ...
# Subtest: device-phase raster destinations land on the original physical pixel grid
ok 872 - device-phase raster destinations land on the original physical pixel grid
  ---
  duration_ms: 0.239861
  type: 'test'
  ...
# Subtest: rotated or sheared text uses the largest affine stretch rather than device DPR alone
ok 873 - rotated or sheared text uses the largest affine stretch rather than device DPR alone
  ---
  duration_ms: 0.082955
  type: 'test'
  ...
# Subtest: invalid raster sizes fail explicitly before allocation
ok 874 - invalid raster sizes fail explicitly before allocation
  ---
  duration_ms: 0.121853
  type: 'test'
  ...
# Subtest: wide fallback paragraph wrapping searches break candidates instead of every prefix
ok 875 - wide fallback paragraph wrapping searches break candidates instead of every prefix
  ---
  duration_ms: 51.723028
  type: 'test'
  ...
# Subtest: fallback ellipsis binary search never splits a grapheme and avoids a quadratic scan
ok 876 - fallback ellipsis binary search never splits a grapheme and avoids a quadratic scan
  ---
  duration_ms: 14.042814
  type: 'test'
  ...
# Subtest: WrapWithOverflow preserves an unbreakable word while Wrap can split it
ok 877 - WrapWithOverflow preserves an unbreakable word while Wrap can split it
  ---
  duration_ms: 0.413892
  type: 'test'
  ...
# Subtest: font metrics establish stable baselines; combining ink does not move line spacing
ok 878 - font metrics establish stable baselines; combining ink does not move line spacing
  ---
  duration_ms: 2.145084
  type: 'test'
  ...
# Subtest: viewport and caret line lookup are logarithmic for a 10000-line document
ok 879 - viewport and caret line lookup are logarithmic for a 10000-line document
  ---
  duration_ms: 26.885262
  type: 'test'
  ...
# Subtest: line aggregation handles documents beyond the JavaScript argument-count limit
ok 880 - line aggregation handles documents beyond the JavaScript argument-count limit
  ---
  duration_ms: 136.710495
  type: 'test'
  ...
# Subtest: MaxLines stops shaping invisible paragraphs after one overflow sentinel
ok 881 - MaxLines stops shaping invisible paragraphs after one overflow sentinel
  ---
  duration_ms: 0.348164
  type: 'test'
  ...
# Subtest: MaxLines with wrapped overflow still marks and fits the ellipsis
ok 882 - MaxLines with wrapped overflow still marks and fits the ellipsis
  ---
  duration_ms: 9.112314
  type: 'test'
  ...
# Subtest: FormattedText retains a borrowed layout and invalidates on brush/font/width changes
ok 883 - FormattedText retains a borrowed layout and invalidates on brush/font/width changes
  ---
  duration_ms: 9.938385
  type: 'test'
  ...
# Subtest: uncacheable rich/feature descriptors still have bounded layout ownership
ok 884 - uncacheable rich/feature descriptors still have bounded layout ownership
  ---
  duration_ms: 1.145521
  type: 'test'
  ...
# Subtest: z-order snapshots are reused and invalidate for values, add/remove and public reorder
ok 885 - z-order snapshots are reused and invalidate for values, add/remove and public reorder
  ---
  duration_ms: 4.979643
  type: 'test'
  ...
# Subtest: typeface descriptors are retained and external mutations do not alter control properties
ok 886 - typeface descriptors are retained and external mutations do not alter control properties
  ---
  duration_ms: 1.053043
  type: 'test'
  ...
# Subtest: scrollbars expose correct automation role/range and automation changes scroll the owner
ok 887 - scrollbars expose correct automation role/range and automation changes scroll the owner
  ---
  duration_ms: 9.393316
  type: 'test'
  ...
# Subtest: wheel mode is sampled before delta values
ok 888 - wheel mode is sampled before delta values
  ---
  duration_ms: 1.300594
  type: 'test'
  ...
# Subtest: deep document caret positions segment only the touched line and preserve CRLF ties
ok 889 - deep document caret positions segment only the touched line and preserve CRLF ties
  ---
  duration_ms: 73.172992
  type: 'test'
  ...
# Subtest: FormattedText culture and disposed borrowed layouts invalidate safely
ok 890 - FormattedText culture and disposed borrowed layouts invalidate safely
  ---
  duration_ms: 0.329044
  type: 'test'
  ...
# Subtest: default scalar content updates retain the owned TextBlock presenter
ok 891 - default scalar content updates retain the owned TextBlock presenter
  ---
  duration_ms: 2.323462
  type: 'test'
  ...
# Subtest: implicit and explicit templates never inherit the default scalar presenter fast path
ok 892 - implicit and explicit templates never inherit the default scalar presenter fast path
  ---
  duration_ms: 3.748719
  type: 'test'
  ...
# Subtest: threading: binary round-trip retains UTF8, floating values, typed buffers and isolated ownership
ok 893 - threading: binary round-trip retains UTF8, floating values, typed buffers and isolated ownership
  ---
  duration_ms: 2.76798
  type: 'test'
  ...
# Subtest: threading: malformed protocol, cycles, dangerous keys and unsupported functions fail closed
ok 894 - threading: malformed protocol, cycles, dangerous keys and unsupported functions fail closed
  ---
  duration_ms: 0.756366
  type: 'test'
  ...
# Subtest: threading: buffer pool is byte bounded and never reuses transferred detached memory
ok 895 - threading: buffer pool is byte bounded and never reuses transferred detached memory
  ---
  duration_ms: 0.250636
  type: 'test'
  ...
# Subtest: threading: backpressure computes the next delta from acknowledged state, preserving prerequisite objects
ok 896 - threading: backpressure computes the next delta from acknowledged state, preserving prerequisite objects
  ---
  duration_ms: 0.454673
  type: 'test'
  ...
# Subtest: threading: clean scene capture does not call Control.Render and placement changes do not rerecord content
ok 897 - threading: clean scene capture does not call Control.Render and placement changes do not rerecord content
  ---
  duration_ms: 8.395536
  type: 'test'
  ...
# Subtest: threading: server applies a portable gradient/text scene without accessing UI controls
ok 898 - threading: server applies a portable gradient/text scene without accessing UI controls
  ---
  duration_ms: 16.638123
  type: 'test'
  ...
# Subtest: threading: invalid graph and sequence are rejected without changing the committed scene
ok 899 - threading: invalid graph and sequence are rejected without changing the committed scene
  ---
  duration_ms: 2.435666
  type: 'test'
  ...
# Subtest: threading: server materializes primitive visual defaults and ticks keyframes without UI access
ok 900 - threading: server materializes primitive visual defaults and ticks keyframes without UI access
  ---
  duration_ms: 8.214655
  type: 'test'
  ...
# Subtest: threading: all node arguments are prepared before scene mutation
ok 901 - threading: all node arguments are prepared before scene mutation
  ---
  duration_ms: 2.863533
  type: 'test'
  ...
# Subtest: threading: delta references cannot delete a still-live resource
ok 902 - threading: delta references cannot delete a still-live resource
  ---
  duration_ms: 2.052264
  type: 'test'
  ...
# Subtest: threading: an unrecorded composition mutation cannot receive an early processed acknowledgement
ok 903 - threading: an unrecorded composition mutation cannot receive an early processed acknowledgement
  ---
  duration_ms: 0.749025
  type: 'test'
  ...
# Subtest: threading: semantic projection emits incremental mutations and preserves node identity
ok 904 - threading: semantic projection emits incremental mutations and preserves node identity
  ---
  duration_ms: 0.547113
  type: 'test'
  ...
# Subtest: threading: control RPC transfers buffers and rejects unknown operations
ok 905 - threading: control RPC transfers buffers and rejects unknown operations
  ---
  duration_ms: 43.8093
  type: 'test'
  ...
# Subtest: threading: control RPC is bounded and rejects pending work on disposal
ok 906 - threading: control RPC is bounded and rejects pending work on disposal
  ---
  duration_ms: 0.467423
  type: 'test'
  ...
# Subtest: threading: ellipse replay preserves center and both radii without per-frame argument arrays
ok 907 - threading: ellipse replay preserves center and both radii without per-frame argument arrays
  ---
  duration_ms: 0.316385
  type: 'test'
  ...
# Subtest: threading: compositor scroll acknowledgement reconciles sequenced deltas once
ok 908 - threading: compositor scroll acknowledgement reconciles sequenced deltas once
  ---
  duration_ms: 0.773181
  type: 'test'
  ...
# Subtest: threading: virtual scroll coverage prevents speculative blank rows and rejects duplicate events
ok 909 - threading: virtual scroll coverage prevents speculative blank rows and rejects duplicate events
  ---
  duration_ms: 0.210416
  type: 'test'
  ...
# Subtest: threading: scroll fast path maps CSS delta modes and updates header and thumb transforms
ok 910 - threading: scroll fast path maps CSS delta modes and updates header and thumb transforms
  ---
  duration_ms: 0.845425
  type: 'test'
  ...
# Subtest: threading: scroll queues are bounded and removed policies cannot retain input
ok 911 - threading: scroll queues are bounded and removed policies cannot retain input
  ---
  duration_ms: 17.694882
  type: 'test'
  ...
# Subtest: threading: fast-scroll policy is explicit and excludes editor, rotated or animated content
ok 912 - threading: fast-scroll policy is explicit and excludes editor, rotated or animated content
  ---
  duration_ms: 12.619519
  type: 'test'
  ...
# Subtest: threading: custom worker messages are queued before connection and acknowledgement trims only consumed messages
ok 913 - threading: custom worker messages are queued before connection and acknowledgement trims only consumed messages
  ---
  duration_ms: 1.366243
  type: 'test'
  ...
# Subtest: threading: registered worker custom handler receives durable state and messages only on server
ok 914 - threading: registered worker custom handler receives durable state and messages only on server
  ---
  duration_ms: 10.65401
  type: 'test'
  ...
# Subtest: threading: a burst of pre-capture composition waits shares one bounded promise
ok 915 - threading: a burst of pre-capture composition waits shares one bounded promise
  ---
  duration_ms: 0.79199
  type: 'test'
  ...
# Subtest: threading: concurrent render RPCs are bounded after initialization and reject on failure
ok 916 - threading: concurrent render RPCs are bounded after initialization and reject on failure
  ---
  duration_ms: 0.405118
  type: 'test'
  ...
# Subtest: threading: clean off-tree VisualBrush retains every nested descendant and tracks changed ink
ok 917 - threading: clean off-tree VisualBrush retains every nested descendant and tracks changed ink
  ---
  duration_ms: 11.843523
  type: 'test'
  ...
# Subtest: property cache: repeated inherited reads do not resolve metadata or priorities again
ok 918 - property cache: repeated inherited reads do not resolve metadata or priorities again
  ---
  duration_ms: 4.903084
  type: 'test'
  ...
# Subtest: property cache: parent handlers immediately observe fresh descendant values
ok 919 - property cache: parent handlers immediately observe fresh descendant values
  ---
  duration_ms: 0.93141
  type: 'test'
  ...
# Subtest: property cache: reparent notifications see all newly inherited descendant properties
ok 920 - property cache: reparent notifications see all newly inherited descendant properties
  ---
  duration_ms: 1.592714
  type: 'test'
  ...
# Subtest: property cache: local shadows isolate their descendants and ClearValue reconnects inheritance
ok 921 - property cache: local shadows isolate their descendants and ClearValue reconnects inheritance
  ---
  duration_ms: 0.76536
  type: 'test'
  ...
# Subtest: property cache: priority removal, animation base values and same-priority order remain correct
ok 922 - property cache: priority removal, animation base values and same-priority order remain correct
  ---
  duration_ms: 0.5653
  type: 'test'
  ...
# Subtest: property cache: changing the order on an existing slot invalidates its winning entry
ok 923 - property cache: changing the order on an existing slot invalidates its winning entry
  ---
  duration_ms: 0.5326
  type: 'test'
  ...
# Subtest: property cache: observable bindings replace cached values and dispose without stale roots
ok 924 - property cache: observable bindings replace cached values and dispose without stale roots
  ---
  duration_ms: 1.250088
  type: 'test'
  ...
# Subtest: property cache: coerced values are never frozen, including through inherited nodes
ok 925 - property cache: coerced values are never frozen, including through inherited nodes
  ---
  duration_ms: 0.464758
  type: 'test'
  ...
# Subtest: property cache: direct getters continue to execute on every read
ok 926 - property cache: direct getters continue to execute on every read
  ---
  duration_ms: 0.374713
  type: 'test'
  ...
# Subtest: property cache: null, undefined, NaN and per-instance factories preserve value semantics
ok 927 - property cache: null, undefined, NaN and per-instance factories preserve value semantics
  ---
  duration_ms: 0.714153
  type: 'test'
  ...
# Subtest: property cache: metadata override invalidates already cached derived defaults
ok 928 - property cache: metadata override invalidates already cached derived defaults
  ---
  duration_ms: 0.253241
  type: 'test'
  ...
# Subtest: property cache: AddOwner and newly registered inherited properties invalidate lookup inventories
ok 929 - property cache: AddOwner and newly registered inherited properties invalidate lookup inventories
  ---
  duration_ms: 1.418852
  type: 'test'
  ...
# Subtest: property cache: metadata can disable inheritance for a derived node and its descendants
ok 930 - property cache: metadata can disable inheritance for a derived node and its descendants
  ---
  duration_ms: 0.886683
  type: 'test'
  ...
# Subtest: property cache: disposed objects release retained resolved entries and factories
ok 931 - property cache: disposed objects release retained resolved entries and factories
  ---
  duration_ms: 0.568534
  type: 'test'
  ...
# Subtest: layout: a batch of leaf arrange invalidations reaches the root only once
ok 932 - layout: a batch of leaf arrange invalidations reaches the root only once
  ---
  duration_ms: 6.097222
  type: 'test'
  ...
# Subtest: layout: a batch of leaf measure invalidations reaches the root only once
ok 933 - layout: a batch of leaf measure invalidations reaches the root only once
  ---
  duration_ms: 1.229878
  type: 'test'
  ...
# Subtest: layout: invalidation raised inside ArrangeOverride is not overwritten
ok 934 - layout: invalidation raised inside ArrangeOverride is not overwritten
  ---
  duration_ms: 1.48419
  type: 'test'
  ...
# Subtest: layout: identity-transform translations are cached but track bounds and nonidentity transforms
ok 935 - layout: identity-transform translations are cached but track bounds and nonidentity transforms
  ---
  duration_ms: 0.623937
  type: 'test'
  ...
# Subtest: table: steady-state disjoint viewport jumps keep row/cell/text visual identities attached
ok 936 - table: steady-state disjoint viewport jumps keep row/cell/text visual identities attached
  ---
  duration_ms: 119.820303
  type: 'test'
  ...
# Subtest: table: recycled scalar bindings unsubscribe old rows and observe their new row
ok 937 - table: recycled scalar bindings unsubscribe old rows and observe their new row
  ---
  duration_ms: 60.706492
  type: 'test'
  ...
# Subtest: table: visible-column cache updates for visibility, replacement and order changes
ok 938 - table: visible-column cache updates for visibility, replacement and order changes
  ---
  duration_ms: 39.8997
  type: 'test'
  ...
# Subtest: table: custom data templates still rebuild and dispose obsolete instances
ok 939 - table: custom data templates still rebuild and dispose obsolete instances
  ---
  duration_ms: 0.843207
  type: 'test'
  ...
# Subtest: render transform: caller mutation cannot poison a cached translation
ok 940 - render transform: caller mutation cannot poison a cached translation
  ---
  duration_ms: 0.274132
  type: 'test'
  ...
# Subtest: button command: parameter and CanExecute notifications invalidate automation state
ok 941 - button command: parameter and CanExecute notifications invalidate automation state
  ---
  duration_ms: 2.232845
  type: 'test'
  ...
# Subtest: editor: masking and read-only changes synchronize the existing native input without a text edit
ok 942 - editor: masking and read-only changes synchronize the existing native input without a text edit
  ---
  duration_ms: 3.900281
  type: 'test'
  ...
# Subtest: Avalonia text raster compatibility exports are the actual upstream functions
ok 943 - Avalonia text raster compatibility exports are the actual upstream functions
  ---
  duration_ms: 1.495107
  type: 'test'
  ...
# Subtest: text module matches the merged upstream Git blob and consumer pins that exact revision
ok 944 - text module matches the merged upstream Git blob and consumer pins that exact revision
  ---
  duration_ms: 12.764347
  type: 'test'
  ...
# Subtest: shared clipped text planning is proportional to the viewport, not line length
ok 945 - shared clipped text planning is proportional to the viewport, not line length
  ---
  duration_ms: 0.697779
  type: 'test'
  ...
# Subtest: worker native perf: device clips are reused through transform-only state changes
ok 946 - worker native perf: device clips are reused through transform-only state changes
  ---
  duration_ms: 23.094736
  type: 'test'
  ...
# Subtest: worker native perf: nested clip and layer changes refresh only at the relevant scope
ok 947 - worker native perf: nested clip and layer changes refresh only at the relevant scope
  ---
  duration_ms: 10.26757
  type: 'test'
  ...
# Subtest: worker native perf: direct native mutation is uncached by default and explicit invalidation is honored
ok 948 - worker native perf: direct native mutation is uncached by default and explicit invalidation is honored
  ---
  duration_ms: 0.583718
  type: 'test'
  ...
# Subtest: worker native perf: cached clip state preserves RGBA through transforms clips opacity geometry and effects
ok 949 - worker native perf: cached clip state preserves RGBA through transforms clips opacity geometry and effects
  ---
  duration_ms: 17.157614
  type: 'test'
  ...
# Subtest: worker perf: packet-local UTF8 dictionary eliminates repeated field and value encoding
ok 950 - worker perf: packet-local UTF8 dictionary eliminates repeated field and value encoding
  ---
  duration_ms: 22.170733
  type: 'test'
  ...
# Subtest: worker perf: string definitions encode into destination storage without temporary encode arrays
ok 951 - worker perf: string definitions encode into destination storage without temporary encode arrays
  ---
  duration_ms: 0.320792
  type: 'test'
  ...
# Subtest: worker perf: dictionary scope is one transaction including transfer-buffer reuse
ok 952 - worker perf: dictionary scope is one transaction including transfer-buffer reuse
  ---
  duration_ms: 0.224568
  type: 'test'
  ...
# Subtest: worker perf: strings preserve Unicode and standard lone-surrogate replacement
ok 953 - worker perf: strings preserve Unicode and standard lone-surrogate replacement
  ---
  duration_ms: 0.388905
  type: 'test'
  ...
# Subtest: worker perf: inline string encoding respects an exact small byte budget
ok 954 - worker perf: inline string encoding respects an exact small byte budget
  ---
  duration_ms: 0.525379
  type: 'test'
  ...
# Subtest: worker perf: invalid and forward dictionary references fail closed
ok 955 - worker perf: invalid and forward dictionary references fail closed
  ---
  duration_ms: 0.171397
  type: 'test'
  ...
# Subtest: worker perf: malformed UTF8 and truncated dictionary payloads fail closed
ok 956 - worker perf: malformed UTF8 and truncated dictionary payloads fail closed
  ---
  duration_ms: 0.240191
  type: 'test'
  ...
# Subtest: worker perf: v1 transaction reading remains available for recorded diagnostics
ok 957 - worker perf: v1 transaction reading remains available for recorded diagnostics
  ---
  duration_ms: 0.116054
  type: 'test'
  ...
# Subtest: worker perf: non-string reference identity is never shared by the dictionary
ok 958 - worker perf: non-string reference identity is never shared by the dictionary
  ---
  duration_ms: 0.337547
  type: 'test'
  ...
# Subtest: worker perf: deterministic nested Unicode/typed-array corpus roundtrips
ok 959 - worker perf: deterministic nested Unicode/typed-array corpus roundtrips
  ---
  duration_ms: 1.757441
  type: 'test'
  ...
# Subtest: worker perf: deeply repeated objects still respect nesting and key safety
ok 960 - worker perf: deeply repeated objects still respect nesting and key safety
  ---
  duration_ms: 0.823888
  type: 'test'
  ...
# Subtest: worker perf: placement-only patches omit retained drawing instructions and resource metadata
ok 961 - worker perf: placement-only patches omit retained drawing instructions and resource metadata
  ---
  duration_ms: 12.628162
  type: 'test'
  ...
# Subtest: worker perf: pending patches are rebased against ACK, not an intermediate desired state
ok 962 - worker perf: pending patches are rebased against ACK, not an intermediate desired state
  ---
  duration_ms: 0.377107
  type: 'test'
  ...
# Subtest: worker perf: patch rejects missing target without mutating scene
ok 963 - worker perf: patch rejects missing target without mutating scene
  ---
  duration_ms: 2.319726
  type: 'test'
  ...
# Subtest: worker perf: patch rejects Id replacement without mutating scene
ok 964 - worker perf: patch rejects Id replacement without mutating scene
  ---
  duration_ms: 2.080347
  type: 'test'
  ...
# Subtest: worker perf: patch rejects unknown field without mutating scene
ok 965 - worker perf: patch rejects unknown field without mutating scene
  ---
  duration_ms: 3.55978
  type: 'test'
  ...
# Subtest: worker perf: patch rejects prototype member without mutating scene
ok 966 - worker perf: patch rejects prototype member without mutating scene
  ---
  duration_ms: 2.40842
  type: 'test'
  ...
# Subtest: worker perf: conflicting patch/remove operations and patches in full snapshots are rejected
ok 967 - worker perf: conflicting patch/remove operations and patches in full snapshots are rejected
  ---
  duration_ms: 1.835438
  type: 'test'
  ...
# Subtest: worker perf: patched commands are checked even when content revision is unchanged
ok 968 - worker perf: patched commands are checked even when content revision is unchanged
  ---
  duration_ms: 1.601367
  type: 'test'
  ...
# Subtest: worker perf: changed native descriptors fail before committed state is replaced
ok 969 - worker perf: changed native descriptors fail before committed state is replaced
  ---
  duration_ms: 1.959685
  type: 'test'
  ...
# Subtest: worker perf: removal revalidates cached references of untouched display lists
ok 970 - worker perf: removal revalidates cached references of untouched display lists
  ---
  duration_ms: 2.062149
  type: 'test'
  ...
# Subtest: worker perf: placement-only transaction does not repeat graph validation
ok 971 - worker perf: placement-only transaction does not repeat graph validation
  ---
  duration_ms: 2.032895
  type: 'test'
  ...
# Subtest: worker perf: cached descriptors are immutable, including nested clip arrays
ok 972 - worker perf: cached descriptors are immutable, including nested clip arrays
  ---
  duration_ms: 1.252021
  type: 'test'
  ...
# Subtest: worker perf: cycle inserted by a patch is rejected after prior topology was cached
ok 973 - worker perf: cycle inserted by a patch is rejected after prior topology was cached
  ---
  duration_ms: 4.560413
  type: 'test'
  ...
# Subtest: worker perf: actual resource references participate in cycle checks even without declared Depends
ok 974 - worker perf: actual resource references participate in cycle checks even without declared Depends
  ---
  duration_ms: 1.786865
  type: 'test'
  ...
# Subtest: worker perf: retained reference summaries handle deep shared descriptors without rescanning
ok 975 - worker perf: retained reference summaries handle deep shared descriptors without rescanning
  ---
  duration_ms: 4.037497
  type: 'test'
  ...
# Subtest: worker perf: off-tree VisualBrush in a TEXT RESOURCE stays live and invalidates independently
ok 976 - worker perf: off-tree VisualBrush in a TEXT RESOURCE stays live and invalidates independently
  ---
  duration_ms: 3.452488
  type: 'test'
  ...
# Subtest: worker perf: equal independent text layouts share one immutable resource
ok 977 - worker perf: equal independent text layouts share one immutable resource
  ---
  duration_ms: 0.398459
  type: 'test'
  ...
# Subtest: worker perf: text resource interning preserves width, color, typeface and spacing differences
ok 978 - worker perf: text resource interning preserves width, color, typeface and spacing differences
  ---
  duration_ms: 1.740075
  type: 'test'
  ...
# Subtest: worker perf: one shared-resource owner changing revision cannot overwrite another owner
ok 979 - worker perf: one shared-resource owner changing revision cannot overwrite another owner
  ---
  duration_ms: 0.273401
  type: 'test'
  ...
# Subtest: worker perf: shared text is retained until its last visible consumer is gone
ok 980 - worker perf: shared text is retained until its last visible consumer is gone
  ---
  duration_ms: 4.974645
  type: 'test'
  ...
# Subtest: worker perf: no-editor acknowledgement traffic is suppressed but focus/editor updates are not
ok 981 - worker perf: no-editor acknowledgement traffic is suppressed but focus/editor updates are not
  ---
  duration_ms: 0.3993
  type: 'test'
  ...
# Subtest: worker perf: key/focus event forwarding does not force a canvas layout read
ok 982 - worker perf: key/focus event forwarding does not force a canvas layout read
  ---
  duration_ms: 0.274182
  type: 'test'
  ...
# Subtest: worker perf: submitted/frame duplicate notification projects state once but acknowledges credit
ok 983 - worker perf: submitted/frame duplicate notification projects state once but acknowledges credit
  ---
  duration_ms: 0.616416
  type: 'test'
  ...
# Subtest: worker perf: exact identity transforms skip native state operations without losing ink
ok 984 - worker perf: exact identity transforms skip native state operations without losing ink
  ---
  duration_ms: 1.939084
  type: 'test'
  ...
# Subtest: bootstrap installs message handler synchronously without importing the runtime
ok 985 - bootstrap installs message handler synchronously without importing the runtime
  ---
  duration_ms: 1.1579
  type: 'test'
  ...
# Subtest: bootstrap owns the original transferred objects before top-level await resolves
ok 986 - bootstrap owns the original transferred objects before top-level await resolves
  ---
  duration_ms: 8.07202
  type: 'test'
  ...
# Subtest: duplicate initialize is ignored while graph is suspended and after ready
ok 987 - duplicate initialize is ignored while graph is suspended and after ready
  ---
  duration_ms: 0.676331
  type: 'test'
  ...
# Subtest: non-initialization messages do not trigger graph import or allocate a queue
ok 988 - non-initialization messages do not trigger graph import or allocate a queue
  ---
  duration_ms: 0.652039
  type: 'test'
  ...
# Subtest: bootstrap reports sync-import and closes instead of timing out
ok 989 - bootstrap reports sync-import and closes instead of timing out
  ---
  duration_ms: 0.894093
  type: 'test'
  ...
# Subtest: bootstrap reports async-import and closes instead of timing out
ok 990 - bootstrap reports async-import and closes instead of timing out
  ---
  duration_ms: 0.493362
  type: 'test'
  ...
# Subtest: bootstrap reports missing-export and closes instead of timing out
ok 991 - bootstrap reports missing-export and closes instead of timing out
  ---
  duration_ms: 0.597779
  type: 'test'
  ...
# Subtest: bootstrap reports entry-rejection and closes instead of timing out
ok 992 - bootstrap reports entry-rejection and closes instead of timing out
  ---
  duration_ms: 1.198151
  type: 'test'
  ...
# Subtest: startup stage notifications remain ordered while the entry is awaiting work
ok 993 - startup stage notifications remain ordered while the entry is awaiting work
  ---
  duration_ms: 1.474586
  type: 'test'
  ...
# Subtest: production entry generation embeds bootstrap instead of statically importing asynchronous dependencies
ok 994 - production entry generation embeds bootstrap instead of statically importing asynchronous dependencies
  ---
  duration_ms: 1.941207
  type: 'test'
  ...
# Subtest: render-worker bootstrap failure does not attempt to reuse or retransfer its canvas
ok 995 - render-worker bootstrap failure does not attempt to reuse or retransfer its canvas
  ---
  duration_ms: 1.958754
  type: 'test'
  ...
# Subtest: disposing a not-yet-ready renderer settles initialization instead of leaving a pending promise
ok 996 - disposing a not-yet-ready renderer settles initialization instead of leaving a pending promise
  ---
  duration_ms: 1.0178
  type: 'test'
  ...
# Subtest: XAML explicit constructor overloads preserve argument types in runtime and direct AOT
ok 997 - XAML explicit constructor overloads preserve argument types in runtime and direct AOT
  ---
  duration_ms: 21.129493
  type: 'test'
  ...
# Subtest: XAML registered factories receive optional and variadic arguments without eval
ok 998 - XAML registered factories receive optional and variadic arguments without eval
  ---
  duration_ms: 5.496274
  type: 'test'
  ...
# Subtest: XAML generic factories cache closed types and typed arrays reject incompatible elements
ok 999 - XAML generic factories cache closed types and typed arrays reject incompatible elements
  ---
  duration_ms: 15.521956
  type: 'test'
  ...
# Subtest: XAML array resources remain keyed and nested object arguments do not become RootObject
ok 1000 - XAML array resources remain keyed and nested object arguments do not become RootObject
  ---
  duration_ms: 10.1015
  type: 'test'
  ...
# Subtest: XAML failure disposes constructed objects once in both execution paths
ok 1001 - XAML failure disposes constructed objects once in both execution paths
  ---
  duration_ms: 3.188281
  type: 'test'
  ...
# Subtest: overload ambiguity, nullability and numeric validation are explicit
ok 1002 - overload ambiguity, nullability and numeric validation are explicit
  ---
  duration_ms: 1.839904
  type: 'test'
  ...
# Subtest: XAML duplicate constructor directives and missing generic arity fail before silent defaults
ok 1003 - XAML duplicate constructor directives and missing generic arity fail before silent defaults
  ---
  duration_ms: 1.848648
  type: 'test'
  ...
# Subtest: namespace runtime/AOT false: attached binding and worker pixels at 1x
ok 1004 - namespace runtime/AOT false: attached binding and worker pixels at 1x
  ---
  duration_ms: 55.472483
  type: 'test'
  ...
# Subtest: namespace runtime/AOT false: attached binding and worker pixels at 1.25x
ok 1005 - namespace runtime/AOT false: attached binding and worker pixels at 1.25x
  ---
  duration_ms: 19.55062
  type: 'test'
  ...
# Subtest: namespace runtime/AOT false: attached binding and worker pixels at 1.5x
ok 1006 - namespace runtime/AOT false: attached binding and worker pixels at 1.5x
  ---
  duration_ms: 22.043827
  type: 'test'
  ...
# Subtest: namespace runtime/AOT false: attached binding and worker pixels at 2x
ok 1007 - namespace runtime/AOT false: attached binding and worker pixels at 2x
  ---
  duration_ms: 28.344095
  type: 'test'
  ...
# Subtest: namespace runtime/AOT false: attached binding and worker pixels at 3x
ok 1008 - namespace runtime/AOT false: attached binding and worker pixels at 3x
  ---
  duration_ms: 52.80305
  type: 'test'
  ...
# Subtest: namespace runtime/AOT true: attached binding and worker pixels at 1x
ok 1009 - namespace runtime/AOT true: attached binding and worker pixels at 1x
  ---
  duration_ms: 15.815197
  type: 'test'
  ...
# Subtest: namespace runtime/AOT true: attached binding and worker pixels at 1.25x
ok 1010 - namespace runtime/AOT true: attached binding and worker pixels at 1.25x
  ---
  duration_ms: 20.376692
  type: 'test'
  ...
# Subtest: namespace runtime/AOT true: attached binding and worker pixels at 1.5x
ok 1011 - namespace runtime/AOT true: attached binding and worker pixels at 1.5x
  ---
  duration_ms: 17.565717
  type: 'test'
  ...
# Subtest: namespace runtime/AOT true: attached binding and worker pixels at 2x
ok 1012 - namespace runtime/AOT true: attached binding and worker pixels at 2x
  ---
  duration_ms: 39.379468
  type: 'test'
  ...
# Subtest: namespace runtime/AOT true: attached binding and worker pixels at 3x
ok 1013 - namespace runtime/AOT true: attached binding and worker pixels at 3x
  ---
  duration_ms: 49.720003
  type: 'test'
  ...
# Subtest: runtime Ignorable drops attributes and complete subtrees before extension parsing
ok 1014 - runtime Ignorable drops attributes and complete subtrees before extension parsing
  ---
  duration_ms: 12.878683
  type: 'test'
  ...
# Subtest: runtime Ignorable is URI based when a child rebinds the lexical prefix
ok 1015 - runtime Ignorable is URI based when a child rebinds the lexical prefix
  ---
  duration_ms: 3.232378
  type: 'test'
  ...
# Subtest: runtime local Ignorable does not leak across empty or nonempty sibling elements
ok 1016 - runtime local Ignorable does not leak across empty or nonempty sibling elements
  ---
  duration_ms: 2.886468
  type: 'test'
  ...
# Subtest: runtime mapped ignorable namespaces are understood and lexical extension aliases are mapped
ok 1017 - runtime mapped ignorable namespaces are understood and lexical extension aliases are mapped
  ---
  duration_ms: 2.273086
  type: 'test'
  ...
# Subtest: runtime namespaced attached members resolve the specified owner, not its default-namespace homonym
ok 1018 - runtime namespaced attached members resolve the specified owner, not its default-namespace homonym
  ---
  duration_ms: 1.457531
  type: 'test'
  ...
# Subtest: runtime namespaced property elements provide the correct actual target property to extensions
ok 1019 - runtime namespaced property elements provide the correct actual target property to extensions
  ---
  duration_ms: 1.482447
  type: 'test'
  ...
# Subtest: runtime unknown nonignorable attributes cannot masquerade as local properties or events
ok 1020 - runtime unknown nonignorable attributes cannot masquerade as local properties or events
  ---
  duration_ms: 2.183962
  type: 'test'
  ...
# Subtest: runtime namespace mappings survive deferred template construction and binding updates
ok 1021 - runtime namespace mappings survive deferred template construction and binding updates
  ---
  duration_ms: 5.826516
  type: 'test'
  ...
# Subtest: runtime XML attribute normalization preserves character references and xml:space text
ok 1022 - runtime XML attribute normalization preserves character references and xml:space text
  ---
  duration_ms: 1.327625
  type: 'test'
  ...
# Subtest: runtime ignored content never runs registered constructors or captures names
ok 1023 - runtime ignored content never runs registered constructors or captures names
  ---
  duration_ms: 2.100967
  type: 'test'
  ...
# Subtest: AOT Ignorable drops attributes and complete subtrees before extension parsing
ok 1024 - AOT Ignorable drops attributes and complete subtrees before extension parsing
  ---
  duration_ms: 12.625072
  type: 'test'
  ...
# Subtest: AOT Ignorable is URI based when a child rebinds the lexical prefix
ok 1025 - AOT Ignorable is URI based when a child rebinds the lexical prefix
  ---
  duration_ms: 8.488816
  type: 'test'
  ...
# Subtest: AOT local Ignorable does not leak across empty or nonempty sibling elements
ok 1026 - AOT local Ignorable does not leak across empty or nonempty sibling elements
  ---
  duration_ms: 4.401144
  type: 'test'
  ...
# Subtest: AOT mapped ignorable namespaces are understood and lexical extension aliases are mapped
ok 1027 - AOT mapped ignorable namespaces are understood and lexical extension aliases are mapped
  ---
  duration_ms: 3.246299
  type: 'test'
  ...
# Subtest: AOT namespaced attached members resolve the specified owner, not its default-namespace homonym
ok 1028 - AOT namespaced attached members resolve the specified owner, not its default-namespace homonym
  ---
  duration_ms: 2.558374
  type: 'test'
  ...
# Subtest: AOT namespaced property elements provide the correct actual target property to extensions
ok 1029 - AOT namespaced property elements provide the correct actual target property to extensions
  ---
  duration_ms: 2.511714
  type: 'test'
  ...
# Subtest: AOT unknown nonignorable attributes cannot masquerade as local properties or events
ok 1030 - AOT unknown nonignorable attributes cannot masquerade as local properties or events
  ---
  duration_ms: 11.095274
  type: 'test'
  ...
# Subtest: AOT namespace mappings survive deferred template construction and binding updates
ok 1031 - AOT namespace mappings survive deferred template construction and binding updates
  ---
  duration_ms: 5.026964
  type: 'test'
  ...
# Subtest: AOT XML attribute normalization preserves character references and xml:space text
ok 1032 - AOT XML attribute normalization preserves character references and xml:space text
  ---
  duration_ms: 6.287504
  type: 'test'
  ...
# Subtest: AOT ignored content never runs registered constructors or captures names
ok 1033 - AOT ignored content never runs registered constructors or captures names
  ---
  duration_ms: 2.206116
  type: 'test'
  ...
# Subtest: XDocumentXamlParser and settings expose upstream-compatible mapping names
ok 1034 - XDocumentXamlParser and settings expose upstream-compatible mapping names
  ---
  duration_ms: 0.35977
  type: 'test'
  ...
# Subtest: namespace mapping is a single step, not transitive
ok 1035 - namespace mapping is a single step, not transitive
  ---
  duration_ms: 0.141082
  type: 'test'
  ...
# Subtest: mapping to the same expanded attribute name is rejected before construction
ok 1036 - mapping to the same expanded attribute name is rejected before construction
  ---
  duration_ms: 0.353321
  type: 'test'
  ...
# Subtest: namespace mappings are snapshotted per parse and do not mutate caller input
ok 1037 - namespace mappings are snapshotted per parse and do not mutate caller input
  ---
  duration_ms: 0.116315
  type: 'test'
  ...
# Subtest: XML compatibility rejects undeclared Ignorable
ok 1038 - XML compatibility rejects undeclared Ignorable
  ---
  duration_ms: 0.153381
  type: 'test'
  ...
# Subtest: XML compatibility rejects unsupported compatibility directive
ok 1039 - XML compatibility rejects unsupported compatibility directive
  ---
  duration_ms: 0.097066
  type: 'test'
  ...
# Subtest: XML compatibility rejects unsupported AlternateContent
ok 1040 - XML compatibility rejects unsupported AlternateContent
  ---
  duration_ms: 0.097997
  type: 'test'
  ...
# Subtest: XML compatibility rejects ignored XML remains well-formed
ok 1041 - XML compatibility rejects ignored XML remains well-formed
  ---
  duration_ms: 0.110406
  type: 'test'
  ...
# Subtest: XML compatibility rejects ignored references remain valid
ok 1042 - XML compatibility rejects ignored references remain valid
  ---
  duration_ms: 0.133771
  type: 'test'
  ...
# Subtest: XML compatibility rejects DTD still rejected
ok 1043 - XML compatibility rejects DTD still rejected
  ---
  duration_ms: 0.044897
  type: 'test'
  ...
# Subtest: XML compatibility rejects reserved xml binding
ok 1044 - XML compatibility rejects reserved xml binding
  ---
  duration_ms: 0.061873
  type: 'test'
  ...
# Subtest: XML compatibility rejects reserved xmlns binding
ok 1045 - XML compatibility rejects reserved xmlns binding
  ---
  duration_ms: 0.059709
  type: 'test'
  ...
# Subtest: XML compatibility rejects XML URI alias
ok 1046 - XML compatibility rejects XML URI alias
  ---
  duration_ms: 0.054832
  type: 'test'
  ...
# Subtest: XML compatibility rejects undeclared prefix
ok 1047 - XML compatibility rejects undeclared prefix
  ---
  duration_ms: 0.136796
  type: 'test'
  ...
# Subtest: XML compatibility rejects empty prefix mapping
ok 1048 - XML compatibility rejects empty prefix mapping
  ---
  duration_ms: 0.108223
  type: 'test'
  ...
# Subtest: XML compatibility rejects multiple colons
ok 1049 - XML compatibility rejects multiple colons
  ---
  duration_ms: 0.084858
  type: 'test'
  ...
# Subtest: XML compatibility rejects empty local name
ok 1050 - XML compatibility rejects empty local name
  ---
  duration_ms: 0.08625
  type: 'test'
  ...
# Subtest: XML compatibility rejects invalid local name
ok 1051 - XML compatibility rejects invalid local name
  ---
  duration_ms: 0.082454
  type: 'test'
  ...
# Subtest: XML compatibility rejects unsafe prefix
ok 1052 - XML compatibility rejects unsafe prefix
  ---
  duration_ms: 0.115364
  type: 'test'
  ...
# Subtest: XML compatibility rejects unescaped CDATA terminator
ok 1053 - XML compatibility rejects unescaped CDATA terminator
  ---
  duration_ms: 0.090526
  type: 'test'
  ...
# Subtest: XML compatibility rejects invalid xml:space
ok 1054 - XML compatibility rejects invalid xml:space
  ---
  duration_ms: 0.115283
  type: 'test'
  ...
# Subtest: XML compatibility rejects literal control character
ok 1055 - XML compatibility rejects literal control character
  ---
  duration_ms: 0.074422
  type: 'test'
  ...
# Subtest: XML compatibility rejects literal isolated surrogate
ok 1056 - XML compatibility rejects literal isolated surrogate
  ---
  duration_ms: 0.122624
  type: 'test'
  ...
# Subtest: XML compatibility rejects literal U+FFFE
ok 1057 - XML compatibility rejects literal U+FFFE
  ---
  duration_ms: 0.065068
  type: 'test'
  ...
# Subtest: XML compatibility rejects invalid referenced U+FFFF
ok 1058 - XML compatibility rejects invalid referenced U+FFFF
  ---
  duration_ms: 0.085678
  type: 'test'
  ...
# Subtest: XML compatibility rejects non-XML whitespace outside root
ok 1059 - XML compatibility rejects non-XML whitespace outside root
  ---
  duration_ms: 0.066751
  type: 'test'
  ...
# Subtest: skipped descendants count against depth, node and character limits
ok 1060 - skipped descendants count against depth, node and character limits
  ---
  duration_ms: 0.397538
  type: 'test'
  ...
# Subtest: XML normalization retains significant Unicode content and nested whitespace modes
ok 1061 - XML normalization retains significant Unicode content and nested whitespace modes
  ---
  duration_ms: 2.907318
  type: 'test'
  ...
# Subtest: compatibility diagnostics keep source file and original element positions
ok 1062 - compatibility diagnostics keep source file and original element positions
  ---
  duration_ms: 0.264838
  type: 'test'
  ...
# Subtest: invalid namespace mapping tables reject reserved namespaces without following a chain
ok 1063 - invalid namespace mapping tables reject reserved namespaces without following a chain
  ---
  duration_ms: 0.252269
  type: 'test'
  ...
# Subtest: XML compatibility rejects adjacent attributes
ok 1064 - XML compatibility rejects adjacent attributes
  ---
  duration_ms: 0.115464
  type: 'test'
  ...
# Subtest: XML compatibility rejects hexadecimal marker case
ok 1065 - XML compatibility rejects hexadecimal marker case
  ---
  duration_ms: 0.149534
  type: 'test'
  ...
# Subtest: XML compatibility rejects CDATA outside root
ok 1066 - XML compatibility rejects CDATA outside root
  ---
  duration_ms: 0.06687
  type: 'test'
  ...
# Subtest: an already ignored subtree does not evaluate inner compatibility directives
ok 1067 - an already ignored subtree does not evaluate inner compatibility directives
  ---
  duration_ms: 0.196476
  type: 'test'
  ...
# Subtest: ordinary XAML takes the compatibility allocation fast path without cloning attributes or namespaces
ok 1068 - ordinary XAML takes the compatibility allocation fast path without cloning attributes or namespaces
  ---
  duration_ms: 8.017599
  type: 'test'
  ...
# Subtest: runtime mapping preserves x:Type and prefixed attached members in nested lexical scopes
ok 1069 - runtime mapping preserves x:Type and prefixed attached members in nested lexical scopes
  ---
  duration_ms: 1.090509
  type: 'test'
  ...
# Subtest: AOT mapping preserves x:Type and prefixed attached members in nested lexical scopes
ok 1070 - AOT mapping preserves x:Type and prefixed attached members in nested lexical scopes
  ---
  duration_ms: 2.153556
  type: 'test'
  ...
# Subtest: namespace AOT fixture is the reproducible direct compiler output
ok 1071 - namespace AOT fixture is the reproducible direct compiler output
  ---
  duration_ms: 2.48232
  type: 'test'
  ...
# Subtest: runtime custom Design attached property is not silently discarded
ok 1072 - runtime custom Design attached property is not silently discarded
  ---
  duration_ms: 1.363418
  type: 'test'
  ...
# Subtest: AOT custom Design attached property is not silently discarded
ok 1073 - AOT custom Design attached property is not silently discarded
  ---
  duration_ms: 3.444025
  type: 'test'
  ...
# Subtest: XAML runtime: target property, root, scoped names, URI and type resolver are real services
ok 1074 - XAML runtime: target property, root, scoped names, URI and type resolver are real services
  ---
  duration_ms: 9.150881
  type: 'test'
  ...
# Subtest: XAML runtime: nested named extensions see their immediate outer extension and property
ok 1075 - XAML runtime: nested named extensions see their immediate outer extension and property
  ---
  duration_ms: 1.532123
  type: 'test'
  ...
# Subtest: XAML runtime: xml:base is nested and restored for siblings; retained service snapshots do not change
ok 1076 - XAML runtime: xml:base is nested and restored for siblings; retained service snapshots do not change
  ---
  duration_ms: 2.548781
  type: 'test'
  ...
# Subtest: XAML runtime: unknown services delegate and explicit Map entries preserve false and null
ok 1077 - XAML runtime: unknown services delegate and explicit Map entries preserve false and null
  ---
  duration_ms: 1.135316
  type: 'test'
  ...
# Subtest: XAML runtime: object-element extensions get actual attached-property target
ok 1078 - XAML runtime: object-element extensions get actual attached-property target
  ---
  duration_ms: 1.500825
  type: 'test'
  ...
# Subtest: XAML runtime: a custom namespace Binding name is not hijacked by built-in binding
ok 1079 - XAML runtime: a custom namespace Binding name is not hijacked by built-in binding
  ---
  duration_ms: 1.195466
  type: 'test'
  ...
# Subtest: XAML runtime: inherited CompileBindings honors order, false scopes and explicit ReflectionBinding
ok 1080 - XAML runtime: inherited CompileBindings honors order, false scopes and explicit ReflectionBinding
  ---
  duration_ms: 5.45025
  type: 'test'
  ...
# Subtest: XAML runtime: inherited typed compiled binding rejects unknown members instead of silently reflecting
ok 1081 - XAML runtime: inherited typed compiled binding rejects unknown members instead of silently reflecting
  ---
  duration_ms: 1.342327
  type: 'test'
  ...
# Subtest: XAML runtime: deferred template distinguishes original file root and intermediate template root
ok 1082 - XAML runtime: deferred template distinguishes original file root and intermediate template root
  ---
  duration_ms: 2.450192
  type: 'test'
  ...
# Subtest: XAML runtime: failed extension releases partial constructed graph exactly once
ok 1083 - XAML runtime: failed extension releases partial constructed graph exactly once
  ---
  duration_ms: 1.426865
  type: 'test'
  ...
# Subtest: XAML runtime: asynchronous ProvideValue is rejected rather than assigning an unresolved Promise
ok 1084 - XAML runtime: asynchronous ProvideValue is rejected rather than assigning an unresolved Promise
  ---
  duration_ms: 1.13181
  type: 'test'
  ...
# Subtest: XAML AOT: target property, root, scoped names, URI and type resolver are real services
ok 1085 - XAML AOT: target property, root, scoped names, URI and type resolver are real services
  ---
  duration_ms: 9.67546
  type: 'test'
  ...
# Subtest: XAML AOT: nested named extensions see their immediate outer extension and property
ok 1086 - XAML AOT: nested named extensions see their immediate outer extension and property
  ---
  duration_ms: 2.193647
  type: 'test'
  ...
# Subtest: XAML AOT: xml:base is nested and restored for siblings; retained service snapshots do not change
ok 1087 - XAML AOT: xml:base is nested and restored for siblings; retained service snapshots do not change
  ---
  duration_ms: 3.45369
  type: 'test'
  ...
# Subtest: XAML AOT: unknown services delegate and explicit Map entries preserve false and null
ok 1088 - XAML AOT: unknown services delegate and explicit Map entries preserve false and null
  ---
  duration_ms: 3.32051
  type: 'test'
  ...
# Subtest: XAML AOT: object-element extensions get actual attached-property target
ok 1089 - XAML AOT: object-element extensions get actual attached-property target
  ---
  duration_ms: 3.780461
  type: 'test'
  ...
# Subtest: XAML AOT: a custom namespace Binding name is not hijacked by built-in binding
ok 1090 - XAML AOT: a custom namespace Binding name is not hijacked by built-in binding
  ---
  duration_ms: 1.671041
  type: 'test'
  ...
# Subtest: XAML AOT: inherited CompileBindings honors order, false scopes and explicit ReflectionBinding
ok 1091 - XAML AOT: inherited CompileBindings honors order, false scopes and explicit ReflectionBinding
  ---
  duration_ms: 4.346992
  type: 'test'
  ...
# Subtest: XAML AOT: inherited typed compiled binding rejects unknown members instead of silently reflecting
ok 1092 - XAML AOT: inherited typed compiled binding rejects unknown members instead of silently reflecting
  ---
  duration_ms: 2.088869
  type: 'test'
  ...
# Subtest: XAML AOT: deferred template distinguishes original file root and intermediate template root
ok 1093 - XAML AOT: deferred template distinguishes original file root and intermediate template root
  ---
  duration_ms: 2.66142
  type: 'test'
  ...
# Subtest: XAML AOT: failed extension releases partial constructed graph exactly once
ok 1094 - XAML AOT: failed extension releases partial constructed graph exactly once
  ---
  duration_ms: 2.041067
  type: 'test'
  ...
# Subtest: XAML AOT: asynchronous ProvideValue is rejected rather than assigning an unresolved Promise
ok 1095 - XAML AOT: asynchronous ProvideValue is rejected rather than assigning an unresolved Promise
  ---
  duration_ms: 2.123481
  type: 'test'
  ...
# Subtest: successful XAML context drops construction ownership arrays and rejects reuse
ok 1096 - successful XAML context drops construction ownership arrays and rejects reuse
  ---
  duration_ms: 1.369308
  type: 'test'
  ...
# Subtest: XAML runtime: inherited DataType resolves at its declaring namespace, not a shadowed child prefix
ok 1097 - XAML runtime: inherited DataType resolves at its declaring namespace, not a shadowed child prefix
  ---
  duration_ms: 2.032414
  type: 'test'
  ...
# Subtest: XAML AOT: inherited DataType resolves at its declaring namespace, not a shadowed child prefix
ok 1098 - XAML AOT: inherited DataType resolves at its declaring namespace, not a shadowed child prefix
  ---
  duration_ms: 3.058957
  type: 'test'
  ...
# Subtest: XAML runtime: extension-local URI survives EndInit and attribute extension failure releases its instance
ok 1099 - XAML runtime: extension-local URI survives EndInit and attribute extension failure releases its instance
  ---
  duration_ms: 1.459052
  type: 'test'
  ...
# Subtest: XAML AOT: extension-local URI survives EndInit and attribute extension failure releases its instance
ok 1100 - XAML AOT: extension-local URI survives EndInit and attribute extension failure releases its instance
  ---
  duration_ms: 3.829444
  type: 'test'
  ...
# Subtest: XAML runtime: template-local directives override declaration scope without losing URI or typed context
ok 1101 - XAML runtime: template-local directives override declaration scope without losing URI or typed context
  ---
  duration_ms: 2.033066
  type: 'test'
  ...
# Subtest: XAML AOT: template-local directives override declaration scope without losing URI or typed context
ok 1102 - XAML AOT: template-local directives override declaration scope without losing URI or typed context
  ---
  duration_ms: 6.231955
  type: 'test'
  ...
# Subtest: XAML runtime: custom namespace DataTemplate is an ordinary registered object, not a deferred template
ok 1103 - XAML runtime: custom namespace DataTemplate is an ordinary registered object, not a deferred template
  ---
  duration_ms: 1.145321
  type: 'test'
  ...
# Subtest: XAML AOT: custom namespace DataTemplate is an ordinary registered object, not a deferred template
ok 1104 - XAML AOT: custom namespace DataTemplate is an ordinary registered object, not a deferred template
  ---
  duration_ms: 7.627708
  type: 'test'
  ...
# Subtest: XamlX transformer restores parent stack after a nested transformation failure
ok 1105 - XamlX transformer restores parent stack after a nested transformation failure
  ---
  duration_ms: 0.663257
  type: 'test'
  ...
1..1105
# tests 1105
# suites 0
# pass 1105
# fail 0
# cancelled 0
# skipped 0
# todo 0
# duration_ms 12245.145671

> avaloniaweb-workspace@0.6.2-alpha.1 build
> node scripts/build.mjs

Built race-free worker ESM entries and source application graph; native WASM is not duplicated.
Compiled 75 XAML modules. Static distribution: dist/

> avaloniaweb-workspace@0.6.2-alpha.1 verify:workers
> node scripts/verify-workers.mjs

{"Passed":true,"Files":564,"SourceFingerprint":"75e6f652a5c22cf4e0694aea4e15f4260b762489c7abe2da69e26c558e5e9b6d","NativeWasm":"not duplicated","WorkerImportMaps":false}

> avaloniaweb-workspace@0.6.2-alpha.1 pack:all
> node scripts/pack.mjs

@wieslawsoltes/avalonia-animation: wieslawsoltes-avalonia-animation-0.6.2-alpha.1.tgz (8274 bytes)
@wieslawsoltes/avalonia: wieslawsoltes-avalonia-0.6.2-alpha.1.tgz (2568 bytes)
@wieslawsoltes/avalonia-base: wieslawsoltes-avalonia-base-0.6.2-alpha.1.tgz (19955 bytes)
@wieslawsoltes/avalonia-browser: wieslawsoltes-avalonia-browser-0.6.2-alpha.1.tgz (1468931 bytes)
@wieslawsoltes/avalonia-composition: wieslawsoltes-avalonia-composition-0.6.2-alpha.1.tgz (15449 bytes)
@wieslawsoltes/avalonia-controls: wieslawsoltes-avalonia-controls-0.6.2-alpha.1.tgz (73950 bytes)
@wieslawsoltes/avalonia-data: wieslawsoltes-avalonia-data-0.6.2-alpha.1.tgz (18135 bytes)
@wieslawsoltes/avalonia-diagnostics: wieslawsoltes-avalonia-diagnostics-0.6.2-alpha.1.tgz (2980 bytes)
@wieslawsoltes/avalonia-headless: wieslawsoltes-avalonia-headless-0.6.2-alpha.1.tgz (3107 bytes)
@wieslawsoltes/avalonia-markup-xaml: wieslawsoltes-avalonia-markup-xaml-0.6.2-alpha.1.tgz (14030 bytes)
@wieslawsoltes/avalonia-media: wieslawsoltes-avalonia-media-0.6.2-alpha.1.tgz (40517 bytes)
@wieslawsoltes/avalonia-opengl: wieslawsoltes-avalonia-opengl-0.6.2-alpha.1.tgz (5943 bytes)
@wieslawsoltes/avalonia-reactiveui: wieslawsoltes-avalonia-reactiveui-0.6.2-alpha.1.tgz (3646 bytes)
@wieslawsoltes/avalonia-rendering: wieslawsoltes-avalonia-rendering-0.6.2-alpha.1.tgz (31378 bytes)
@wieslawsoltes/avalonia-skia: wieslawsoltes-avalonia-skia-0.6.2-alpha.1.tgz (26596 bytes)
@wieslawsoltes/avalonia-styling: wieslawsoltes-avalonia-styling-0.6.2-alpha.1.tgz (10364 bytes)
@wieslawsoltes/avalonia-themes-fluent: wieslawsoltes-avalonia-themes-fluent-0.6.2-alpha.1.tgz (2911 bytes)
@wieslawsoltes/xamlx: wieslawsoltes-xamlx-0.6.2-alpha.1.tgz (12205 bytes)
Packed 18 packages; nothing published.

> avaloniaweb-workspace@0.6.2-alpha.1 test:packages
> node scripts/test-packages.mjs

{
  Passed: true,
  BindingDelay: true,
  SingleBindingPipeline: true,
  MultiBindingApis: true,
  XamlNamespaceApis: true,
  EffectTransitionApis: true,
  GlyphPathApis: true,
  ImplicitAnimationApis: true,
  Packages: 18,
  FacadeExports: 561,
  PublicRegistryInstalled: false,
  StartupSubpaths: true,
  CorePortApis: true,
  Version: '0.6.2-alpha.1',
  SourceFingerprint: '75e6f652a5c22cf4e0694aea4e15f4260b762489c7abe2da69e26c558e5e9b6d',
  FinalSourceFingerprint: '75e6f652a5c22cf4e0694aea4e15f4260b762489c7abe2da69e26c558e5e9b6d'
}
RUN native Skia catalog startup
PASS native Skia catalog startup
RUN catalog route Buttons
PASS catalog route Buttons
RUN catalog route ButtonSpinner
PASS catalog route ButtonSpinner
RUN catalog route CheckBox
PASS catalog route CheckBox
RUN catalog route ColorPicker
PASS catalog route ColorPicker
RUN catalog route ComboBox
PASS catalog route ComboBox
RUN catalog route NumericUpDown
PASS catalog route NumericUpDown
RUN catalog route RadioButton
PASS catalog route RadioButton
RUN catalog route Slider
PASS catalog route Slider
RUN catalog route ToggleSwitch
PASS catalog route ToggleSwitch
RUN catalog route AutoCompleteBox
PASS catalog route AutoCompleteBox
RUN catalog route Label
PASS catalog route Label
RUN catalog route TextBox
PASS catalog route TextBox
RUN catalog route TextBlock
PASS catalog route TextBlock
RUN catalog route Carousel
PASS catalog route Carousel
RUN catalog route ListBox
PASS catalog route ListBox
RUN catalog route PipsPager
PASS catalog route PipsPager
RUN catalog route RefreshContainer
PASS catalog route RefreshContainer
RUN catalog route TableView
PASS catalog route TableView
RUN catalog route TreeView
PASS catalog route TreeView
RUN catalog route Calendar
PASS catalog route Calendar
RUN catalog route CalendarDatePicker
PASS catalog route CalendarDatePicker
RUN catalog route DateTimePicker
PASS catalog route DateTimePicker
RUN catalog route CommandBar
PASS catalog route CommandBar
RUN catalog route ContextFlyout
PASS catalog route ContextFlyout
RUN catalog route ContextMenu
PASS catalog route ContextMenu
RUN catalog route Flyouts
PASS catalog route Flyouts
RUN catalog route Menu
PASS catalog route Menu
RUN catalog route CarouselPage
PASS catalog route CarouselPage
RUN catalog route ContentPage
PASS catalog route ContentPage
RUN catalog route DrawerPage
PASS catalog route DrawerPage
RUN catalog route NavigationPage
PASS catalog route NavigationPage
RUN catalog route SplitView
PASS catalog route SplitView
RUN catalog route TabbedPage
PASS catalog route TabbedPage
RUN catalog route TabControl
PASS catalog route TabControl
RUN catalog route TabStrip
PASS catalog route TabStrip
RUN catalog route Border
PASS catalog route Border
RUN catalog route Canvas
PASS catalog route Canvas
RUN catalog route ContainerQueries
PASS catalog route ContainerQueries
RUN catalog route Expander
PASS catalog route Expander
RUN catalog route FlexPanel
PASS catalog route FlexPanel
RUN catalog route HeaderedContentControl
PASS catalog route HeaderedContentControl
RUN catalog route LayoutTransformControl
PASS catalog route LayoutTransformControl
RUN catalog route RelativePanel
PASS catalog route RelativePanel
RUN catalog route ScrollViewer
PASS catalog route ScrollViewer
RUN catalog route Viewbox
PASS catalog route Viewbox
RUN catalog route WrapPanel
PASS catalog route WrapPanel
RUN catalog route Acrylic
PASS catalog route Acrylic
RUN catalog route BitmapCache
PASS catalog route BitmapCache
RUN catalog route Composition
PASS catalog route Composition
RUN catalog route CustomDrawing
PASS catalog route CustomDrawing
RUN catalog route Image
PASS catalog route Image
RUN catalog route OpenGL
PASS catalog route OpenGL
RUN catalog route OpenGLLease
PASS catalog route OpenGLLease
RUN catalog route OpenGLInterop
PASS catalog route OpenGLInterop
RUN catalog route TransitioningContentControl
PASS catalog route TransitioningContentControl
RUN catalog route AdornerLayer
PASS catalog route AdornerLayer
RUN catalog route DataValidation
PASS catalog route DataValidation
RUN catalog route Dialogs
PASS catalog route Dialogs
RUN catalog route Notifications
PASS catalog route Notifications
RUN catalog route ProgressBar
PASS catalog route ProgressBar
RUN catalog route ToolTip
PASS catalog route ToolTip
RUN catalog route Accelerator
PASS catalog route Accelerator
RUN catalog route Clipboard
PASS catalog route Clipboard
RUN catalog route Cursor
PASS catalog route Cursor
RUN catalog route DragDrop
PASS catalog route DragDrop
RUN catalog route Focus
PASS catalog route Focus
RUN catalog route Gestures
PASS catalog route Gestures
RUN catalog route Pointers
PASS catalog route Pointers
RUN catalog route NativeEmbed
PASS catalog route NativeEmbed
RUN catalog route PlatformInformation
PASS catalog route PlatformInformation
RUN catalog route PlatformSettings
PASS catalog route PlatformSettings
RUN catalog route Screens
PASS catalog route Screens
RUN catalog route ThemeVariants
PASS catalog route ThemeVariants
RUN catalog route WindowCustomizations
PASS catalog route WindowCustomizations
RUN pointer clicks execute genuine ReactiveWeb commands and update binding
PASS pointer clicks execute genuine ReactiveWeb commands and update binding
RUN browser textarea input, selection and two-way ReactiveWeb binding
PASS browser textarea input, selection and two-way ReactiveWeb binding
RUN pointer slider updates progress and numeric binding
PASS pointer slider updates progress and numeric binding
RUN 10,000-item ListBox keyboard selection and bounded realization
PASS 10,000-item ListBox keyboard selection and bounded realization
RUN retained ComboBox popup selection and dismissal
PASS retained ComboBox popup selection and dismissal
RUN calendar native painting and keyboard date navigation
PASS calendar native painting and keyboard date navigation
RUN TableView header sorting and pointer row selection
PASS TableView header sorting and pointer row selection
RUN flyout light dismissal releases retained popup
PASS flyout light dismissal releases retained popup
RUN theme change propagates dynamic resources
PASS theme change propagates dynamic resources
RUN live XAML compiler produces and instantiates a changed view
PASS live XAML compiler produces and instantiates a changed view
RUN NavigationPage push and pop retain correct stack
PASS NavigationPage push and pop retain correct stack
RUN trusted click opens a real browser window with its own Skia surface
PASS trusted click opens a real browser window with its own Skia surface
RUN browser modal owner disabling and result delivery
PASS browser modal owner disabling and result delivery
RUN RxJS-debounced catalog navigation filter
PASS RxJS-debounced catalog navigation filter
RUN container query style activation and removal through real slider input
PASS container query style activation and removal through real slider input
RUN native visual bitmap cache reuse and geometry invalidation
PASS native visual bitmap cache reuse and geometry invalidation
RUN acrylic native rendering and live material property invalidation
PASS acrylic native rendering and live material property invalidation
RUN composition clocks, expression animation, cancellation and route disposal
PASS composition clocks, expression animation, cancellation and route disposal
RUN native HTML input binding, focus traversal, clipping and deterministic removal
PASS native HTML input binding, focus traversal, clipping and deterministic removal
RUN browser editing preserves emoji ZWJ and combining grapheme boundaries
PASS browser editing preserves emoji ZWJ and combining grapheme boundaries
RUN browser composition-event bridge groups preedit into one undo transaction (synthetic IME)
PASS browser composition-event bridge groups preedit into one undo transaction (synthetic IME)
RUN read-only TableView realizes bounded real row and cell controls
PASS read-only TableView realizes bounded real row and cell controls
RUN CDP two-contact touch input drives pinch scale and releases capture
PASS CDP two-contact touch input drives pinch scale and releases capture
RUN CDP touch drag scrolls real ScrollViewer without clicking child buttons
PASS CDP touch drag scrolls real ScrollViewer without clicking child buttons
RUN CDP simultaneous contacts preserve independent button press and release
PASS CDP simultaneous contacts preserve independent button press and release
RUN CDP touch cancellation clears capture and pressed state without activation
PASS CDP touch cancellation clears capture and pressed state without activation
RUN real WebGL2 shader pixels transfer into native Skia
PASS real WebGL2 shader pixels transfer into native Skia
RUN WebGL leases restore state and reject simultaneous ownership
PASS WebGL leases restore state and reject simultaneous ownership
RUN WebGL context loss, restoration and disposal lifecycle
PASS WebGL context loss, restoration and disposal lifecycle
RUN Chromium accessibility tree exposes table hierarchy and actual grid cells
PASS Chromium accessibility tree exposes table hierarchy and actual grid cells
RUN accessibility activation respects enabled state and disposes old page nodes
PASS accessibility activation respects enabled state and disposes old page nodes
RUN automation password mirrors withhold values and preserve explicit accessible names
PASS automation password mirrors withhold values and preserve explicit accessible names
RUN focused password editing uses a protected native input and clears inactive buffers
PASS focused password editing uses a protected native input and clears inactive buffers
RUN navigation disposes prior page tree and leaves no popups
PASS navigation disposes prior page tree and leaves no popups
RUN no JavaScript page errors
PASS no JavaScript page errors
RUN no missing local assets
PASS no missing local assets
RUN no rendering errors during catalog sweep
PASS no rendering errors during catalog sweep
FINALIZE home
FINALIZE screenshot
FINALIZE dispose
FINALIZE context
FINALIZE browser
{"passed": 112, "failed": 0, "skipped": 0, "elapsedSeconds": 41.1}
PASS fractional origin / italic overhang / 1x 
PASS combining marks and browser shaping / 1x 
PASS letter spacing / 1x 
PASS fractional origin / italic overhang / 1.25x 
PASS combining marks and browser shaping / 1.25x 
PASS letter spacing / 1.25x 
PASS fractional origin / italic overhang / 1.5x 
PASS combining marks and browser shaping / 1.5x 
PASS letter spacing / 1.5x 
PASS fractional origin / italic overhang / 2x 
PASS combining marks and browser shaping / 2x 
PASS letter spacing / 2x 
PASS fractional origin / italic overhang / 3x 
PASS combining marks and browser shaping / 3x 
PASS letter spacing / 3x 
PASS nonuniform device scale preserves separate horizontal and vertical resolution 
PASS long shaped line crosses many independently cached tile boundaries 
PASS deep horizontal scrolling preserves phase and skips offscreen tile planning 
PASS 10000-line document paints only visible lines after deep vertical scrolling 
PASS ink-aware line culling preserves combining marks above their line boxes 
PASS overlapping combining marks retain isolated RGBA composition #335bb5 
PASS overlapping combining marks retain isolated RGBA composition rgba(51,91,181,0.5) 
PASS caret remains pixel-aligned and one nominal DIP / 1x 
PASS caret remains pixel-aligned and one nominal DIP / 1.25x 
PASS caret remains pixel-aligned and one nominal DIP / 1.5x 
PASS caret remains pixel-aligned and one nominal DIP / 2x 
PASS caret remains pixel-aligned and one nominal DIP / 3x 
PASS offscreen portions do not rasterize or upload 
PASS 1000 warm TextBlock redraws do not build layouts, rasterize, upload or measure 
{"Passed": 29, "Failed": 0, "PageErrors": [], "MissingAssets": []}
PASS ScrollViewer thumb receives actual mouse drag without selecting or clicking content
PASS ListBox thumb receives actual mouse drag without selecting or clicking content
PASS TreeView thumb receives actual mouse drag without selecting or clicking content
PASS TableView thumb receives actual mouse drag without selecting or clicking content
PASS TextBox thumb receives actual mouse drag without selecting or clicking content
PASS ScrollViewer horizontal thumb pans content and retains header/editor state
PASS ListBox horizontal thumb pans content and retains header/editor state
PASS TableView horizontal thumb pans content and retains header/editor state
PASS TextBox horizontal thumb pans content and retains header/editor state
PASS capture continues outside viewport and releases at the maximum
PASS track click advances one viewport instead of teleporting the thumb
PASS deferred drag previews only the thumb and commits on release
PASS DOM wheel pixels and Shift-wheel horizontal scrolling retain exact deltas
PASS wheel over either scrollbar uses the same pixel units as its content
PASS mouse scrollbar focus and accessibility range keyboard commands scroll the host
PASS Hidden still scrolls while Disabled rejects wheel input and clears offset
PASS editor content shrink clamps offsets and removes obsolete tracks
PASS disabling the scroll host during drag releases capture safely
PASS compact overlay thumb stays interactive above a full-size Button
PASS browser accessibility projection exposes a live scrollbar range
{"passed": 20, "failed": 0, "pageErrors": [], "missingAssets": [], "completed": true}
PASS ScrollViewer thumb receives actual mouse drag without selecting or clicking content
PASS ListBox thumb receives actual mouse drag without selecting or clicking content
PASS TreeView thumb receives actual mouse drag without selecting or clicking content
PASS TableView thumb receives actual mouse drag without selecting or clicking content
PASS TextBox thumb receives actual mouse drag without selecting or clicking content
PASS ScrollViewer horizontal thumb pans content and retains header/editor state
PASS ListBox horizontal thumb pans content and retains header/editor state
PASS TableView horizontal thumb pans content and retains header/editor state
PASS TextBox horizontal thumb pans content and retains header/editor state
PASS capture continues outside viewport and releases at the maximum
PASS track click advances one viewport instead of teleporting the thumb
PASS deferred drag previews only the thumb and commits on release
PASS DOM wheel pixels and Shift-wheel horizontal scrolling retain exact deltas
PASS wheel over either scrollbar uses the same pixel units as its content
PASS mouse scrollbar focus and accessibility range keyboard commands scroll the host
PASS Hidden still scrolls while Disabled rejects wheel input and clears offset
PASS editor content shrink clamps offsets and removes obsolete tracks
PASS disabling the scroll host during drag releases capture safely
PASS compact overlay thumb stays interactive above a full-size Button
PASS browser accessibility projection exposes a live scrollbar range
{"passed": 20, "failed": 0, "pageErrors": [], "missingAssets": [], "completed": true}
PASS warm paint does not rebuild or mutate accessibility DOM
PASS detached LabeledBy updates its consumer and releases replaced dependencies
PASS transitive and cyclic label relationships converge without stale names
PASS Control-valued content label remains live without replacing the button node
PASS visibility removes and restores complete automation subtrees
PASS raw nodes flatten descendants and preserve reorder identity
PASS command availability and parameter changes update aria-disabled
PASS inherited disabling refreshes descendant semantics
PASS focus projects editor semantics and transfers ownership between parents
PASS password conversion clears mirrored values and native plain-text buffers
PASS recycled table rows retain accessibility nodes with updated content
PASS explicit rendering consumes scheduled callbacks and settled UI stays idle
{"Passed": 12, "Failed": 0, "Completed": true, "PageErrors": [], "MissingAssets": []}
PASS source module startup, nonblank TableView and restart render-worker
PASS source module startup, nonblank TableView and restart full-isolation
PASS dist module startup, nonblank TableView and restart render-worker
PASS dist module startup, nonblank TableView and restart full-isolation
PASS nested module startup, nonblank TableView and restart render-worker
PASS nested module startup, nonblank TableView and restart full-isolation
PASS delayed top-level-await dependency render-worker
PASS automatic backend selection render-worker
PASS fail fast and release workers: render-worker/loader
PASS fail fast and release workers: render-worker/graph
PASS fail fast and release workers: render-worker/pending
PASS delayed top-level-await dependency full-isolation
PASS automatic backend selection full-isolation
PASS fail fast and release workers: full-isolation/loader
PASS fail fast and release workers: full-isolation/graph
PASS fail fast and release workers: full-isolation/pending
PASS invalid isolated application import releases both workers
{
  "Passed": 17,
  "Failed": 0,
  "Errors": [],
  "MissingAssets": [],
  "BlockedByBrowserPolicy": false
}
PASS source HTTP render-worker
PASS source HTTP full-isolation
PASS dist HTTP render-worker
PASS dist HTTP full-isolation
{
  "Passed": 4,
  "Failed": 0,
  "Errors": [],
  "MissingAssets": [],
  "BlockedByBrowserPolicy": false
}
PASS default 
PASS single 
PASS render-worker 
PASS full-isolation 
{"Variant": "optimized", "Trial": 0, "Passed": true, "ReadyMilliseconds": 884.3832949999637, "Requests": 306, "WasmRequests": 1, "AotBuilderRequests": 1, "MainResources": 22, "Browser": "143.0.7499.4", "PngBytes": 253250, "Errors": []}
{"Variant": "optimized", "Trial": 1, "Passed": true, "ReadyMilliseconds": 881.3605590000293, "Requests": 306, "WasmRequests": 1, "AotBuilderRequests": 1, "MainResources": 22, "Browser": "143.0.7499.4", "PngBytes": 253250, "Errors": []}
{"Variant": "optimized", "Trial": 2, "Passed": true, "ReadyMilliseconds": 849.8709859999849, "Requests": 306, "WasmRequests": 1, "AotBuilderRequests": 1, "MainResources": 22, "Browser": "143.0.7499.4", "PngBytes": 253250, "Errors": []}
PASS render-worker actual worker ownership
PASS full-isolation actual worker ownership
PASS single navigate TableView
PASS render-worker navigate TableView
PASS full-isolation navigate TableView
/home/runner/work/Weblonia/Weblonia/tests/threading-browser.py:59: DeprecationWarning: Image.Image.getdata is deprecated and will be removed in Pillow 14 (2027-10-15). Use get_flattened_data instead.
  actual=pixels(pages[mode],mode).crop((0,0,1200,865));diff=ImageChops.difference(reference,actual);maximum=max(v[1]for v in diff.getextrema());changed=sum(1 for px in diff.getdata()if max(px)>2)
PASS render-worker RGBA TableView
PASS full-isolation RGBA TableView
PASS single navigate TextBlock
PASS render-worker navigate TextBlock
PASS full-isolation navigate TextBlock
PASS render-worker RGBA TextBlock
PASS full-isolation RGBA TextBlock
PASS single navigate ScrollViewer
PASS render-worker navigate ScrollViewer
PASS full-isolation navigate ScrollViewer
PASS render-worker RGBA ScrollViewer
PASS full-isolation RGBA ScrollViewer
PASS single navigate Image
PASS render-worker navigate Image
PASS full-isolation navigate Image
PASS render-worker RGBA Image
PASS full-isolation RGBA Image
PASS single navigate Acrylic
PASS render-worker navigate Acrylic
PASS full-isolation navigate Acrylic
PASS render-worker RGBA Acrylic
PASS full-isolation RGBA Acrylic
PASS single navigate Composition
PASS render-worker navigate Composition
PASS full-isolation navigate Composition
PASS render-worker RGBA Composition
PASS full-isolation RGBA Composition
PASS single navigate BitmapCache
PASS render-worker navigate BitmapCache
PASS full-isolation navigate BitmapCache
PASS render-worker RGBA BitmapCache
PASS full-isolation RGBA BitmapCache
PASS three threads: animation continues through UI stall
PASS three threads: control query
{
  "Passed": 39,
  "Failed": 0,
  "Errors": [],
  "Missing": []
}
PASS isolated native text editing and grapheme-safe backward deletion
PASS focused edit switches to password without plaintext semantic exposure
PASS render clock and animation advance during a confirmed UI-worker stall
PASS compositor wheel scrolling continues during UI stall and reconciles exactly once
PASS virtual table fast scrolling respects realized-content coverage
PASS three threads vertical scrollbar routes real mouse capture
PASS three threads horizontal scrollbar routes real mouse capture
PASS registered native DOM module binds to UI-worker model and cleans up
PASS isolated renderer restart replaces canvas and rebuilds identical committed pixels
PASS native editor still works after renderer restart
PASS registered custom visual executes, acknowledges bounded messages and restores durable state
PASS 200 immediate state changes coalesce without losing final values or queuing scene deltas
PASS hidden target explicit flush completes without an idle render loop
PASS host resize reaches UI layout and the worker-owned backing canvas
PASS live browser platform preferences are forwarded into the UI worker
PASS worker-owned Window opens a real browser window with its own render worker
PASS real isolated modal window blocks owner and returns its exact result
PASS repeated native-ready windows release child hosts and independent WASM deliveries
PASS failed secondary bootstrap restores modal owner and leaves the next real window usable
{
  "Passed": 19,
  "Failed": 0,
  "Errors": [],
  "MissingAssets": []
}
/home/runner/work/Weblonia/Weblonia/tests/threading-quality.py:47: DeprecationWarning: Image.Image.getdata is deprecated and will be removed in Pillow 14 (2027-10-15). Use get_flattened_data instead.
  diff=ImageChops.difference(reference,actual);maximum=max(v[1]for v in diff.getextrema());bad=sum(1 for px in diff.getdata()if max(px)>2)
PASS render-worker browser-fonts 1.25x RGBA
PASS full-isolation browser-fonts 1.25x RGBA
PASS render-worker scrolled-editor 1.25x RGBA
PASS full-isolation scrolled-editor 1.25x RGBA
PASS render-worker native-fonts 1.25x RGBA
PASS full-isolation native-fonts 1.25x RGBA
PASS render-worker browser-fonts 2x RGBA
PASS full-isolation browser-fonts 2x RGBA
PASS render-worker scrolled-editor 2x RGBA
PASS full-isolation scrolled-editor 2x RGBA
PASS render-worker native-fonts 2x RGBA
PASS full-isolation native-fonts 2x RGBA
{
  "Passed": 12,
  "Failed": 0,
  "Errors": [],
  "MissingAssets": []
}
PASS render-worker Buttons
PASS render-worker ButtonSpinner
PASS render-worker CheckBox
PASS render-worker ColorPicker
PASS render-worker ComboBox
PASS render-worker NumericUpDown
PASS render-worker RadioButton
PASS render-worker Slider
PASS render-worker ToggleSwitch
PASS render-worker AutoCompleteBox
PASS render-worker Label
PASS render-worker TextBox
PASS render-worker TextBlock
PASS render-worker Carousel
PASS render-worker ListBox
PASS render-worker PipsPager
PASS render-worker RefreshContainer
PASS render-worker TableView
PASS render-worker TreeView
PASS render-worker Calendar
PASS render-worker CalendarDatePicker
PASS render-worker DateTimePicker
PASS render-worker CommandBar
PASS render-worker ContextFlyout
PASS render-worker ContextMenu
PASS render-worker Flyouts
PASS render-worker Menu
PASS render-worker CarouselPage
PASS render-worker ContentPage
PASS render-worker DrawerPage
PASS render-worker NavigationPage
PASS render-worker SplitView
PASS render-worker TabbedPage
PASS render-worker TabControl
PASS render-worker TabStrip
PASS render-worker Border
PASS render-worker Canvas
PASS render-worker ContainerQueries
PASS render-worker Expander
PASS render-worker FlexPanel
PASS render-worker HeaderedContentControl
PASS render-worker LayoutTransformControl
PASS render-worker RelativePanel
PASS render-worker ScrollViewer
PASS render-worker Viewbox
PASS render-worker WrapPanel
PASS render-worker Acrylic
PASS render-worker BitmapCache
PASS render-worker Composition
PASS render-worker CustomDrawing
PASS render-worker Image
PASS render-worker OpenGL
PASS render-worker OpenGLLease
PASS render-worker OpenGLInterop
PASS render-worker TransitioningContentControl
PASS render-worker AdornerLayer
PASS render-worker DataValidation
PASS render-worker Dialogs
PASS render-worker Notifications
PASS render-worker ProgressBar
PASS render-worker ToolTip
PASS render-worker Accelerator
PASS render-worker Clipboard
PASS render-worker Cursor
PASS render-worker DragDrop
PASS render-worker Focus
PASS render-worker Gestures
PASS render-worker Pointers
PASS render-worker NativeEmbed
PASS render-worker PlatformInformation
PASS render-worker PlatformSettings
PASS render-worker Screens
PASS render-worker ThemeVariants
PASS render-worker WindowCustomizations
PASS full-isolation Buttons
PASS full-isolation ButtonSpinner
PASS full-isolation CheckBox
PASS full-isolation ColorPicker
PASS full-isolation ComboBox
PASS full-isolation NumericUpDown
PASS full-isolation RadioButton
PASS full-isolation Slider
PASS full-isolation ToggleSwitch
PASS full-isolation AutoCompleteBox
PASS full-isolation Label
PASS full-isolation TextBox
PASS full-isolation TextBlock
PASS full-isolation Carousel
PASS full-isolation ListBox
PASS full-isolation PipsPager
PASS full-isolation RefreshContainer
PASS full-isolation TableView
PASS full-isolation TreeView
PASS full-isolation Calendar
PASS full-isolation CalendarDatePicker
PASS full-isolation DateTimePicker
PASS full-isolation CommandBar
PASS full-isolation ContextFlyout
PASS full-isolation ContextMenu
PASS full-isolation Flyouts
PASS full-isolation Menu
PASS full-isolation CarouselPage
PASS full-isolation ContentPage
PASS full-isolation DrawerPage
PASS full-isolation NavigationPage
PASS full-isolation SplitView
PASS full-isolation TabbedPage
PASS full-isolation TabControl
PASS full-isolation TabStrip
PASS full-isolation Border
PASS full-isolation Canvas
PASS full-isolation ContainerQueries
PASS full-isolation Expander
PASS full-isolation FlexPanel
PASS full-isolation HeaderedContentControl
PASS full-isolation LayoutTransformControl
PASS full-isolation RelativePanel
PASS full-isolation ScrollViewer
PASS full-isolation Viewbox
PASS full-isolation WrapPanel
PASS full-isolation Acrylic
PASS full-isolation BitmapCache
PASS full-isolation Composition
PASS full-isolation CustomDrawing
PASS full-isolation Image
PASS full-isolation OpenGL
PASS full-isolation OpenGLLease
PASS full-isolation OpenGLInterop
PASS full-isolation TransitioningContentControl
PASS full-isolation AdornerLayer
PASS full-isolation DataValidation
PASS full-isolation Dialogs
PASS full-isolation Notifications
PASS full-isolation ProgressBar
PASS full-isolation ToolTip
PASS full-isolation Accelerator
PASS full-isolation Clipboard
PASS full-isolation Cursor
PASS full-isolation DragDrop
PASS full-isolation Focus
PASS full-isolation Gestures
PASS full-isolation Pointers
PASS full-isolation NativeEmbed
PASS full-isolation PlatformInformation
PASS full-isolation PlatformSettings
PASS full-isolation Screens
PASS full-isolation ThemeVariants
PASS full-isolation WindowCustomizations
{
  "Passed": 148,
  "Failed": 0,
  "Errors": [],
  "MissingAssets": [],
  "OpenGlQualified": [
    {
      "Mode": "render-worker",
      "Route": "OpenGL"
    },
    {
      "Mode": "render-worker",
      "Route": "OpenGLLease"
    },
    {
      "Mode": "render-worker",
      "Route": "OpenGLInterop"
    },
    {
      "Mode": "full-isolation",
      "Route": "OpenGL"
    },
    {
      "Mode": "full-isolation",
      "Route": "OpenGLLease"
    },
    {
      "Mode": "full-isolation",
      "Route": "OpenGLInterop"
    }
  ]
}
single repaint {"Milliseconds": {"Median": 21.05, "P95": 23.3, "Min": 20, "Max": 31.4}, "LayoutMilliseconds": {"Median": 0.0, "P95": 0, "Min": 0, "Max": 0}, "RenderOrRecordMilliseconds": {"Median": 21.05, "P95": 23.3, "Min": 19.9, "Max": 31.4}, "AutomationMilliseconds": {"Median": 0.0, "P95": 0, "Min": 0, "Max": 0}, "SubmittedLatencyMilliseconds": {"Median": 21.1, "P95": 23.4, "Min": 20, "Max": 31.4}}
single vertical {"Milliseconds": {"Median": 22.5, "P95": 25.3, "Min": 22.1, "Max": 27.2}, "LayoutMilliseconds": {"Median": 1.0, "P95": 2.2, "Min": 0.8, "Max": 4.3}, "RenderOrRecordMilliseconds": {"Median": 20.2, "P95": 21.3, "Min": 19.9, "Max": 22.9}, "AutomationMilliseconds": {"Median": 0.8, "P95": 1.2, "Min": 0.7, "Max": 1.5}, "SubmittedLatencyMilliseconds": {"Median": 22.6, "P95": 25.5, "Min": 22.1, "Max": 27.3}}
single horizontal {"Milliseconds": {"Median": 19.9, "P95": 20.7, "Min": 18.6, "Max": 21.9}, "LayoutMilliseconds": {"Median": 0.2, "P95": 0.3, "Min": 0, "Max": 0.5}, "RenderOrRecordMilliseconds": {"Median": 19.6, "P95": 20.7, "Min": 18.3, "Max": 21.6}, "AutomationMilliseconds": {"Median": 0.0, "P95": 0.1, "Min": 0, "Max": 0.2}, "SubmittedLatencyMilliseconds": {"Median": 19.9, "P95": 20.7, "Min": 18.6, "Max": 21.9}}
render-worker repaint {"Milliseconds": {"Median": 0.2, "P95": 0.4, "Min": 0, "Max": 0.5}, "LayoutMilliseconds": {"Median": 0.0, "P95": 0, "Min": 0, "Max": 0}, "RenderOrRecordMilliseconds": {"Median": 0.2, "P95": 0.4, "Min": 0, "Max": 0.5}, "AutomationMilliseconds": {"Median": 0.0, "P95": 0, "Min": 0, "Max": 0}, "SubmittedLatencyMilliseconds": {"Median": 0.25, "P95": 0.5, "Min": 0, "Max": 0.5}}
render-worker vertical {"Milliseconds": {"Median": 4.4, "P95": 6.6, "Min": 3.6, "Max": 9.3}, "LayoutMilliseconds": {"Median": 1.55, "P95": 2.7, "Min": 1.1, "Max": 4}, "RenderOrRecordMilliseconds": {"Median": 1.6, "P95": 2.4, "Min": 1.4, "Max": 3.5}, "AutomationMilliseconds": {"Median": 1.1, "P95": 1.6, "Min": 0.9, "Max": 2.1}, "SubmittedLatencyMilliseconds": {"Median": 33.2, "P95": 35.1, "Min": 26.9, "Max": 42.1}}
render-worker horizontal {"Milliseconds": {"Median": 1.6, "P95": 2, "Min": 0.4, "Max": 5}, "LayoutMilliseconds": {"Median": 0.5, "P95": 0.5, "Min": 0, "Max": 0.6}, "RenderOrRecordMilliseconds": {"Median": 1.1, "P95": 1.4, "Min": 0.4, "Max": 4.4}, "AutomationMilliseconds": {"Median": 0.0, "P95": 0.1, "Min": 0, "Max": 0.2}, "SubmittedLatencyMilliseconds": {"Median": 32.95, "P95": 34.9, "Min": 0.4, "Max": 35}}
full-isolation repaint {"Milliseconds": {"Median": 0.2, "P95": 0.4, "Min": 0, "Max": 0.5}, "LayoutMilliseconds": {"Median": 0.0, "P95": 0, "Min": 0, "Max": 0}, "RenderOrRecordMilliseconds": {"Median": 0.2, "P95": 0.4, "Min": 0, "Max": 0.4}, "AutomationMilliseconds": {"Median": 0.0, "P95": 0, "Min": 0, "Max": 0}, "SubmittedLatencyMilliseconds": {"Median": 0.25, "P95": 0.4, "Min": 0.1, "Max": 0.5}}
full-isolation vertical {"Milliseconds": {"Median": 4.3, "P95": 5.9, "Min": 3.3, "Max": 10.6}, "LayoutMilliseconds": {"Median": 1.5, "P95": 2.4, "Min": 1.1, "Max": 5.2}, "RenderOrRecordMilliseconds": {"Median": 1.7, "P95": 2.4, "Min": 1.4, "Max": 3.6}, "AutomationMilliseconds": {"Median": 1.05, "P95": 1.5, "Min": 0.7, "Max": 1.8}, "SubmittedLatencyMilliseconds": {"Median": 33.3, "P95": 36.5, "Min": 28.6, "Max": 37.9}}
full-isolation horizontal {"Milliseconds": {"Median": 1.75, "P95": 2.1, "Min": 0.4, "Max": 4.4}, "LayoutMilliseconds": {"Median": 0.5, "P95": 0.7, "Min": 0, "Max": 0.8}, "RenderOrRecordMilliseconds": {"Median": 1.2, "P95": 1.5, "Min": 0.4, "Max": 3.8}, "AutomationMilliseconds": {"Median": 0.0, "P95": 0.1, "Min": 0, "Max": 0.2}, "SubmittedLatencyMilliseconds": {"Median": 32.1, "P95": 35.4, "Min": 0.4, "Max": 35.7}}
{
  "Passed": true,
  "Completed": true
}
PASS single timer-driven column width without input
PASS single header-only mouse drag updates all rows
PASS single progress advances naturally and stops without global rerecording
PASS single hidden progress resumes without input
PASS single transition intermediate and final frames without hover
PASS single overlapping transition replacement completes latest content
PASS single reentrant invalidation survives capture
PASS single cached-reentrant invalidation survives capture
PASS render-worker timer-driven column width without input
PASS render-worker header-only mouse drag updates all rows
PASS render-worker progress advances naturally and stops without global rerecording
PASS render-worker hidden progress resumes without input
PASS render-worker transition intermediate and final frames without hover
PASS render-worker overlapping transition replacement completes latest content
PASS render-worker reentrant invalidation survives capture
PASS render-worker cached-reentrant invalidation survives capture
PASS render-worker render-side custom invalidation survives render completion
PASS full-isolation timer-driven column width without input
PASS full-isolation header-only mouse drag updates all rows
PASS full-isolation progress advances naturally and stops without global rerecording
PASS full-isolation hidden progress resumes without input
PASS full-isolation transition intermediate and final frames without hover
PASS full-isolation overlapping transition replacement completes latest content
PASS full-isolation reentrant invalidation survives capture
PASS full-isolation cached-reentrant invalidation survives capture
PASS full-isolation render-side custom invalidation survives render completion
{
  "Passed": 26,
  "Failed": 0,
  "Errors": [],
  "MissingAssets": []
}
PASS vertical completes without render error
PASS horizontal completes without render error
PASS UTF8 references exceed fresh encodes
PASS placement changes use sparse patches
PASS identical text resources are interned
PASS server validation reuses immutable reference summaries
PASS exact identity transforms skip native canvas operations
PASS transport retains one in-flight batch and a bounded transfer pool
PASS 100 warm repaint requests create no new packets or string encodes
{
  "Completed": true,
  "Passed": 9,
  "Failed": 0,
  "Errors": [],
  "MissingAssets": []
}
PASS single 
PASS render-worker 
PASS full-isolation 
PASS single 
PASS render-worker 
PASS full-isolation 
STAGE single False navigation
STAGE single False mount
STAGE single False presented pixels
STAGE single False command
STAGE single False presented pixels
STAGE single False command
STAGE single False dispose
PASS single False 
STAGE single True navigation
STAGE single True mount
STAGE single True presented pixels
STAGE single True command
STAGE single True presented pixels
STAGE single True command
STAGE single True dispose
PASS single True 
STAGE render-worker False navigation
STAGE render-worker False mount
STAGE render-worker False presented pixels
STAGE render-worker False command
STAGE render-worker False presented pixels
STAGE render-worker False command
STAGE render-worker False restart
STAGE render-worker False presented pixels
STAGE render-worker False dispose
PASS render-worker False 
STAGE render-worker True navigation
STAGE render-worker True mount
STAGE render-worker True presented pixels
STAGE render-worker True command
STAGE render-worker True presented pixels
STAGE render-worker True command
STAGE render-worker True restart
STAGE render-worker True presented pixels
STAGE render-worker True dispose
PASS render-worker True 
STAGE full-isolation False navigation
STAGE full-isolation False mount
STAGE full-isolation False presented pixels
STAGE full-isolation False command
STAGE full-isolation False presented pixels
STAGE full-isolation False command
STAGE full-isolation False restart
STAGE full-isolation False presented pixels
STAGE full-isolation False dispose
PASS full-isolation False 
STAGE full-isolation True navigation
STAGE full-isolation True mount
STAGE full-isolation True presented pixels
STAGE full-isolation True command
STAGE full-isolation True presented pixels
STAGE full-isolation True command
STAGE full-isolation True restart
STAGE full-isolation True presented pixels
STAGE full-isolation True dispose
PASS full-isolation True 
STAGE HTTP server shutdown
PASS single False 
PASS single True 
PASS render-worker False 
PASS render-worker True 
PASS full-isolation False 
PASS full-isolation True 
PASS single False 
PASS single True 
PASS render-worker False 
PASS render-worker True 
PASS full-isolation False 
PASS full-isolation True 
PASS single False 
PASS single True 
PASS render-worker False 
PASS render-worker True 
PASS full-isolation False 
PASS full-isolation True 
STAGE single False navigate
PASS single False 
STAGE single True navigate
PASS single True 
STAGE render-worker False navigate
PASS render-worker False 
STAGE render-worker True navigate
PASS render-worker True 
STAGE full-isolation False navigate
PASS full-isolation False 
STAGE full-isolation True navigate
PASS full-isolation True 

> avaloniaweb-workspace@0.6.2-alpha.1 verify:release
> node scripts/verify-release.mjs

{"Version":"0.6.2-alpha.1","SourceFingerprint":"75e6f652a5c22cf4e0694aea4e15f4260b762489c7abe2da69e26c558e5e9b6d","Node":1105,"Browser":112,"Scrollbars":[[1,20],[1.25,20]],"Text":29,"Packages":18,"Threading":{"Browser":39,"Integration":19,"Quality":12,"Catalog":148}}

> avaloniaweb-workspace@0.6.2-alpha.1 benchmark
> node --import ./scripts/register-loader.mjs scripts/benchmark.mjs artifacts/benchmark-current.json

